g P_Cross_PlusUp_B
v 0.039210137 -0.367016464 -0.500001311
v -0.0392101556 -0.367041171 -0.21875146
v 0.0392101333 -0.367041171 -0.21875146
v -0.0392100103 -0.367016464 -0.500000775
v -0.0856162608 -0.320634693 -0.218751937
v -0.0856162608 -0.320609957 -0.500001252
v 0.0856171772 -0.320610374 -0.500000775
v 0.039210137 -0.367016464 -0.500001311
v 0.0392101333 -0.367041171 -0.21875146
v 0.0856171623 -0.320634991 -0.218750954
v 0.0856170356 -0.242189214 -0.500000179
v 0.0856171772 -0.320610374 -0.500000775
v 0.0856171623 -0.320634991 -0.218750954
v 0.0856170356 -0.24221386 -0.218750417
v 0.0392107964 -0.195783034 -0.500000179
v 0.0856170356 -0.242189214 -0.500000179
v 0.0856170356 -0.24221386 -0.218750417
v 0.0392107964 -0.195807725 -0.218750417
v -0.0392101556 -0.195783034 -0.500000179
v -0.0392103009 -0.195807725 -0.218750954
v -0.0856165141 -0.242189363 -0.500000775
v -0.085616529 -0.242214009 -0.21875146
v -0.0856162608 -0.320609957 -0.500001252
v -0.0856165141 -0.242189363 -0.500000775
v -0.085616529 -0.242214009 -0.21875146
v -0.0856162608 -0.320634693 -0.218751937
v 0.039210476 -0.366866529 0.499999076
v 0.0392106809 -0.366891086 0.218748972
v -0.0392101407 -0.366891176 0.218748465
v -0.0392103456 -0.366866678 0.499998659
v -0.0856159776 -0.320484877 0.218748465
v -0.0856164545 -0.32046026 0.499998659
v 0.0856165737 -0.32046032 0.499999136
v 0.0856167898 -0.320484906 0.218748942
v 0.0392106809 -0.366891086 0.218748972
v 0.039210476 -0.366866529 0.499999076
v 0.0856167227 -0.242039219 0.499998659
v 0.0856169239 -0.242063805 0.218748465
v 0.0856167898 -0.320484906 0.218748942
v 0.0856165737 -0.32046032 0.499999136
v 0.0392107405 -0.195632994 0.499998033
v 0.0856169239 -0.242063805 0.218748465
v 0.0856167227 -0.242039219 0.499998659
v 0.0392109416 -0.195657611 0.218747899
v -0.0392104685 -0.195632994 0.499998629
v -0.0392102748 -0.195657611 0.218748465
v -0.0856164545 -0.242039561 0.499998629
v -0.0856159776 -0.242064148 0.218748465
v -0.0856164545 -0.32046026 0.499998659
v -0.0856159776 -0.320484877 0.218748465
v -0.0856159776 -0.242064148 0.218748465
v -0.0856164545 -0.242039561 0.499998629
v -0.499999762 -0.367016464 -0.039210692
v -0.21875 -0.367041171 0.0392095186
v -0.21875 -0.367041171 -0.039210692
v -0.499999255 -0.367016464 0.0392094217
v -0.218750492 -0.320634693 0.0856156126
v -0.499999762 -0.320609957 0.0856156126
v -0.499999255 -0.320610344 -0.0856177881
v -0.499999762 -0.367016464 -0.039210692
v -0.21875 -0.367041171 -0.039210692
v -0.218749464 -0.320634991 -0.0856177285
v -0.499998719 -0.242189214 -0.0856176913
v -0.499999255 -0.320610344 -0.0856177881
v -0.218749464 -0.320634991 -0.0856177285
v -0.218748927 -0.24221383 -0.0856176391
v -0.499998719 -0.195783034 -0.0392114632
v -0.499998719 -0.242189214 -0.0856176913
v -0.218748927 -0.24221383 -0.0856176391
v -0.218748927 -0.195807725 -0.0392114632
v -0.499998719 -0.195783034 0.039209526
v -0.218749464 -0.195807725 0.039209716
v -0.499999255 -0.242189348 0.0856158882
v -0.21875 -0.242213994 0.0856159925
v -0.499999762 -0.320609957 0.0856156126
v -0.499999255 -0.242189348 0.0856158882
v -0.21875 -0.242213994 0.0856159925
v -0.218750492 -0.320634693 0.0856156126
v 0.500000715 -0.366866499 -0.0392111689
v 0.218750417 -0.366891056 -0.0392113663
v 0.218749881 -0.366891176 0.0392094217
v 0.500000119 -0.366866648 0.0392097272
v 0.218749881 -0.320484877 0.085615404
v 0.500000119 -0.32046026 0.0856158063
v 0.500000715 -0.32046032 -0.0856172517
v 0.218750417 -0.320484966 -0.0856174454
v 0.218750417 -0.366891056 -0.0392113663
v 0.500000715 -0.366866499 -0.0392111689
v 0.500000119 -0.242039219 -0.0856173486
v 0.218749881 -0.242063805 -0.0856175423
v 0.218750417 -0.320484966 -0.0856174454
v 0.500000715 -0.32046032 -0.0856172517
v 0.499999613 -0.195632994 -0.0392114632
v 0.218749881 -0.242063805 -0.0856175423
v 0.500000119 -0.242039219 -0.0856173486
v 0.218749389 -0.195657611 -0.0392116569
v 0.500000119 -0.195632994 0.039209716
v 0.218749881 -0.195657611 0.039209526
v 0.500000119 -0.242039561 0.0856157988
v 0.218749881 -0.242064148 0.085615404
v 0.500000119 -0.32046026 0.0856158063
v 0.218749881 -0.320484877 0.085615404
v 0.218749881 -0.242064148 0.085615404
v 0.500000119 -0.242039561 0.0856157988
v 0.0852342397 0.500000358 -0.0392111763
v 0.0852588043 -0.0628826916 -0.0392113663
v 0.0852589384 -0.0628832206 0.0392094254
v 0.0852343738 0.499999911 0.039209716
v 0.038852606 -0.0628832206 0.0856154114
v 0.0388280004 0.499999911 0.0856157988
v 0.0388280675 0.500000358 -0.0856172517
v 0.038852673 -0.0628826916 -0.0856174454
v 0.0852588043 -0.0628826916 -0.0392113663
v 0.0852342397 0.500000358 -0.0392111763
v -0.0395930521 0.499999911 -0.0856173486
v -0.0395684429 -0.0628832206 -0.0856175423
v 0.038852673 -0.0628826916 -0.0856174454
v 0.0388280675 0.500000358 -0.0856172517
v -0.0859992355 0.499999374 -0.0392114632
v -0.0395684429 -0.0628832206 -0.0856175423
v -0.0395930521 0.499999911 -0.0856173486
v -0.0859746411 -0.0628837422 -0.0392116569
v -0.0859992355 0.499999911 0.039209716
v -0.0859746411 -0.0628832206 0.0392095223
v -0.0395927131 0.499999911 0.0856157988
v -0.0395681001 -0.0628832206 0.0856154114
v 0.0388280004 0.499999911 0.0856157988
v 0.038852606 -0.0628832206 0.0856154114
v -0.0395681001 -0.0628832206 0.0856154114
v -0.0395927131 0.499999911 0.0856157988
v -0.094648242 -0.220954433 -0.08939372
v -0.172983781 -0.342097312 -0.0895193815
v -0.094648242 -0.342036903 -0.08939372
v -0.172983781 -0.220864594 -0.0895193815
v -0.094648242 -0.192086324 -0.0605258606
v -0.172983781 -0.191960707 -0.060615778
v -0.094648242 -0.192086324 0.0605569631
v -0.172983781 -0.191960707 0.0606172271
v -0.172983781 -0.220864594 0.0895209983
v -0.094648242 -0.220954433 0.0894249678
v -0.094648242 -0.342036903 0.0894249678
v -0.172983781 -0.342097282 0.0895209834
v -0.094648242 -0.370905042 0.0605569631
v -0.172983781 -0.371001124 0.0606172346
v -0.094648242 -0.370905042 -0.0605258532
v -0.172983781 -0.371001124 -0.060615778
v -0.094648242 -0.342036903 -0.08939372
v -0.172983781 -0.342097312 -0.0895193815
v -0.06054141 -0.192086175 0.0950464234
v -0.0894096047 -0.220954314 0.0950464308
v -0.0819170326 -0.199578583 0.0819324926
v -0.094648242 -0.220954314 0.0894248635
v -0.094648242 -0.19208619 0.06055687
v -0.0894096047 -0.187088624 0.06055687
v -0.06054141 -0.187088594 0.0894248635
v -0.06054141 -0.192086175 0.0950464234
v 0.0605411194 -0.376645714 -0.0893939063
v 0.0605411194 -0.376645893 -0.0893939063
v 0.0894091204 -0.376645774 -0.0605258532
v 0.0819169432 -0.363412619 -0.0819015354
v 0.0605411194 -0.370904922 -0.0942664295
v 0.0946479514 -0.370904922 -0.0605258532
v 0.0894091204 -0.342036843 -0.0942664295
v 0.0946479514 -0.342036903 -0.0893939063
v -0.0894096047 -0.376645774 0.06055687
v -0.0894096047 -0.376645774 -0.0605258532
v -0.094648242 -0.370904922 -0.0605258532
v -0.094648242 -0.370904922 0.06055687
v -0.06054141 -0.376645714 -0.0893939063
v 0.0605411194 -0.376645714 -0.0893939063
v 0.0605411194 -0.370904922 -0.0942664295
v -0.06054141 -0.370904922 -0.0942664295
v 0.0894091204 -0.376645774 -0.0605258532
v 0.0894091204 -0.376645774 0.06055687
v 0.0946479514 -0.370904922 0.06055687
v 0.0946479514 -0.370904922 -0.0605258532
v 0.0605411194 -0.376645774 0.0894248784
v -0.06054141 -0.376645774 0.0894248784
v -0.06054141 -0.370904922 0.0950464234
v 0.0605411194 -0.370904922 0.0950464234
v -0.06054141 -0.187088594 0.0894248635
v 0.0605411194 -0.187088594 0.0894248635
v 0.0605411194 -0.192086175 0.0950464234
v -0.06054141 -0.192086175 0.0950464234
v 0.0894091204 -0.187088624 0.06055687
v 0.0894091204 -0.187088624 -0.0605258606
v 0.0946467966 -0.192086324 -0.0605258606
v 0.0946467966 -0.192086324 0.06055687
v 0.0605411194 -0.187088624 -0.0893939063
v -0.06054141 -0.187088624 -0.0893939063
v -0.06054141 -0.19208619 -0.0942664295
v 0.0605411194 -0.19208619 -0.0942664295
v -0.0894096047 -0.187088624 -0.0605258606
v -0.0894096047 -0.187088624 0.06055687
v -0.094648242 -0.19208619 0.06055687
v -0.094648242 -0.19208619 -0.0605258606
v 0.0946479514 -0.220954314 0.0894248635
v 0.0946479514 -0.342036903 0.0894248784
v 0.0894091204 -0.342036903 0.0950464234
v 0.0894091204 -0.220954314 0.0950464308
v -0.094648242 -0.342036903 0.0894248784
v -0.094648242 -0.220954314 0.0894248635
v -0.0894096047 -0.220954314 0.0950464308
v -0.0894096047 -0.342036903 0.0950464234
v 0.0946479514 -0.342036903 -0.0893939063
v 0.0946479514 -0.220954314 -0.0893939063
v 0.0894091204 -0.220954344 -0.0942663327
v 0.0894091204 -0.342036843 -0.0942664295
v -0.094648242 -0.220954314 -0.0893939063
v -0.094648242 -0.342036903 -0.0893939063
v -0.0894096047 -0.342036843 -0.0942664295
v -0.0894096047 -0.220954314 -0.0942664295
v -0.185942277 -0.230901346 -0.101753578
v -0.216765404 -0.331636429 -0.100900963
v -0.185942277 -0.332060575 -0.101753578
v -0.216765404 -0.231324673 -0.100900963
v -0.185942277 -0.179726571 -0.0505789854
v -0.216765404 -0.180578634 -0.0501548834
v -0.185942277 -0.179726571 0.0505805388
v -0.216765404 -0.180578634 0.0501567274
v -0.185942277 -0.230901346 0.101755217
v -0.216765404 -0.231324673 0.100902848
v -0.185942277 -0.332060575 0.101755217
v -0.216765404 -0.331636369 0.10090284
v -0.185942277 -0.383235365 0.0505805388
v -0.216765404 -0.382382423 0.0501567274
v -0.185942277 -0.383235365 -0.0505789854
v -0.216765404 -0.382382423 -0.0501548834
v -0.185942277 -0.332060575 -0.101753578
v -0.216765404 -0.331636429 -0.100900963
v 0.0605411194 -0.187088698 -0.0893941596
v -0.0606164075 -0.108757071 -0.0895193815
v -0.06054141 -0.187088698 -0.0893941596
v 0.0606163107 -0.108757071 -0.0895193815
v 0.0894091204 -0.187088698 -0.0605261512
v 0.0895197764 -0.108757071 -0.060615778
v 0.0894091204 -0.187088698 0.0605564788
v 0.0895197764 -0.108757071 0.0606172271
v 0.0606163107 -0.108757071 0.0895209834
v 0.0605411194 -0.187088698 0.0894244835
v -0.06054141 -0.187088698 0.0894244835
v -0.0606164075 -0.108757071 0.0895209834
v -0.0894096047 -0.187088698 0.0605564788
v -0.0895204544 -0.108757071 0.0606172271
v -0.0894096047 -0.187088698 -0.0605261512
v -0.0895204544 -0.108757071 -0.060615778
v -0.06054141 -0.187088698 -0.0893941596
v -0.0606164075 -0.108757071 -0.0895193815
v 0.0505795181 -0.0957132727 -0.101753578
v -0.0501554199 -0.0643874928 -0.100900963
v -0.0505796149 -0.0957132727 -0.101753578
v 0.0501562878 -0.0643874928 -0.100900963
v 0.1017543 -0.0957132429 -0.0505789854
v 0.100902222 -0.0643874928 -0.0501548834
v 0.1017543 -0.0957132503 0.0505805388
v 0.100902222 -0.0643874928 0.0501567274
v 0.0505795181 -0.0957132503 0.101755217
v 0.0501562878 -0.0643874928 0.100902848
v -0.0505796149 -0.0957132503 0.101755217
v -0.0501554199 -0.0643874928 0.100902848
v -0.101754583 -0.0957132503 0.0505805388
v -0.100901544 -0.0643874928 0.0501567274
v -0.101754583 -0.0957132429 -0.0505789854
v -0.100901544 -0.0643874928 -0.0501548834
v -0.0505796149 -0.0957132727 -0.101753578
v -0.0501554199 -0.0643874928 -0.100900963
v 0.0946467966 -0.342036992 -0.0893938616
v 0.172983855 -0.220864505 -0.0895190537
v 0.0946467966 -0.220954522 -0.0893938616
v 0.172983855 -0.342097014 -0.0895190537
v 0.0946467966 -0.370905221 -0.0605257601
v 0.172983855 -0.371001005 -0.0606151
v 0.0946467966 -0.370905221 0.0605569631
v 0.172983855 -0.371001005 0.0606177114
v 0.172983855 -0.342097014 0.0895215794
v 0.0946467966 -0.342036992 0.0894250646
v 0.0946467966 -0.220954522 0.0894250646
v 0.172983855 -0.220864505 0.0895215645
v 0.0946467966 -0.192086384 0.0605569631
v 0.172983855 -0.191960543 0.0606177114
v 0.0946467966 -0.192086384 -0.0605257601
v 0.172983855 -0.191960543 -0.0606151
v 0.0946467966 -0.220954522 -0.0893938616
v 0.172983855 -0.220864505 -0.0895190537
v 0.1859418 -0.332060337 -0.101753183
v 0.216764137 -0.231325179 -0.100900523
v 0.1859418 -0.230901167 -0.101753183
v 0.216764137 -0.331636965 -0.100900523
v 0.1859418 -0.383235127 -0.0505784005
v 0.216764137 -0.382382989 -0.0501544923
v 0.1859418 -0.383235127 0.0505809188
v 0.216764137 -0.382382989 0.0501572974
v 0.1859418 -0.332060337 0.1017555
v 0.216764137 -0.331636965 0.100903243
v 0.1859418 -0.230901167 0.1017555
v 0.216764137 -0.231325179 0.100903235
v 0.1859418 -0.179726318 0.0505809188
v 0.216764137 -0.18057926 0.0501573086
v 0.1859418 -0.179726318 -0.0505784005
v 0.216764137 -0.18057926 -0.0501544923
v 0.1859418 -0.230901167 -0.101753183
v 0.216764137 -0.231325179 -0.100900523
v -0.06054141 -0.376645684 -0.0893933848
v 0.0606163107 -0.454204857 -0.0895193815
v 0.060540922 -0.376645684 -0.0893933848
v -0.0606162101 -0.454204857 -0.0895193815
v -0.0894096047 -0.376645684 -0.0605253763
v -0.0895202607 -0.454204857 -0.060615778
v -0.0894096047 -0.376645684 0.0605574399
v -0.0895202607 -0.454204857 0.0606172346
v -0.0606162101 -0.454204857 0.0895209834
v -0.06054141 -0.376645684 0.0894252583
v 0.060540922 -0.376645684 0.0894252583
v 0.0606163107 -0.454204857 0.0895209834
v 0.0894091204 -0.376645684 0.0605574399
v 0.0895201638 -0.454204857 0.0606172346
v 0.0894091204 -0.376645684 -0.0605253763
v 0.0895201638 -0.454204857 -0.060615778
v 0.060540922 -0.376645684 -0.0893933848
v 0.0606163107 -0.454204857 -0.0895193815
v -0.0505796149 -0.467248917 -0.101753525
v 0.050155513 -0.498574704 -0.100900918
v 0.0505795181 -0.467248917 -0.101753525
v -0.050156191 -0.498574704 -0.100900918
v -0.101754203 -0.467248917 -0.0505789854
v -0.100902319 -0.498574704 -0.0501548834
v -0.101754203 -0.467248917 0.0505805388
v -0.100902319 -0.498574704 0.0501567274
v -0.0505796149 -0.467248917 0.101755217
v -0.050156191 -0.498574704 0.10090284
v 0.0505795181 -0.467248917 0.101755217
v 0.050155513 -0.498574704 0.10090284
v 0.101754494 -0.467248917 0.0505805388
v 0.100901261 -0.498574704 0.0501567274
v 0.101754494 -0.467248917 -0.0505789854
v 0.100901261 -0.498574704 -0.0501548834
v 0.0505795181 -0.467248917 -0.101753525
v 0.050155513 -0.498574704 -0.100900918
v -0.0894098058 -0.220954433 0.0950462297
v -0.089522399 -0.342097282 0.17352207
v -0.0894098058 -0.342036903 0.0950462297
v -0.089522399 -0.220864594 0.17352207
v -0.0605416037 -0.192086324 0.0950462297
v -0.0606185384 -0.191960707 0.17352207
v 0.0605411194 -0.192086324 0.0950462297
v 0.0606141761 -0.191960707 0.17352207
v 0.089518033 -0.220864594 0.17352207
v 0.0894091204 -0.220954433 0.0950462297
v 0.0894091204 -0.342036903 0.0950462297
v 0.089518033 -0.342097282 0.17352207
v 0.0605411194 -0.370905042 0.0950462297
v 0.0606141761 -0.371001124 0.17352207
v -0.0605416037 -0.370905042 0.0950462297
v -0.0606185384 -0.371001124 0.17352207
v -0.0894098058 -0.342036903 0.0950462297
v -0.089522399 -0.342097282 0.17352207
v -0.101756342 -0.230901375 0.184710041
v -0.100903869 -0.331636369 0.215294197
v -0.101756342 -0.332060575 0.184710041
v -0.100903869 -0.231324643 0.215294227
v -0.0505815484 -0.179726571 0.184710041
v -0.0501577407 -0.180578634 0.215294227
v 0.0505775809 -0.179726571 0.184710041
v 0.050154157 -0.180578634 0.215294227
v 0.101752162 -0.230901375 0.184710041
v 0.100900091 -0.231324643 0.215294227
v 0.101752162 -0.332060575 0.184710041
v 0.100900091 -0.331636369 0.215294197
v 0.0505775809 -0.383235395 0.184710026
v 0.050154157 -0.382382423 0.215294197
v -0.0505815484 -0.383235395 0.184710026
v -0.0501577407 -0.382382423 0.215294197
v -0.101756342 -0.332060575 0.184710041
v -0.100903869 -0.331636369 0.215294197
v -0.0894109681 -0.342036813 -0.0942663848
v -0.0895235613 -0.220864609 -0.175578043
v -0.0894109681 -0.220954344 -0.0942663848
v -0.0895235613 -0.342097193 -0.175578043
v -0.0605427623 -0.370904922 -0.0942663848
v -0.0606198981 -0.371001124 -0.175578043
v 0.0605399609 -0.370904922 -0.0942663848
v 0.0606130101 -0.371001124 -0.175578043
v 0.0895168632 -0.342097193 -0.175578043
v 0.0894079581 -0.342036813 -0.0942663848
v 0.0894079581 -0.220954344 -0.0942663848
v 0.0895168632 -0.220864609 -0.175578043
v 0.0605399609 -0.19208622 -0.0942663848
v 0.0606130101 -0.191960692 -0.175578043
v -0.0605427623 -0.19208622 -0.0942663848
v -0.0606198981 -0.191960692 -0.175578043
v -0.0894109681 -0.220954344 -0.0942663848
v -0.0895235613 -0.220864609 -0.175578043
v -0.101757698 -0.332060605 -0.188546285
v -0.100905418 -0.231325313 -0.219130471
v -0.101757698 -0.230901331 -0.188546285
v -0.100905418 -0.331637025 -0.219130471
v -0.0505829081 -0.383235246 -0.188546285
v -0.0501591004 -0.382383198 -0.219130471
v 0.0505762249 -0.383235246 -0.188546285
v 0.0501524135 -0.382383198 -0.219130471
v 0.101751 -0.332060605 -0.188546285
v 0.100898728 -0.331637025 -0.219130471
v 0.101751 -0.230901331 -0.188546285
v 0.100898728 -0.231325313 -0.219130471
v 0.0505762249 -0.179726437 -0.188546285
v 0.0501524135 -0.180579409 -0.219130471
v -0.0505829081 -0.179726437 -0.188546285
v -0.0501591004 -0.180579409 -0.219130471
v -0.101757698 -0.230901331 -0.188546285
v -0.100905418 -0.231325313 -0.219130471
v -0.0644679591 0.499999911 -0.0293502416
v -0.0297321472 0.499999374 -0.0640866831
v 0.02896736 0.499999911 -0.0640866831
v 0.063703157 0.499999911 -0.0293506235
v 0.0637033507 0.499999911 0.0293493643
v -0.0644680932 0.500000358 0.0293490794
v -0.0297322311 0.500000358 0.0640847459
v 0.0289672948 0.499999911 0.0640849471
v 0.0294275749 -0.345834672 -0.500000775
v 0.0642554164 -0.309139729 -0.500000775
v 0.0642554164 -0.254020125 -0.500000775
v 0.0294277091 -0.221402615 -0.500000775
v -0.0294269081 -0.221402615 -0.500000775
v -0.0294270311 -0.345834672 -0.500000775
v -0.0642546192 -0.252152145 -0.500000775
v -0.0642547533 -0.311007023 -0.500000775
v 0.500000119 -0.345335424 -0.0293506328
v 0.500000119 -0.345335603 0.0293493643
v 0.500000119 -0.310599536 0.0640849471
v 0.500000119 -0.310599625 -0.0640866905
v 0.499999613 -0.251900107 -0.0640866905
v 0.500000715 -0.251900047 0.0640847459
v 0.500000119 -0.217164338 -0.0293502416
v 0.500000715 -0.217164189 0.0293490794
v 0.0293496307 -0.217164338 0.499998629
v 0.06408602 -0.251900107 0.499998033
v 0.06408602 -0.310599625 0.499998659
v 0.0293500274 -0.345335424 0.499998659
v -0.0293500125 -0.345335603 0.499998659
v -0.0293497574 -0.217164189 0.499999106
v -0.0640853569 -0.251900047 0.499999106
v -0.0640856028 -0.310599536 0.499998659
v -0.499999315 -0.311007023 0.0642541125
v -0.499999315 -0.345834672 0.0294264015
v -0.499999315 -0.345834672 -0.0294282436
v -0.499999315 -0.309139729 -0.0642560571
v -0.499999315 -0.252152145 0.0642539188
v -0.499999315 -0.254020125 -0.0642560571
v -0.499999315 -0.221402645 -0.0294283386
v -0.499999315 -0.221402645 0.0294263065
v 0.0788915455 -0.510012209 -0.0431295373
v 0.0431301668 -0.510012209 -0.0788910165
v -0.0431308448 -0.510012209 -0.0788910165
v -0.078892231 -0.510012209 -0.0431294441
v 0.0788915455 -0.510012209 0.0431313701
v -0.078892231 -0.510012209 0.0431313701
v 0.0431301668 -0.510012209 0.0788930506
v -0.0431308448 -0.510012209 0.0788930506
v -0.0819170326 -0.199578583 -0.0819015354
v -0.0894096047 -0.220954314 -0.0942664295
v -0.06054141 -0.19208619 -0.0942664295
v -0.094648242 -0.220954314 -0.0893939063
v -0.06054141 -0.187088624 -0.0893939063
v -0.094648242 -0.19208619 -0.0605258606
v -0.0894096047 -0.187088624 -0.0605258606
v 0.0605411194 -0.19208619 -0.0942664295
v 0.0819169432 -0.199578583 -0.0819015354
v 0.0605411194 -0.187088624 -0.0893939063
v 0.0894091204 -0.220954344 -0.0942663327
v 0.0894091204 -0.187088624 -0.0605258606
v 0.0946479514 -0.220954314 -0.0893939063
v 0.0946467966 -0.192086324 -0.0605258606
v 0.0946467966 -0.192086324 0.06055687
v 0.0819169432 -0.199578583 0.0819324926
v 0.0894091204 -0.187088624 0.06055687
v 0.0946479514 -0.220954314 0.0894248635
v 0.0605411194 -0.187088594 0.0894248635
v 0.0894091204 -0.220954314 0.0950464308
v 0.0605411194 -0.192086175 0.0950464234
v -0.06054141 -0.376645774 0.0894248784
v -0.0894096047 -0.376645774 0.06055687
v -0.0819170326 -0.363412648 0.0819325075
v -0.06054141 -0.370904922 0.0950464234
v -0.094648242 -0.370904922 0.06055687
v -0.0894096047 -0.342036903 0.0950464234
v -0.094648242 -0.342036903 0.0894248784
v 0.0894091204 -0.376645774 0.06055687
v 0.0605411194 -0.376645774 0.0894248784
v 0.0819169432 -0.363412648 0.0819325075
v 0.0946479514 -0.370904922 0.06055687
v 0.0605411194 -0.370904922 0.0950464234
v 0.0946479514 -0.342036903 0.0894248784
v 0.0894091204 -0.342036903 0.0950464234
v -0.0894096047 -0.376645774 -0.0605258532
v -0.06054141 -0.376645714 -0.0893939063
v -0.0819170326 -0.363412619 -0.0819015354
v -0.094648242 -0.370904922 -0.0605258532
v -0.06054141 -0.370904922 -0.0942664295
v -0.094648242 -0.342036903 -0.0893939063
v -0.0894096047 -0.342036843 -0.0942664295
v -0.100905418 -0.331637025 -0.219130471
v -0.0788953304 -0.238350824 -0.228530914
v -0.100905418 -0.231325313 -0.219130471
v -0.0788953304 -0.324611723 -0.228530914
v -0.0431339443 -0.202589378 -0.228530914
v -0.0501591004 -0.382383198 -0.219130471
v -0.0501591004 -0.180579409 -0.219130471
v -0.0431335568 -0.360373169 -0.228530914
v 0.0431272611 -0.202589378 -0.228530914
v 0.0501524135 -0.382383198 -0.219130471
v 0.0501524135 -0.180579409 -0.219130471
v 0.0431272611 -0.360373169 -0.228530914
v 0.0788886398 -0.238350824 -0.228530914
v 0.100898728 -0.331637025 -0.219130471
v 0.100898728 -0.231325313 -0.219130471
v 0.0788886398 -0.324611723 -0.228530914
v -0.0895235613 -0.342097193 -0.175578043
v -0.101757698 -0.230901331 -0.188546285
v -0.0895235613 -0.220864609 -0.175578043
v -0.101757698 -0.332060605 -0.188546285
v -0.0505829081 -0.179726437 -0.188546285
v -0.0606198981 -0.371001124 -0.175578043
v -0.0606198981 -0.191960692 -0.175578043
v -0.0505829081 -0.383235246 -0.188546285
v 0.0505762249 -0.179726437 -0.188546285
v 0.0606130101 -0.371001124 -0.175578043
v 0.0606130101 -0.191960692 -0.175578043
v 0.0505762249 -0.383235246 -0.188546285
v 0.101751 -0.230901331 -0.188546285
v 0.0895168632 -0.342097193 -0.175578043
v 0.0895168632 -0.220864609 -0.175578043
v 0.101751 -0.332060605 -0.188546285
v -0.100903869 -0.231324643 0.215294227
v -0.0788937807 -0.324610978 0.228531107
v -0.100903869 -0.331636369 0.215294197
v -0.0788937807 -0.238350078 0.228531107
v -0.0431323946 -0.360372543 0.228531092
v -0.0501577407 -0.180578634 0.215294227
v -0.0501577407 -0.382382423 0.215294197
v -0.0431322008 -0.202588558 0.228531107
v 0.0431286134 -0.360372543 0.228531092
v 0.050154157 -0.180578634 0.215294227
v 0.050154157 -0.382382423 0.215294197
v 0.0431286134 -0.202588558 0.228531107
v 0.0788901895 -0.324610978 0.228531107
v 0.100900091 -0.231324643 0.215294227
v 0.100900091 -0.331636369 0.215294197
v 0.0788901895 -0.238350078 0.228531107
v -0.089522399 -0.220864594 0.17352207
v -0.101756342 -0.332060575 0.184710041
v -0.089522399 -0.342097282 0.17352207
v -0.101756342 -0.230901375 0.184710041
v -0.0505815484 -0.383235395 0.184710026
v -0.0606185384 -0.191960707 0.17352207
v -0.0606185384 -0.371001124 0.17352207
v -0.0505815484 -0.179726571 0.184710041
v 0.0505775809 -0.383235395 0.184710026
v 0.0606141761 -0.191960707 0.17352207
v 0.0606141761 -0.371001124 0.17352207
v 0.0505775809 -0.179726571 0.184710041
v 0.101752162 -0.332060575 0.184710041
v 0.089518033 -0.220864594 0.17352207
v 0.089518033 -0.342097282 0.17352207
v 0.101752162 -0.230901375 0.184710041
v -0.050156191 -0.498574704 -0.100900918
v 0.0431301668 -0.510012209 -0.0788910165
v 0.050155513 -0.498574704 -0.100900918
v -0.0431308448 -0.510012209 -0.0788910165
v 0.0788915455 -0.510012209 -0.0431295373
v -0.100902319 -0.498574704 -0.0501548834
v 0.100901261 -0.498574704 -0.0501548834
v -0.078892231 -0.510012209 -0.0431294441
v 0.0788915455 -0.510012209 0.0431313701
v -0.100902319 -0.498574704 0.0501567274
v 0.100901261 -0.498574704 0.0501567274
v -0.078892231 -0.510012209 0.0431313701
v 0.0431301668 -0.510012209 0.0788930506
v -0.050156191 -0.498574704 0.10090284
v 0.050155513 -0.498574704 0.10090284
v -0.0431308448 -0.510012209 0.0788930506
v -0.0606162101 -0.454204857 -0.0895193815
v 0.0505795181 -0.467248917 -0.101753525
v 0.0606163107 -0.454204857 -0.0895193815
v -0.0505796149 -0.467248917 -0.101753525
v 0.101754494 -0.467248917 -0.0505789854
v -0.0895202607 -0.454204857 -0.060615778
v 0.0895201638 -0.454204857 -0.060615778
v -0.101754203 -0.467248917 -0.0505789854
v 0.101754494 -0.467248917 0.0505805388
v -0.0895202607 -0.454204857 0.0606172346
v 0.0895201638 -0.454204857 0.0606172346
v -0.101754203 -0.467248917 0.0505805388
v 0.0505795181 -0.467248917 0.101755217
v -0.0606162101 -0.454204857 0.0895209834
v 0.0606163107 -0.454204857 0.0895209834
v -0.0505796149 -0.467248917 0.101755217
v 0.216764137 -0.331636965 -0.100900523
v 0.228531256 -0.238350704 -0.0788906291
v 0.216764137 -0.231325179 -0.100900523
v 0.228531256 -0.324611604 -0.0788906291
v 0.228531256 -0.202589214 -0.0431291461
v 0.216764137 -0.382382989 -0.0501544923
v 0.216764137 -0.18057926 -0.0501544923
v 0.228531256 -0.36037299 -0.043129053
v 0.228531256 -0.202589214 0.0431318656
v 0.216764137 -0.382382989 0.0501572974
v 0.216764137 -0.18057926 0.0501573086
v 0.228531256 -0.36037299 0.0431318656
v 0.228531256 -0.238350704 0.0788933337
v 0.216764137 -0.331636965 0.100903243
v 0.216764137 -0.231325179 0.100903235
v 0.228531256 -0.324611604 0.0788933337
v 0.172983855 -0.342097014 -0.0895190537
v 0.1859418 -0.230901167 -0.101753183
v 0.172983855 -0.220864505 -0.0895190537
v 0.1859418 -0.332060337 -0.101753183
v 0.1859418 -0.179726318 -0.0505784005
v 0.172983855 -0.371001005 -0.0606151
v 0.172983855 -0.191960543 -0.0606151
v 0.1859418 -0.383235127 -0.0505784005
v 0.1859418 -0.179726318 0.0505809188
v 0.172983855 -0.371001005 0.0606177114
v 0.172983855 -0.191960543 0.0606177114
v 0.1859418 -0.383235127 0.0505809188
v 0.1859418 -0.230901167 0.1017555
v 0.172983855 -0.342097014 0.0895215794
v 0.172983855 -0.220864505 0.0895215645
v 0.1859418 -0.332060337 0.1017555
v 0.0501562878 -0.0643874928 -0.100900963
v -0.0431302637 -0.0529498085 -0.0788910165
v -0.0501554199 -0.0643874928 -0.100900963
v 0.0431305543 -0.0529498085 -0.0788910165
v -0.0788920373 -0.0529498085 -0.0431295373
v 0.100902222 -0.0643874928 -0.0501548834
v -0.100901544 -0.0643874928 -0.0501548834
v 0.0788923278 -0.0529498085 -0.0431294441
v -0.0788920373 -0.0529498085 0.0431313775
v 0.100902222 -0.0643874928 0.0501567274
v -0.100901544 -0.0643874928 0.0501567274
v 0.0788923278 -0.0529498085 0.0431313775
v -0.0431302637 -0.0529498085 0.0788930506
v 0.0501562878 -0.0643874928 0.100902848
v -0.0501554199 -0.0643874928 0.100902848
v 0.0431305543 -0.0529498085 0.0788930506
v 0.0606163107 -0.108757071 -0.0895193815
v -0.0505796149 -0.0957132727 -0.101753578
v -0.0606164075 -0.108757071 -0.0895193815
v 0.0505795181 -0.0957132727 -0.101753578
v -0.101754583 -0.0957132429 -0.0505789854
v 0.0895197764 -0.108757071 -0.060615778
v -0.0895204544 -0.108757071 -0.060615778
v 0.1017543 -0.0957132429 -0.0505789854
v -0.101754583 -0.0957132503 0.0505805388
v 0.0895197764 -0.108757071 0.0606172271
v -0.0895204544 -0.108757071 0.0606172271
v 0.1017543 -0.0957132503 0.0505805388
v -0.0505796149 -0.0957132503 0.101755217
v 0.0606163107 -0.108757071 0.0895209834
v -0.0606164075 -0.108757071 0.0895209834
v 0.0505795181 -0.0957132503 0.101755217
v -0.216765404 -0.231324673 -0.100900963
v -0.228530765 -0.324611008 -0.0788910165
v -0.216765404 -0.331636429 -0.100900963
v -0.228530765 -0.238350078 -0.0788910165
v -0.228530765 -0.360372543 -0.0431295373
v -0.216765404 -0.180578634 -0.0501548834
v -0.216765404 -0.382382423 -0.0501548834
v -0.228530765 -0.202588558 -0.0431294441
v -0.228530765 -0.360372543 0.0431313701
v -0.216765404 -0.180578634 0.0501567274
v -0.216765404 -0.382382423 0.0501567274
v -0.228530765 -0.202588558 0.0431313775
v -0.228530765 -0.324610978 0.0788930506
v -0.216765404 -0.231324673 0.100902848
v -0.216765404 -0.331636369 0.10090284
v -0.228530765 -0.238350078 0.0788930506
v -0.172983781 -0.220864594 -0.0895193815
v -0.185942277 -0.332060575 -0.101753578
v -0.172983781 -0.342097312 -0.0895193815
v -0.185942277 -0.230901346 -0.101753578
v -0.185942277 -0.383235365 -0.0505789854
v -0.172983781 -0.191960707 -0.060615778
v -0.172983781 -0.371001124 -0.060615778
v -0.185942277 -0.179726571 -0.0505789854
v -0.185942277 -0.383235365 0.0505805388
v -0.172983781 -0.191960707 0.0606172271
v -0.172983781 -0.371001124 0.0606172346
v -0.185942277 -0.179726571 0.0505805388
v -0.185942277 -0.332060575 0.101755217
v -0.172983781 -0.220864594 0.0895209983
v -0.172983781 -0.342097282 0.0895209834
v -0.185942277 -0.230901346 0.101755217
v -0.499999762 -0.320609957 0.0856156126
v -0.499999315 -0.252152145 0.0642539188
v -0.499999255 -0.242189348 0.0856158882
v -0.499999315 -0.311007023 0.0642541125
v -0.499999315 -0.221402645 0.0294263065
v -0.499999255 -0.367016464 0.0392094217
v -0.499998719 -0.195783034 0.039209526
v -0.499999315 -0.345834672 0.0294264015
v -0.499999315 -0.221402645 -0.0294283386
v -0.499999762 -0.367016464 -0.039210692
v -0.499998719 -0.195783034 -0.0392114632
v -0.499999315 -0.345834672 -0.0294282436
v -0.499999315 -0.254020125 -0.0642560571
v -0.499999255 -0.320610344 -0.0856177881
v -0.499998719 -0.242189214 -0.0856176913
v -0.499999315 -0.309139729 -0.0642560571
v -0.0856162608 -0.320609957 -0.500001252
v -0.0642546192 -0.252152145 -0.500000775
v -0.0856165141 -0.242189363 -0.500000775
v -0.0642547533 -0.311007023 -0.500000775
v -0.0294269081 -0.221402615 -0.500000775
v -0.0392100103 -0.367016464 -0.500000775
v -0.0392101556 -0.195783034 -0.500000179
v -0.0294270311 -0.345834672 -0.500000775
v 0.0294277091 -0.221402615 -0.500000775
v 0.039210137 -0.367016464 -0.500001311
v 0.0392107964 -0.195783034 -0.500000179
v 0.0294275749 -0.345834672 -0.500000775
v 0.0642554164 -0.254020125 -0.500000775
v 0.0856171772 -0.320610374 -0.500000775
v 0.0856170356 -0.242189214 -0.500000179
v 0.0642554164 -0.309139729 -0.500000775
v -0.0395927131 0.499999911 0.0856157988
v -0.0297322311 0.500000358 0.0640847459
v 0.0289672948 0.499999911 0.0640849471
v 0.0388280004 0.499999911 0.0856157988
v -0.0859992355 0.499999911 0.039209716
v 0.0637033507 0.499999911 0.0293493643
v -0.0644680932 0.500000358 0.0293490794
v 0.0852343738 0.499999911 0.039209716
v -0.0859992355 0.499999374 -0.0392114632
v 0.063703157 0.499999911 -0.0293506235
v -0.0644679591 0.499999911 -0.0293502416
v 0.0852342397 0.500000358 -0.0392111763
v -0.0395930521 0.499999911 -0.0856173486
v 0.02896736 0.499999911 -0.0640866831
v -0.0297321472 0.499999374 -0.0640866831
v 0.0388280675 0.500000358 -0.0856172517
v 0.500000119 -0.242039561 0.0856157988
v 0.500000715 -0.251900047 0.0640847459
v 0.500000119 -0.310599536 0.0640849471
v 0.500000119 -0.32046026 0.0856158063
v 0.500000119 -0.195632994 0.039209716
v 0.500000119 -0.345335603 0.0293493643
v 0.500000715 -0.217164189 0.0293490794
v 0.500000119 -0.366866648 0.0392097272
v 0.499999613 -0.195632994 -0.0392114632
v 0.500000119 -0.345335424 -0.0293506328
v 0.500000119 -0.217164338 -0.0293502416
v 0.500000715 -0.366866499 -0.0392111689
v 0.500000119 -0.242039219 -0.0856173486
v 0.500000119 -0.310599625 -0.0640866905
v 0.499999613 -0.251900107 -0.0640866905
v 0.500000715 -0.32046032 -0.0856172517
v -0.0856164545 -0.242039561 0.499998629
v -0.0640853569 -0.251900047 0.499999106
v -0.0640856028 -0.310599536 0.499998659
v -0.0856164545 -0.32046026 0.499998659
v -0.0392104685 -0.195632994 0.499998629
v -0.0293500125 -0.345335603 0.499998659
v -0.0293497574 -0.217164189 0.499999106
v -0.0392103456 -0.366866678 0.499998659
v 0.0392107405 -0.195632994 0.499998033
v 0.0293500274 -0.345335424 0.499998659
v 0.0293496307 -0.217164338 0.499998629
v 0.039210476 -0.366866529 0.499999076
v 0.0856167227 -0.242039219 0.499998659
v 0.06408602 -0.310599625 0.499998659
v 0.06408602 -0.251900107 0.499998033
v 0.0856165737 -0.32046032 0.499999136
vt 0.628699541 0.764061928
vt 0.646167994 0.809399128
vt 0.628699541 0.809399009
vt 0.646167994 0.764061928
vt 0.661713779 0.809399128
vt 0.661713779 0.764061928
vt 0.745886803 0.764061928
vt 0.761307597 0.764061928
vt 0.761307597 0.809399009
vt 0.745886803 0.809398711
vt 0.728265285 0.764061928
vt 0.745886803 0.764061928
vt 0.745886803 0.809398711
vt 0.728265285 0.809398055
vt 0.712555885 0.764061928
vt 0.728265285 0.764061928
vt 0.728265285 0.809398055
vt 0.712555885 0.809397936
vt 0.694801271 0.764061928
vt 0.694801271 0.809397459
vt 0.679043651 0.764061928
vt 0.679043651 0.80939728
vt 0.661713779 0.764061928
vt 0.679043651 0.764061928
vt 0.679043651 0.80939728
vt 0.661713779 0.809397042
vt 0.628699541 0.764062047
vt 0.628699541 0.809399128
vt 0.646167994 0.809399128
vt 0.646167994 0.764061928
vt 0.661713779 0.809399128
vt 0.661713779 0.764061928
vt 0.745886803 0.764062345
vt 0.745886803 0.809399128
vt 0.761307597 0.809399128
vt 0.761307597 0.764062047
vt 0.728265285 0.764063001
vt 0.728265285 0.809399128
vt 0.745886803 0.809399128
vt 0.745886803 0.764062345
vt 0.712555885 0.76406312
vt 0.728265285 0.809399128
vt 0.728265285 0.764063001
vt 0.712555885 0.809399128
vt 0.694801271 0.764063597
vt 0.694801271 0.809399128
vt 0.679043651 0.764063776
vt 0.679043651 0.809399128
vt 0.661713779 0.764064014
vt 0.661713779 0.809399128
vt 0.679043651 0.809399128
vt 0.679043651 0.764063776
vt 0.628699541 0.764061928
vt 0.646167994 0.809399128
vt 0.628699541 0.809399009
vt 0.646167994 0.764061928
vt 0.661713779 0.809399128
vt 0.661713779 0.764061928
vt 0.745886803 0.764061928
vt 0.761307597 0.764061928
vt 0.761307597 0.809399009
vt 0.745886803 0.809398711
vt 0.728265285 0.764061928
vt 0.745886803 0.764061928
vt 0.745886803 0.809398711
vt 0.728265285 0.809398055
vt 0.712555885 0.764061928
vt 0.728265285 0.764061928
vt 0.728265285 0.809398055
vt 0.712555885 0.809397936
vt 0.694801271 0.764061928
vt 0.694801271 0.809397459
vt 0.679043651 0.764061928
vt 0.679043651 0.80939728
vt 0.661713779 0.764061928
vt 0.679043651 0.764061928
vt 0.679043651 0.80939728
vt 0.661713779 0.809397042
vt 0.628699541 0.764062047
vt 0.628699541 0.809399128
vt 0.646167994 0.809399128
vt 0.646167994 0.764061928
vt 0.661713779 0.809399128
vt 0.661713779 0.764061928
vt 0.745886803 0.764062345
vt 0.745886803 0.809399128
vt 0.761307597 0.809399128
vt 0.761307597 0.764062047
vt 0.728265285 0.764063001
vt 0.728265285 0.809399128
vt 0.745886803 0.809399128
vt 0.745886803 0.764062345
vt 0.712555885 0.76406312
vt 0.728265285 0.809399128
vt 0.728265285 0.764063001
vt 0.712555885 0.809399128
vt 0.694801271 0.764063597
vt 0.694801271 0.809399128
vt 0.679043651 0.764063776
vt 0.679043651 0.809399128
vt 0.661713779 0.764064014
vt 0.661713779 0.809399128
vt 0.679043651 0.809399128
vt 0.679043651 0.764063776
vt 0.628699541 0.764062047
vt 0.628699541 0.809399128
vt 0.646167994 0.809399128
vt 0.646167994 0.764061928
vt 0.661713779 0.809399128
vt 0.661713779 0.764061928
vt 0.745886803 0.764062345
vt 0.745886803 0.809399128
vt 0.761307597 0.809399128
vt 0.761307597 0.764062047
vt 0.728265285 0.764063001
vt 0.728265285 0.809399128
vt 0.745886803 0.809399128
vt 0.745886803 0.764062345
vt 0.712555885 0.76406312
vt 0.728265285 0.809399128
vt 0.728265285 0.764063001
vt 0.712555885 0.809399128
vt 0.694801271 0.764063597
vt 0.694801271 0.809399128
vt 0.679043651 0.764063776
vt 0.679043651 0.809399128
vt 0.661713779 0.764064014
vt 0.661713779 0.809399128
vt 0.679043651 0.809399128
vt 0.679043651 0.764063776
vt 0.957827508 0.513191104
vt 0.994250894 0.488644063
vt 0.994250894 0.513191104
vt 0.957827508 0.488644063
vt 0.946188986 0.513191104
vt 0.946188986 0.488644063
vt 0.909765601 0.513191104
vt 0.909765601 0.488644063
vt 0.89812696 0.488644063
vt 0.89812696 0.513191104
vt 0.861703634 0.513191104
vt 0.861703634 0.488644063
vt 0.850065172 0.513191104
vt 0.850065172 0.488644063
vt 0.813641727 0.513191104
vt 0.813641727 0.488644063
vt 0.802003145 0.513191104
vt 0.802003145 0.488644063
vt 0.928692877 0.587294877
vt 0.934966326 0.578166962
vt 0.939443827 0.586763442
vt 0.943921387 0.578166962
vt 0.950194955 0.587294877
vt 0.945717394 0.594816923
vt 0.933170438 0.594816923
vt 0.928692877 0.587294877
vt 0.93316704 0.594829857
vt 0.93316704 0.594829857
vt 0.945714116 0.594829857
vt 0.939440668 0.586776257
vt 0.928689599 0.587307751
vt 0.950191677 0.587307751
vt 0.934963167 0.578180075
vt 0.943918288 0.578179896
vt 0.943912506 0.578163147
vt 0.943911135 0.525642037
vt 0.93497622 0.525646925
vt 0.93497622 0.578163147
vt 0.943912506 0.578163147
vt 0.943911135 0.525642037
vt 0.93497622 0.525646925
vt 0.93497622 0.578163147
vt 0.943912506 0.578163147
vt 0.943911135 0.525642037
vt 0.93497622 0.525646925
vt 0.93497622 0.578163147
vt 0.943912506 0.578163147
vt 0.943911135 0.525642037
vt 0.93497622 0.525646925
vt 0.93497622 0.578163147
vt 0.93497622 0.525646925
vt 0.93497622 0.578163147
vt 0.943912506 0.578163147
vt 0.943911135 0.525642037
vt 0.93497622 0.525647461
vt 0.93497622 0.578163147
vt 0.943912506 0.578163147
vt 0.94391036 0.525650144
vt 0.934976339 0.525647461
vt 0.93497622 0.578163147
vt 0.943912506 0.578163147
vt 0.943914354 0.525652587
vt 0.934976339 0.525647223
vt 0.93497622 0.578163147
vt 0.943912506 0.578163147
vt 0.943914592 0.525645137
vt 0.943912506 0.578163147
vt 0.94391036 0.525650144
vt 0.93497622 0.525647461
vt 0.93497622 0.578163147
vt 0.93497622 0.525647461
vt 0.93497622 0.578163147
vt 0.943912506 0.578163147
vt 0.94391036 0.525650144
vt 0.943912506 0.578163147
vt 0.943914592 0.525645137
vt 0.934976339 0.525647223
vt 0.93497622 0.578163147
vt 0.943912506 0.578163147
vt 0.94391036 0.525650144
vt 0.93497622 0.525647461
vt 0.93497622 0.578163147
vt 0.962158561 0.516360402
vt 0.990387857 0.523758531
vt 0.990387857 0.516360402
vt 0.962158442 0.523758531
vt 0.94232595 0.516360402
vt 0.94232583 0.523758531
vt 0.914096653 0.516360402
vt 0.914096653 0.523758531
vt 0.894263983 0.516360402
vt 0.894263983 0.523758531
vt 0.866034687 0.516360402
vt 0.866034806 0.523758531
vt 0.846202075 0.516360402
vt 0.846202195 0.523758531
vt 0.817972779 0.516360402
vt 0.817972779 0.523758531
vt 0.798140109 0.516360402
vt 0.798140109 0.523758531
vt 0.957827508 0.513191104
vt 0.994250894 0.488644063
vt 0.994250894 0.513191104
vt 0.957827508 0.488644063
vt 0.946188986 0.513191104
vt 0.946188986 0.488644063
vt 0.909765601 0.513191104
vt 0.909765601 0.488644063
vt 0.89812696 0.488644063
vt 0.89812696 0.513191104
vt 0.861703634 0.513191104
vt 0.861703634 0.488644063
vt 0.850065172 0.513191104
vt 0.850065172 0.488644063
vt 0.813641727 0.513191104
vt 0.813641727 0.488644063
vt 0.802003145 0.513191104
vt 0.802003145 0.488644063
vt 0.962158561 0.516360402
vt 0.990387857 0.523758531
vt 0.990387857 0.516360402
vt 0.962158442 0.523758531
vt 0.94232595 0.516360402
vt 0.94232583 0.523758531
vt 0.914096653 0.516360402
vt 0.914096653 0.523758531
vt 0.894263983 0.516360402
vt 0.894263983 0.523758531
vt 0.866034687 0.516360402
vt 0.866034806 0.523758531
vt 0.846202075 0.516360402
vt 0.846202195 0.523758531
vt 0.817972779 0.516360402
vt 0.817972779 0.523758531
vt 0.798140109 0.516360402
vt 0.798140109 0.523758531
vt 0.957827508 0.513191104
vt 0.994250894 0.488644063
vt 0.994250894 0.513191104
vt 0.957827508 0.488644063
vt 0.946188986 0.513191104
vt 0.946188986 0.488644063
vt 0.909765601 0.513191104
vt 0.909765601 0.488644063
vt 0.89812696 0.488644063
vt 0.89812696 0.513191104
vt 0.861703634 0.513191104
vt 0.861703634 0.488644063
vt 0.850065172 0.513191104
vt 0.850065172 0.488644063
vt 0.813641727 0.513191104
vt 0.813641727 0.488644063
vt 0.802003145 0.513191104
vt 0.802003145 0.488644063
vt 0.962158561 0.516360402
vt 0.990387857 0.523758531
vt 0.990387857 0.516360402
vt 0.962158442 0.523758531
vt 0.94232595 0.516360402
vt 0.94232583 0.523758531
vt 0.914096653 0.516360402
vt 0.914096653 0.523758531
vt 0.894263983 0.516360402
vt 0.894263983 0.523758531
vt 0.866034687 0.516360402
vt 0.866034806 0.523758531
vt 0.846202075 0.516360402
vt 0.846202195 0.523758531
vt 0.817972779 0.516360402
vt 0.817972779 0.523758531
vt 0.798140109 0.516360402
vt 0.798140109 0.523758531
vt 0.957827508 0.513191104
vt 0.994250894 0.488644063
vt 0.994250894 0.513191104
vt 0.957827508 0.488644063
vt 0.946188986 0.513191104
vt 0.946188986 0.488644063
vt 0.909765601 0.513191104
vt 0.909765601 0.488644063
vt 0.89812696 0.488644063
vt 0.89812696 0.513191104
vt 0.861703634 0.513191104
vt 0.861703634 0.488644063
vt 0.850065172 0.513191104
vt 0.850065172 0.488644063
vt 0.813641727 0.513191104
vt 0.813641727 0.488644063
vt 0.802003145 0.513191104
vt 0.802003145 0.488644063
vt 0.962158561 0.516360402
vt 0.990387857 0.523758531
vt 0.990387857 0.516360402
vt 0.962158442 0.523758531
vt 0.94232595 0.516360402
vt 0.94232583 0.523758531
vt 0.914096653 0.516360402
vt 0.914096653 0.523758531
vt 0.894263983 0.516360402
vt 0.894263983 0.523758531
vt 0.866034687 0.516360402
vt 0.866034806 0.523758531
vt 0.846202075 0.516360402
vt 0.846202195 0.523758531
vt 0.817972779 0.516360402
vt 0.817972779 0.523758531
vt 0.798140109 0.516360402
vt 0.798140109 0.523758531
vt 0.957827508 0.513191104
vt 0.994250894 0.488644063
vt 0.994250894 0.513191104
vt 0.957827508 0.488644063
vt 0.946188986 0.513191104
vt 0.946188986 0.488644063
vt 0.909765601 0.513191104
vt 0.909765601 0.488644063
vt 0.89812696 0.488644063
vt 0.89812696 0.513191104
vt 0.861703634 0.513191104
vt 0.861703634 0.488644063
vt 0.850065172 0.513191104
vt 0.850065172 0.488644063
vt 0.813641727 0.513191104
vt 0.813641727 0.488644063
vt 0.802003145 0.513191104
vt 0.802003145 0.488644063
vt 0.962158561 0.516360402
vt 0.990387857 0.523758531
vt 0.990387857 0.516360402
vt 0.962158442 0.523758531
vt 0.94232595 0.516360402
vt 0.94232583 0.523758531
vt 0.914096653 0.516360402
vt 0.914096653 0.523758531
vt 0.894263983 0.516360402
vt 0.894263983 0.523758531
vt 0.866034687 0.516360402
vt 0.866034806 0.523758531
vt 0.846202075 0.516360402
vt 0.846202195 0.523758531
vt 0.817972779 0.516360402
vt 0.817972779 0.523758531
vt 0.798140109 0.516360402
vt 0.798140109 0.523758531
vt 0.957827508 0.513191104
vt 0.994250894 0.488644063
vt 0.994250894 0.513191104
vt 0.957827508 0.488644063
vt 0.946188986 0.513191104
vt 0.946188986 0.488644063
vt 0.909765601 0.513191104
vt 0.909765601 0.488644063
vt 0.89812696 0.488644063
vt 0.89812696 0.513191104
vt 0.861703634 0.513191104
vt 0.861703634 0.488644063
vt 0.850065172 0.513191104
vt 0.850065172 0.488644063
vt 0.813641727 0.513191104
vt 0.813641727 0.488644063
vt 0.802003145 0.513191104
vt 0.802003145 0.488644063
vt 0.962158561 0.516360402
vt 0.990387857 0.523758531
vt 0.990387857 0.516360402
vt 0.962158442 0.523758531
vt 0.94232595 0.516360402
vt 0.94232583 0.523758531
vt 0.914096653 0.516360402
vt 0.914096653 0.523758531
vt 0.894263983 0.516360402
vt 0.894263983 0.523758531
vt 0.866034687 0.516360402
vt 0.866034806 0.523758531
vt 0.846202075 0.516360402
vt 0.846202195 0.523758531
vt 0.817972779 0.516360402
vt 0.817972779 0.523758531
vt 0.798140109 0.516360402
vt 0.798140109 0.523758531
vt 0.782587528 0.0533829927
vt 0.782743096 0.0535385609
vt 0.783005953 0.0535385609
vt 0.78316164 0.0533829927
vt 0.78316164 0.0531200767
vt 0.782587528 0.0531200767
vt 0.782743096 0.0529644787
vt 0.783005953 0.0529644787
vt 0.783248961 0.0524067394
vt 0.783084571 0.0522507466
vt 0.782837629 0.0522507466
vt 0.782691598 0.0524067283
vt 0.782691598 0.0526703298
vt 0.783248961 0.0526703298
vt 0.782829285 0.0528263152
vt 0.783092916 0.0528263152
vt 0.782002687 0.0531200767
vt 0.782002687 0.0533829927
vt 0.782158256 0.0535385609
vt 0.782158256 0.0529644787
vt 0.782421172 0.0529644787
vt 0.782421172 0.0535385609
vt 0.78257668 0.0531200767
vt 0.78257668 0.0533829927
vt 0.782546759 0.0537012219
vt 0.782391191 0.0535455942
vt 0.782128215 0.0535455942
vt 0.781972647 0.0537011623
vt 0.781972647 0.0539640784
vt 0.782546759 0.0539640784
vt 0.782391191 0.0541196465
vt 0.782128274 0.0541197062
vt 0.783328474 0.0528333783
vt 0.783172429 0.0529893637
vt 0.783172429 0.0532529652
vt 0.783336818 0.0534089804
vt 0.783592045 0.0528333783
vt 0.783583701 0.0534089804
vt 0.783729792 0.0532529652
vt 0.783729792 0.0529893637
vt 0.782679439 0.0524109192
vt 0.782519221 0.0522507392
vt 0.782132864 0.0522507392
vt 0.781972647 0.0524109192
vt 0.782679439 0.0527972728
vt 0.781972647 0.0527972728
vt 0.782519221 0.0529574454
vt 0.782132864 0.0529574454
vt 0.939448595 0.586768448
vt 0.934971213 0.578171849
vt 0.928697586 0.587299585
vt 0.943926394 0.578171849
vt 0.933175325 0.594821692
vt 0.950199783 0.587299585
vt 0.945722222 0.594821692
vt 0.928689599 0.587307751
vt 0.939440668 0.586776257
vt 0.93316704 0.594829857
vt 0.934963167 0.578180075
vt 0.945714116 0.594829857
vt 0.943918288 0.578179896
vt 0.950191677 0.587307751
vt 0.950186968 0.587302744
vt 0.939435899 0.586771607
vt 0.945709169 0.594825149
vt 0.94391346 0.578175068
vt 0.933162332 0.594825149
vt 0.934958279 0.578175068
vt 0.928684771 0.587302744
vt 0.933170438 0.594816923
vt 0.945717394 0.594816923
vt 0.939443827 0.586763442
vt 0.928692877 0.587294877
vt 0.950194955 0.587294877
vt 0.934966326 0.578166962
vt 0.943921387 0.578166962
vt 0.945709169 0.594825149
vt 0.933162332 0.594825149
vt 0.939435899 0.586771607
vt 0.950186968 0.587302744
vt 0.928684771 0.587302744
vt 0.94391346 0.578175068
vt 0.934958279 0.578175068
vt 0.945722222 0.594821692
vt 0.933175325 0.594821692
vt 0.939448595 0.586768448
vt 0.950199783 0.587299585
vt 0.928697586 0.587299585
vt 0.943926394 0.578171849
vt 0.934971213 0.578171849
vt 0.863500953 0.576442778
vt 0.871729791 0.544753969
vt 0.863498151 0.542043209
vt 0.87172842 0.573625863
vt 0.883023143 0.534130514
vt 0.880637527 0.591980636
vt 0.880455256 0.526143134
vt 0.883103907 0.58394134
vt 0.912024915 0.533686697
vt 0.915000618 0.591181159
vt 0.914463699 0.526071608
vt 0.912341595 0.583941102
vt 0.924078286 0.544708669
vt 0.931822419 0.575492918
vt 0.9317981 0.541983068
vt 0.92407912 0.5727337
vt 0.846397221 0.585678875
vt 0.811323225 0.59243983
vt 0.80982095 0.585678875
vt 0.844895065 0.59243983
vt 0.794339657 0.575456321
vt 0.85511744 0.576958537
vt 0.801100671 0.576958537
vt 0.861878514 0.575456321
vt 0.794339657 0.541884542
vt 0.85511744 0.540382206
vt 0.801100671 0.540382206
vt 0.861878514 0.541884542
vt 0.811323225 0.524900913
vt 0.846397221 0.531661987
vt 0.80982095 0.531661987
vt 0.844895065 0.524900913
vt 0.863500953 0.576442778
vt 0.871729791 0.544753969
vt 0.863498151 0.542043209
vt 0.87172842 0.573625863
vt 0.883023143 0.534130514
vt 0.880637527 0.591980636
vt 0.880455256 0.526143134
vt 0.883103907 0.58394134
vt 0.912024915 0.533686697
vt 0.915000618 0.591181159
vt 0.914463699 0.526071608
vt 0.912341595 0.583941102
vt 0.924078286 0.544708669
vt 0.931822419 0.575492918
vt 0.9317981 0.541983068
vt 0.92407912 0.5727337
vt 0.846397221 0.585678875
vt 0.811323225 0.59243983
vt 0.80982095 0.585678875
vt 0.844895065 0.59243983
vt 0.794339657 0.575456321
vt 0.85511744 0.576958537
vt 0.801100671 0.576958537
vt 0.861878514 0.575456321
vt 0.794339657 0.541884542
vt 0.85511744 0.540382206
vt 0.801100671 0.540382206
vt 0.861878514 0.541884542
vt 0.811323225 0.524900913
vt 0.846397221 0.531661987
vt 0.80982095 0.531661987
vt 0.844895065 0.524900913
vt 0.863500953 0.576442778
vt 0.871729791 0.544753969
vt 0.863498151 0.542043209
vt 0.87172842 0.573625863
vt 0.883023143 0.534130514
vt 0.880637527 0.591980636
vt 0.880455256 0.526143134
vt 0.883103907 0.58394134
vt 0.912024915 0.533686697
vt 0.915000618 0.591181159
vt 0.914463699 0.526071608
vt 0.912341595 0.583941102
vt 0.924078286 0.544708669
vt 0.931822419 0.575492918
vt 0.9317981 0.541983068
vt 0.92407912 0.5727337
vt 0.846397221 0.585678875
vt 0.811323225 0.59243983
vt 0.80982095 0.585678875
vt 0.844895065 0.59243983
vt 0.794339657 0.575456321
vt 0.85511744 0.576958537
vt 0.801100671 0.576958537
vt 0.861878514 0.575456321
vt 0.794339657 0.541884542
vt 0.85511744 0.540382206
vt 0.801100671 0.540382206
vt 0.861878514 0.541884542
vt 0.811323225 0.524900913
vt 0.846397221 0.531661987
vt 0.80982095 0.531661987
vt 0.844895065 0.524900913
vt 0.863500953 0.576442778
vt 0.871729791 0.544753969
vt 0.863498151 0.542043209
vt 0.87172842 0.573625863
vt 0.883023143 0.534130514
vt 0.880637527 0.591980636
vt 0.880455256 0.526143134
vt 0.883103907 0.58394134
vt 0.912024915 0.533686697
vt 0.915000618 0.591181159
vt 0.914463699 0.526071608
vt 0.912341595 0.583941102
vt 0.924078286 0.544708669
vt 0.931822419 0.575492918
vt 0.9317981 0.541983068
vt 0.92407912 0.5727337
vt 0.846397221 0.585678875
vt 0.811323225 0.59243983
vt 0.80982095 0.585678875
vt 0.844895065 0.59243983
vt 0.794339657 0.575456321
vt 0.85511744 0.576958537
vt 0.801100671 0.576958537
vt 0.861878514 0.575456321
vt 0.794339657 0.541884542
vt 0.85511744 0.540382206
vt 0.801100671 0.540382206
vt 0.861878514 0.541884542
vt 0.811323225 0.524900913
vt 0.846397221 0.531661987
vt 0.80982095 0.531661987
vt 0.844895065 0.524900913
vt 0.863500953 0.576442778
vt 0.871729791 0.544753969
vt 0.863498151 0.542043209
vt 0.87172842 0.573625863
vt 0.883023143 0.534130514
vt 0.880637527 0.591980636
vt 0.880455256 0.526143134
vt 0.883103907 0.58394134
vt 0.912024915 0.533686697
vt 0.915000618 0.591181159
vt 0.914463699 0.526071608
vt 0.912341595 0.583941102
vt 0.924078286 0.544708669
vt 0.931822419 0.575492918
vt 0.9317981 0.541983068
vt 0.92407912 0.5727337
vt 0.846397221 0.585678875
vt 0.811323225 0.59243983
vt 0.80982095 0.585678875
vt 0.844895065 0.59243983
vt 0.794339657 0.575456321
vt 0.85511744 0.576958537
vt 0.801100671 0.576958537
vt 0.861878514 0.575456321
vt 0.794339657 0.541884542
vt 0.85511744 0.540382206
vt 0.801100671 0.540382206
vt 0.861878514 0.541884542
vt 0.811323225 0.524900913
vt 0.846397221 0.531661987
vt 0.80982095 0.531661987
vt 0.844895065 0.524900913
vt 0.863500953 0.576442778
vt 0.871729791 0.544753969
vt 0.863498151 0.542043209
vt 0.87172842 0.573625863
vt 0.883023143 0.534130514
vt 0.880637527 0.591980636
vt 0.880455256 0.526143134
vt 0.883103907 0.58394134
vt 0.912024915 0.533686697
vt 0.915000618 0.591181159
vt 0.914463699 0.526071608
vt 0.912341595 0.583941102
vt 0.924078286 0.544708669
vt 0.931822419 0.575492918
vt 0.9317981 0.541983068
vt 0.92407912 0.5727337
vt 0.846397221 0.585678875
vt 0.811323225 0.59243983
vt 0.80982095 0.585678875
vt 0.844895065 0.59243983
vt 0.794339657 0.575456321
vt 0.85511744 0.576958537
vt 0.801100671 0.576958537
vt 0.861878514 0.575456321
vt 0.794339657 0.541884542
vt 0.85511744 0.540382206
vt 0.801100671 0.540382206
vt 0.861878514 0.541884542
vt 0.811323225 0.524900913
vt 0.846397221 0.531661987
vt 0.80982095 0.531661987
vt 0.844895065 0.524900913
vt 0.859570205 0.900560141
vt 0.853561461 0.919794679
vt 0.859563768 0.922462285
vt 0.853507638 0.903330207
vt 0.843739629 0.929398358
vt 0.846528053 0.887539923
vt 0.846483886 0.935384214
vt 0.843766689 0.893562496
vt 0.827275038 0.929398358
vt 0.824529409 0.887520969
vt 0.824485123 0.935384214
vt 0.827288508 0.893567264
vt 0.81744945 0.919713497
vt 0.811430693 0.900571227
vt 0.811390936 0.922434986
vt 0.817505658 0.903369725
vt 0.859570205 0.900560141
vt 0.853561461 0.919794679
vt 0.859563768 0.922462285
vt 0.853507638 0.903330207
vt 0.843739629 0.929398358
vt 0.846528053 0.887539923
vt 0.846483886 0.935384214
vt 0.843766689 0.893562496
vt 0.827275038 0.929398358
vt 0.824529409 0.887520969
vt 0.824485123 0.935384214
vt 0.827288508 0.893567264
vt 0.81744945 0.919713497
vt 0.811430693 0.900571227
vt 0.811390936 0.922434986
vt 0.817505658 0.903369725
vt 0.811390936 0.922434986
vt 0.81744945 0.919713497
vt 0.817506194 0.903370261
vt 0.811430693 0.900571227
vt 0.824485123 0.935384214
vt 0.827288508 0.893567264
vt 0.827275038 0.929398358
vt 0.824529409 0.887520969
vt 0.846483886 0.935384214
vt 0.843766689 0.893562496
vt 0.843739629 0.929398358
vt 0.846528053 0.887539923
vt 0.859563768 0.922462285
vt 0.853507638 0.903330207
vt 0.853561461 0.919794679
vt 0.859570205 0.900560141
vt 0.811390936 0.922434986
vt 0.81744945 0.919713497
vt 0.817506194 0.903370261
vt 0.811430693 0.900571227
vt 0.824485123 0.935384214
vt 0.827288508 0.893567264
vt 0.827275038 0.929398358
vt 0.824529409 0.887520969
vt 0.846483886 0.935384214
vt 0.843766689 0.893562496
vt 0.843739629 0.929398358
vt 0.846528053 0.887539923
vt 0.859563768 0.922462285
vt 0.853507638 0.903330207
vt 0.853561461 0.919794679
vt 0.859570205 0.900560141
vt 0.811390936 0.922434986
vt 0.81744945 0.919713497
vt 0.817506194 0.903370261
vt 0.811430693 0.900571227
vt 0.824485123 0.935384214
vt 0.827288508 0.893567264
vt 0.827275038 0.929398358
vt 0.824529409 0.887520969
vt 0.846483886 0.935384214
vt 0.843766689 0.893562496
vt 0.843739629 0.929398358
vt 0.846528053 0.887539923
vt 0.859563768 0.922462285
vt 0.853507638 0.903330207
vt 0.853561461 0.919794679
vt 0.859570205 0.900560141
vn 0.382686496 -0.923878312 -8.09591147E-05
vn -0.382676661 -0.923882365 -8.11360369E-05
vn 0.382672489 -0.923884094 -8.09596168E-05
vn -0.382692575 -0.923875749 -8.11354475E-05
vn -0.707109153 -0.707104325 -6.22413427E-05
vn -0.707109153 -0.707104325 -6.22413427E-05
vn 0.707100093 -0.707113385 -6.19158964E-05
vn 0.382686496 -0.923878312 -8.09591147E-05
vn 0.382672489 -0.923884094 -8.09596168E-05
vn 0.707100093 -0.707113385 -6.19158964E-05
vn 1 1.69888244E-06 0
vn 1 1.69888244E-06 0
vn 1 1.69888244E-06 0
vn 1 1.69888222E-06 0
vn 0.382675469 0.923882902 8.10529164E-05
vn 0.707106113 0.707107425 6.200184E-05
vn 0.707106113 0.707107425 6.20018254E-05
vn 0.382691354 0.923876286 8.10523343E-05
vn -0.382676899 0.923882246 8.09435296E-05
vn -0.382689267 0.92387706 8.09430712E-05
vn -0.707106769 0.707106769 6.17997357E-05
vn -0.707106769 0.707106769 6.17997357E-05
vn -1 -3.32056334E-06 0
vn -1 -3.32056334E-06 0
vn -1 -3.32056334E-06 0
vn -1 -3.32056288E-06 0
vn 0.382692456 -0.923875749 8.09490448E-05
vn 0.382676303 -0.923882484 8.0949605E-05
vn -0.382677555 -0.923881948 8.01773494E-05
vn -0.382691354 -0.923876286 8.01768183E-05
vn -0.707109392 -0.707104146 6.09007693E-05
vn -0.707109392 -0.707104146 6.09007657E-05
vn 0.707107186 -0.707106352 6.23278975E-05
vn 0.707107186 -0.707106352 6.23278756E-05
vn 0.382676303 -0.923882484 8.0949605E-05
vn 0.382692456 -0.923875749 8.09490448E-05
vn 1 -1.7374897E-06 7.21468609E-07
vn 1 -1.7374897E-06 7.21468609E-07
vn 1 -1.73748981E-06 7.21468609E-07
vn 1 -1.7374897E-06 7.21468609E-07
vn 0.382677019 0.923882186 -8.05573291E-05
vn 0.707108498 0.707104981 -6.13445955E-05
vn 0.707108498 0.707104981 -6.13445955E-05
vn 0.382692128 0.923875868 -8.05567906E-05
vn -0.382680386 0.923880756 -8.12805811E-05
vn -0.38269344 0.923875332 -8.12801227E-05
vn -0.707112074 0.707101405 -6.26809124E-05
vn -0.707112074 0.707101405 -6.26809124E-05
vn -1 0 -1.67948315E-06
vn -1 0 -1.67948315E-06
vn -1 0 -1.67948315E-06
vn -1 0 -1.67948315E-06
vn -8.09376579E-05 -0.923878312 -0.382686257
vn -8.11022473E-05 -0.923882246 0.382676899
vn -8.09381745E-05 -0.923884213 -0.38267228
vn -8.11016653E-05 -0.92387563 0.382692903
vn -6.21788931E-05 -0.707103908 0.707109571
vn -6.21788786E-05 -0.707103908 0.707109571
vn -6.18762861E-05 -0.707113802 -0.707099795
vn -8.09376579E-05 -0.923878312 -0.382686257
vn -8.09381745E-05 -0.923884213 -0.38267228
vn -6.18762933E-05 -0.707113802 -0.707099795
vn 1.72363059E-07 1.23554958E-06 -1
vn 1.72363059E-07 1.23554946E-06 -1
vn 1.72363059E-07 1.23554946E-06 -1
vn 1.72363059E-07 1.23554946E-06 -1
vn 8.10839338E-05 0.923882782 -0.382675558
vn 6.20591527E-05 0.707107186 -0.707106352
vn 6.20591527E-05 0.707107186 -0.707106352
vn 8.1083359E-05 0.923876166 -0.382691503
vn 8.08527475E-05 0.923882365 0.382676631
vn 8.08522818E-05 0.92387706 0.382689238
vn 6.16320031E-05 0.707106888 0.70710659
vn 6.16320031E-05 0.707107008 0.707106531
vn -1.72634586E-07 -4.32445358E-06 1
vn -1.72634572E-07 -4.32445358E-06 1
vn -1.72634572E-07 -4.32445358E-06 1
vn -1.72634572E-07 -4.32445358E-06 1
vn 8.09343401E-05 -0.92387563 -0.382692754
vn 8.09349294E-05 -0.923882484 -0.382676303
vn 8.01772694E-05 -0.923882067 0.382677257
vn 8.01767601E-05 -0.923876345 0.382690996
vn 6.09007038E-05 -0.707104564 0.707108974
vn 6.09007075E-05 -0.707104504 0.707109034
vn 6.23007945E-05 -0.707106233 -0.707107306
vn 6.23007945E-05 -0.707106173 -0.707107306
vn 8.09349294E-05 -0.923882484 -0.382676303
vn 8.09343401E-05 -0.92387563 -0.382692754
vn 6.89126637E-07 -1.23554628E-06 -1
vn 6.89126637E-07 -1.23554628E-06 -1
vn 6.89126637E-07 -1.23554628E-06 -1
vn 6.89126637E-07 -1.23554628E-06 -1
vn -8.05641321E-05 0.923881948 -0.382677495
vn -6.13571392E-05 0.707104325 -0.707109272
vn -6.13571319E-05 0.707104266 -0.707109272
vn -8.05635646E-05 0.923875749 -0.382692546
vn -8.12235667E-05 0.923881054 0.382679731
vn -8.12230865E-05 0.92387563 0.382692903
vn -6.25756074E-05 0.707102418 0.70711112
vn -6.25756074E-05 0.707102358 0.70711112
vn -1.37803693E-06 0 1
vn -1.37803715E-06 0 1
vn -1.37803715E-06 0 1
vn -1.37803715E-06 0 1
vn 0.92387718 4.04682978E-05 -0.382688999
vn 0.923880935 4.04684542E-05 -0.382680118
vn 0.923880458 4.01070538E-05 0.38268131
vn 0.923877895 4.01069337E-05 0.38268739
vn 0.707104266 3.04603527E-05 0.707109272
vn 0.707104266 3.04603509E-05 0.707109272
vn 0.707106173 3.11281874E-05 -0.707107306
vn 0.707106113 3.11281874E-05 -0.707107365
vn 0.923880935 4.04684542E-05 -0.382680118
vn 0.92387718 4.04682978E-05 -0.382688999
vn 1.23554889E-06 3.44329095E-07 -1
vn 1.23554889E-06 3.44329152E-07 -1
vn 1.23554889E-06 3.44329095E-07 -1
vn 1.23554889E-06 3.44329095E-07 -1
vn -0.923880458 -4.02474725E-05 -0.38268137
vn -0.707104325 -3.0666044E-05 -0.707109153
vn -0.707104325 -3.0666044E-05 -0.707109272
vn -0.923877358 -4.02473306E-05 -0.382688612
vn -0.923879504 -4.05766841E-05 0.382683277
vn -0.92387718 -4.05765823E-05 0.382689029
vn -0.707102537 -3.12743432E-05 0.707110941
vn -0.707102537 -3.12743505E-05 0.707110941
vn -0 -6.88550131E-07 1
vn -0 -6.88550131E-07 1
vn -0 -6.88550131E-07 1
vn -0 -6.88550131E-07 1
vn 0.00192105491 0.38258031 -0.923920214
vn 0.00177703449 -0.382702947 -0.923869729
vn 0.00177702983 -0.382658839 -0.923888087
vn 0.00192115176 0.382780939 -0.923837185
vn 0.00192072382 0.923918724 -0.382584125
vn 0.00192082056 0.923835337 -0.382785201
vn 0.00177592575 0.923886716 0.382661819
vn 0.00177593029 0.923868656 0.382705569
vn 0.00157150917 0.382814914 0.923823774
vn 0.00157133909 0.382549077 0.923933744
vn 0.00142733869 -0.382627636 0.923901498
vn 0.00142736768 -0.382736892 0.923856318
vn 0.00142800901 -0.923900783 0.382629484
vn 0.00142803765 -0.923855841 0.382738084
vn 0.00157278182 -0.923932731 -0.382551759
vn 0.00157295191 -0.923822522 -0.382817864
vn 0.00177702983 -0.382658839 -0.923888087
vn 0.00177703449 -0.382702947 -0.923869729
vn -0.56606859 0.56607008 0.59927547
vn -0.682564974 0.334095448 0.649988711
vn -0.578269005 0.58365041 0.57005018
vn -0.690070391 0.335373491 0.641348302
vn -0.659011364 0.67551595 0.330729604
vn -0.64791286 0.685770929 0.331552684
vn -0.334081054 0.703815818 0.62692368
vn -0.382198244 0.673107505 0.633127809
vn 0.403237492 -0.620328128 -0.672749937
vn 0.56789875 -0.595804632 -0.567897797
vn 0.688533366 -0.643460095 -0.334486097
vn 0.578119695 -0.567418218 -0.586356819
vn 0.334026426 -0.612724721 -0.716236472
vn 0.695425868 -0.635126531 -0.336150587
vn 0.640214562 -0.330921829 -0.693264723
vn 0.652117848 -0.329668909 -0.682686329
vn -0.688543022 -0.643448055 0.334489286
vn -0.688543141 -0.643448234 -0.33448875
vn -0.695433795 -0.635115743 -0.336154312
vn -0.695433617 -0.635115743 0.336154908
vn -0.331164867 -0.623457968 -0.70825839
vn 0.403237492 -0.620328128 -0.672749937
vn 0.334026426 -0.612724721 -0.716236472
vn -0.334028453 -0.612725616 -0.716234863
vn 0.688533366 -0.643460095 -0.334486097
vn 0.688532889 -0.643460453 0.334486276
vn 0.695425689 -0.635126352 0.336151183
vn 0.695425868 -0.635126531 -0.336150587
vn 0.337593168 -0.662494361 0.668679357
vn -0.337595046 -0.662492394 0.66868031
vn -0.337989718 -0.656426907 0.674438
vn 0.33798781 -0.656425893 0.674439967
vn -0.334081054 0.703815818 0.62692368
vn 0.334079117 0.703817487 0.626922667
vn 0.331997991 0.695616484 0.637099028
vn -0.382198244 0.673107505 0.633127809
vn 0.647976041 0.685717285 0.331540138
vn 0.647976041 0.685717583 -0.331539482
vn 0.659075916 0.675457299 -0.330721259
vn 0.659075618 0.67545718 0.330721796
vn 0.328776479 0.666588962 -0.669003248
vn -0.328778327 0.666587114 -0.669004083
vn -0.32921198 0.654132187 -0.680977583
vn 0.329210013 0.654130936 -0.680979729
vn -0.64791292 0.685771167 -0.331552058
vn -0.64791286 0.685770929 0.331552684
vn -0.659011364 0.67551595 0.330729604
vn -0.659011602 0.675516129 -0.330729067
vn 0.690066397 0.335368961 0.641354859
vn 0.690062761 -0.335369259 0.641358614
vn 0.682554543 -0.334091961 0.650001526
vn 0.682554841 0.334092408 0.65000087
vn -0.690070808 -0.335372984 0.641347945
vn -0.690070391 0.335373491 0.641348302
vn -0.682564974 0.334095448 0.649988711
vn -0.682564676 -0.334095031 0.649989128
vn 0.652117848 -0.329668909 -0.682686329
vn 0.652118683 0.329668462 -0.682685852
vn 0.64021194 0.330921322 -0.693267405
vn 0.640214562 -0.330921829 -0.693264723
vn -0.652127683 0.32967326 -0.682674825
vn -0.65212822 -0.329672754 -0.682674706
vn -0.64022702 -0.330925167 -0.69325161
vn -0.640227318 0.330925703 -0.693251073
vn -0.0307993051 0.382969081 -0.923247576
vn -0.0308082476 -0.382017225 -0.923641562
vn -0.0308104604 -0.382974952 -0.923244834
vn -0.0307971537 0.382023513 -0.923639238
vn -0.0307895765 0.923244715 -0.382976741
vn -0.0307873636 0.923642218 -0.382017374
vn -0.0307862684 0.923245728 0.382974535
vn -0.0307840724 0.923641562 0.382018924
vn -0.0307917725 0.382970184 0.923247337
vn -0.0307896119 0.382023245 0.923639774
vn -0.0308028907 -0.382976055 0.923244536
vn -0.0308006853 -0.382017046 0.92364186
vn -0.0308130663 -0.923246026 0.382971734
vn -0.0308108963 -0.923639774 0.382021248
vn -0.0308163986 -0.923244953 -0.382973999
vn -0.0308142118 -0.92364037 -0.38201955
vn -0.0308104604 -0.382974952 -0.923244834
vn -0.0308082476 -0.382017225 -0.923641562
vn 0.382621378 -0.0018440308 -0.923903406
vn -0.38274157 -0.0018440634 -0.923853576
vn -0.382618845 -0.00184402696 -0.923904479
vn 0.382745236 -0.00184406783 -0.923852146
vn 0.923926532 -0.00174323295 -0.382565856
vn 0.923830271 -0.00174336357 -0.382798463
vn 0.923895299 -0.00160258065 0.38264215
vn 0.923862398 -0.00160259579 0.382721335
vn 0.382777631 -0.00150489353 0.923839331
vn 0.382590711 -0.00150481006 0.923916757
vn -0.382587999 -0.00150481053 0.92391777
vn -0.382773995 -0.00150489376 0.923840761
vn -0.923893869 -0.00160392444 0.382645518
vn -0.923861206 -0.0016039391 0.382724226
vn -0.923925221 -0.00174457347 -0.382569253
vn -0.923829079 -0.00174470281 -0.382801414
vn -0.382618845 -0.00184402696 -0.923904479
vn -0.38274157 -0.0018440634 -0.923853576
vn 0.382967174 0.0303052608 -0.923264742
vn -0.382030189 0.0303149428 -0.92365247
vn -0.382972419 0.030317083 -0.923262119
vn 0.382037669 0.0303031746 -0.923649728
vn 0.923261881 0.0302961078 -0.382974803
vn 0.923652947 0.0302939694 -0.382030785
vn 0.923262894 0.0302928332 0.382972538
vn 0.923652351 0.0302907079 0.382032424
vn 0.382968247 0.03029784 0.923264563
vn 0.382037491 0.030295752 0.923650146
vn -0.382973611 0.030309679 0.923261881
vn -0.38202998 0.0303075332 0.923652768
vn -0.923262835 0.0303213745 0.382970452
vn -0.923650146 0.0303192809 0.382035673
vn -0.923261821 0.0303246323 -0.382972658
vn -0.923650622 0.0303225201 -0.382034004
vn -0.382972419 0.030317083 -0.923262119
vn -0.382030189 0.0303149428 -0.92365247
vn -0.00176927052 -0.382660657 -0.923887253
vn -0.00191617094 0.38278383 -0.923835993
vn -0.00191607245 0.382581115 -0.923919916
vn -0.00176927517 -0.382703841 -0.923869431
vn -0.0015660302 -0.923932731 -0.38255167
vn -0.00156619714 -0.923823535 -0.382815272
vn -0.00142623112 -0.923901379 0.382628083
vn -0.00142626115 -0.923855007 0.382739961
vn -0.00143127877 -0.382735163 0.923857033
vn -0.00143125153 -0.382628918 0.923900962
vn -0.00157802808 0.382549435 0.923933625
vn -0.00157819758 0.382815152 0.923823535
vn -0.00178076932 0.923887372 0.382660508
vn -0.00178077421 0.923868299 0.382706285
vn -0.00192059344 0.923918724 -0.382584065
vn -0.00192068762 0.923836887 -0.382781655
vn -0.00191607245 0.382581115 -0.923919916
vn -0.00191617094 0.38278383 -0.923835993
vn 0.0308009367 -0.382969767 -0.923247278
vn 0.0308079254 0.382018894 -0.923640847
vn 0.0308101233 0.382974118 -0.923245132
vn 0.0307987798 -0.382023454 -0.923639238
vn 0.0307916123 -0.92324543 -0.382974893
vn 0.0307894126 -0.923641682 -0.382018447
vn 0.0307874102 -0.923246145 0.382973671
vn 0.0307852291 -0.923640668 0.382021099
vn 0.030789936 -0.382970244 0.923247337
vn 0.0307877697 -0.382021874 0.92364037
vn 0.0307991039 0.382974625 0.923245251
vn 0.0307968967 0.382017374 0.92364186
vn 0.0308109783 0.923246324 0.382971019
vn 0.0308088288 0.923639059 0.382023185
vn 0.0308152065 0.923245728 -0.3829723
vn 0.0308130253 0.923640072 -0.382020444
vn 0.0308101233 0.382974118 -0.923245132
vn 0.0308079254 0.382018894 -0.923640847
vn -0.382619619 0.00187067082 -0.923904061
vn 0.38274321 0.00187310018 -0.923852861
vn 0.382618815 0.00187306339 -0.923904479
vn -0.382740825 0.0018707061 -0.923853874
vn -0.923926532 0.00176346162 -0.382565767
vn -0.923827648 0.00176359853 -0.382804722
vn -0.923892617 0.00161328597 0.382648259
vn -0.923861742 0.00161329948 0.382722974
vn -0.382774472 0.00150921161 0.923840523
vn -0.382586002 0.00150912639 0.923918724
vn 0.382585198 0.00151151768 0.923919022
vn 0.382776827 0.00151160569 0.923839629
vn 0.923892856 0.00161838217 0.382647872
vn 0.923862219 0.00161839556 0.382721752
vn 0.923926711 0.00176855852 -0.382565439
vn 0.923828065 0.00176869461 -0.382803589
vn 0.382618815 0.00187306339 -0.923904479
vn 0.38274321 0.00187310018 -0.923852861
vn -0.382968277 -0.0303052254 -0.923264205
vn 0.382032156 -0.0303149149 -0.923651636
vn 0.382971972 -0.0303170569 -0.923262417
vn -0.382036209 -0.0303031318 -0.923650324
vn -0.923261702 -0.0302927177 -0.382975459
vn -0.923653305 -0.0302905701 -0.382030457
vn -0.923262835 -0.0302894562 0.382973045
vn -0.923652649 -0.0302873217 0.382031858
vn -0.382969618 -0.0302978083 0.923263907
vn -0.38203615 -0.0302957091 0.923650622
vn 0.382973254 -0.0303096492 0.923262
vn 0.382032186 -0.0303075109 0.923651934
vn 0.923263311 -0.0303246565 0.382969022
vn 0.923650146 -0.0303225778 0.382035255
vn 0.923262179 -0.0303279124 -0.382971466
vn 0.923650622 -0.0303258095 -0.382033855
vn 0.382971972 -0.0303170569 -0.923262417
vn 0.382032156 -0.0303149149 -0.923651636
vn -0.9239254 0.382568598 -0.00176384987
vn -0.923863113 -0.382719636 -0.00162010605
vn -0.923893273 -0.382646918 -0.00162009359
vn -0.923830569 0.382797539 -0.00176397641
vn -0.382616431 0.923905373 -0.00185376534
vn -0.382748336 0.923850715 -0.00185380713
vn 0.382627547 0.923900902 -0.00183534389
vn 0.382738948 0.923854709 -0.00183537323
vn 0.923829257 0.382800817 -0.00172015955
vn 0.923927426 0.3825638 -0.00172002462
vn 0.923895299 -0.38264218 -0.00157627091
vn 0.923861802 -0.382723033 -0.00157628662
vn 0.382595301 -0.92391485 -0.0014880388
vn 0.382771522 -0.923841894 -0.00148811343
vn -0.382584214 -0.92391938 -0.0015064578
vn -0.38278091 -0.9238379 -0.00150655082
vn -0.923893273 -0.382646918 -0.00162009359
vn -0.923863113 -0.382719636 -0.00162010605
vn -0.923238933 0.38297087 0.0310344305
vn -0.923636377 -0.382010758 0.0310434066
vn -0.923236191 -0.38297677 0.0310456567
vn -0.923634052 0.382017106 0.0310322419
vn -0.382975042 0.923237503 0.0310271624
vn -0.382012069 0.923636377 0.0310249366
vn 0.382973433 0.923238337 0.0310223196
vn 0.382015705 0.923635066 0.0310201161
vn 0.923239231 0.382971227 0.0310227312
vn 0.923635304 0.382015288 0.031020537
vn 0.92323637 -0.382977158 0.0310339555
vn 0.92363739 -0.382009029 0.0310317036
vn 0.382970542 -0.923238635 0.0310493503
vn 0.382017881 -0.923633218 0.0310471598
vn -0.382972211 -0.923237681 0.0310541838
vn -0.382014275 -0.923634648 0.0310519803
vn -0.923236191 -0.38297677 0.0310456567
vn -0.923636377 -0.382010758 0.0310434066
vn -0.923893273 -0.382647008 0.00156427443
vn -0.923832893 0.382792264 0.00170239585
vn -0.923924208 0.382571906 0.00170227885
vn -0.923864126 -0.382717252 0.00156428618
vn -0.382588476 -0.92391777 0.00145524926
vn -0.382779002 -0.923838735 0.00145533599
vn 0.382598937 -0.923913419 0.00143701665
vn 0.382768661 -0.923843086 0.00143708591
vn 0.923862755 -0.382721156 0.00152153964
vn 0.923894882 -0.382643163 0.00152152509
vn 0.923925817 0.382567972 0.00165952998
vn 0.923831284 0.382796139 0.0016596549
vn 0.382629722 0.923900068 0.00177018042
vn 0.382737458 0.923855424 0.00177020847
vn -0.382619292 0.923904359 0.00178841327
vn -0.382747829 0.923851132 0.0017884525
vn -0.923924208 0.382571906 0.00170227885
vn -0.923832893 0.382792264 0.00170239585
vn -0.923238039 -0.382973433 -0.031031318
vn -0.9236359 0.382012397 -0.0310374163
vn -0.923236489 0.382976443 -0.0310396608
vn -0.923634768 -0.382015526 -0.0310290996
vn -0.382974565 -0.923237622 -0.0310278777
vn -0.382011712 -0.923636496 -0.0310256518
vn 0.382974565 -0.923237622 -0.0310278777
vn 0.382011712 -0.923636496 -0.0310256518
vn 0.923238039 -0.382973373 -0.0310313143
vn 0.923634768 -0.382015496 -0.0310290996
vn 0.923236489 0.382976413 -0.0310396645
vn 0.9236359 0.382012337 -0.03103742
vn 0.382971853 0.923238039 -0.0310516004
vn 0.382013857 0.923634768 -0.0310494006
vn -0.382971853 0.923238039 -0.0310516004
vn -0.382013857 0.923634768 -0.0310494006
vn -0.923236489 0.382976443 -0.0310396608
vn -0.9236359 0.382012397 -0.0310374163
vn 1.43137504E-06 1 -3.59293108E-06
vn 1.43137504E-06 1 -3.59293131E-06
vn 1.43137504E-06 1 -3.59293108E-06
vn 1.43137515E-06 1 -3.59293131E-06
vn 1.43137504E-06 1 -3.59293108E-06
vn 1.43137504E-06 1 -3.59293131E-06
vn 1.43137504E-06 1 -3.59293063E-06
vn 1.43137504E-06 1 -3.59293108E-06
vn -2.23705896E-07 -3.10660909E-07 -1
vn -2.23705925E-07 -3.10660909E-07 -1
vn -2.23705896E-07 -3.10660937E-07 -1
vn -2.23705896E-07 -3.10660909E-07 -1
vn -2.23705896E-07 -3.1066088E-07 -1
vn -2.23705896E-07 -3.1066088E-07 -1
vn -2.23705925E-07 -3.10660937E-07 -1
vn -2.23705925E-07 -3.10660937E-07 -1
vn 1 -2.06865707E-06 -4.39679525E-06
vn 1 -2.06865707E-06 -4.3967957E-06
vn 1 -2.0686573E-06 -4.3967957E-06
vn 1 -2.0686573E-06 -4.39679616E-06
vn 1 -2.0686573E-06 -4.3967957E-06
vn 1 -2.06865752E-06 -4.3967957E-06
vn 1 -2.06865707E-06 -4.3967957E-06
vn 1 -2.0686573E-06 -4.3967957E-06
vn 4.35506809E-06 -1.20966354E-06 1
vn 4.35506763E-06 -1.20966354E-06 1
vn 4.35506809E-06 -1.20966354E-06 1
vn 4.35506809E-06 -1.20966342E-06 1
vn 4.35506809E-06 -1.20966354E-06 1
vn 4.35506809E-06 -1.20966354E-06 1
vn 4.35506809E-06 -1.20966342E-06 1
vn 4.35506809E-06 -1.20966365E-06 1
vn -1 -2.2370601E-07 0
vn -1 -2.2370601E-07 0
vn -1 -2.2370601E-07 0
vn -1 -2.2370601E-07 0
vn -1 -2.23705996E-07 0
vn -1 -2.2370601E-07 0
vn -1 -2.23706024E-07 0
vn -1 -2.2370601E-07 0
vn -0 -1 0
vn -0 -1 0
vn -0 -1 0
vn -0 -1 0
vn -0 -1 0
vn -0 -1 0
vn -0 -1 0
vn -0 -1 0
vn -0.572831869 0.578176439 -0.581012607
vn -0.640227318 0.330925703 -0.693251073
vn -0.32921198 0.654132187 -0.680977583
vn -0.652127683 0.32967326 -0.682674825
vn -0.328778327 0.666587114 -0.669004083
vn -0.659011602 0.675516129 -0.330729067
vn -0.64791292 0.685771167 -0.331552058
vn 0.329210013 0.654130936 -0.680979729
vn 0.57284081 0.578173816 -0.581006527
vn 0.328776479 0.666588962 -0.669003248
vn 0.64021194 0.330921322 -0.693267405
vn 0.647976041 0.685717583 -0.331539482
vn 0.652118683 0.329668462 -0.682685852
vn 0.659075916 0.675457299 -0.330721259
vn 0.659075618 0.67545718 0.330721796
vn 0.578278184 0.583648384 0.570042968
vn 0.647976041 0.685717285 0.331540138
vn 0.690066397 0.335368961 0.641354859
vn 0.334079117 0.703817487 0.626922667
vn 0.682554841 0.334092408 0.65000087
vn 0.331997991 0.695616484 0.637099028
vn -0.337595046 -0.662492394 0.66868031
vn -0.688543022 -0.643448055 0.334489286
vn -0.583683789 -0.57290554 0.575406373
vn -0.337989718 -0.656426907 0.674438
vn -0.695433617 -0.635115743 0.336154908
vn -0.682564676 -0.334095031 0.649989128
vn -0.690070808 -0.335372984 0.641347945
vn 0.688532889 -0.643460453 0.334486276
vn 0.337593168 -0.662494361 0.668679357
vn 0.58368361 -0.5729056 0.575406492
vn 0.695425689 -0.635126352 0.336151183
vn 0.33798781 -0.656425893 0.674439967
vn 0.690062761 -0.335369259 0.641358614
vn 0.682554543 -0.334091961 0.650001526
vn -0.688543141 -0.643448234 -0.33448875
vn -0.331164867 -0.623457968 -0.70825839
vn -0.578119457 -0.567418873 -0.586356282
vn -0.695433795 -0.635115743 -0.336154312
vn -0.334028453 -0.612725616 -0.716234863
vn -0.65212822 -0.329672754 -0.682674706
vn -0.64022702 -0.330925167 -0.69325161
vn -0.350928634 -0.139541209 -0.925946712
vn -0.345809162 0.154894009 -0.925431669
vn -0.350929022 0.139542207 -0.925946414
vn -0.345808238 -0.154894263 -0.925432026
vn -0.154894397 0.345810264 -0.925431192
vn -0.139541641 -0.350929737 -0.925946236
vn -0.139540642 0.35093084 -0.925945938
vn -0.154892474 -0.345810115 -0.925431609
vn 0.154894397 0.345810264 -0.925431192
vn 0.139540985 -0.35093081 -0.925945938
vn 0.139540642 0.35093084 -0.925945938
vn 0.154895008 -0.345810235 -0.925431192
vn 0.345809162 0.154893979 -0.925431669
vn 0.350929767 -0.139541686 -0.925946236
vn 0.350929022 0.139542207 -0.925946414
vn 0.345809489 -0.154894605 -0.92543149
vn -0.779851198 -0.538727283 0.318755448
vn -0.783343375 0.190241098 0.591761291
vn -0.779851556 0.538727641 0.318754047
vn -0.783343375 -0.190242246 0.591760933
vn -0.190239474 0.783340394 0.591765761
vn -0.538731515 -0.77984941 0.318752676
vn -0.53873235 0.779848516 0.318753421
vn -0.190239459 -0.783342421 0.591763139
vn 0.190240636 0.783340216 0.591765642
vn 0.538728595 -0.77984935 0.318757713
vn 0.538729429 0.779848516 0.318758458
vn 0.190240636 -0.783342183 0.5917629
vn 0.783342481 0.190241069 0.591762424
vn 0.779849648 -0.538727283 0.318759143
vn 0.779850006 0.538727522 0.318757772
vn 0.783342481 -0.190242246 0.591762066
vn -0.462666839 0.18434301 0.867154479
vn -0.45627591 -0.202929422 0.866390169
vn -0.462667733 -0.184343249 0.867154062
vn -0.456275076 0.202929065 0.866390705
vn -0.202929705 -0.45627743 0.866389394
vn -0.184343904 0.462668419 0.867153585
vn -0.184343651 -0.462669373 0.867153049
vn -0.202928081 0.456277132 0.86638993
vn 0.202928916 -0.456277698 0.866389394
vn 0.184344366 0.462668806 0.867153227
vn 0.18434459 -0.462669075 0.867153049
vn 0.202928782 0.45627743 0.866389573
vn 0.456277668 -0.202929333 0.866389275
vn 0.462669283 0.18434383 0.867153168
vn 0.462669432 -0.184343755 0.867153049
vn 0.456277549 0.202929124 0.866389453
vn -0.763042569 0.547944307 -0.342816293
vn -0.738098204 -0.172634423 -0.652233303
vn -0.763041556 -0.547942996 -0.342820793
vn -0.7380988 0.17263402 -0.652232826
vn -0.172631279 -0.738090754 -0.652242601
vn -0.547946215 0.763041019 -0.342816889
vn -0.547945321 -0.76303941 -0.342821956
vn -0.172631785 0.738093674 -0.652239203
vn 0.172634035 -0.738089323 -0.652243495
vn 0.547941089 0.763037384 -0.342833012
vn 0.547940254 -0.763035774 -0.34283796
vn 0.172634467 0.738092244 -0.652240098
vn 0.738091648 -0.172633052 -0.65224123
vn 0.763038337 0.547940671 -0.342831671
vn 0.763037384 -0.54793936 -0.342835933
vn 0.738092124 0.172632635 -0.652240694
vn -0.164396256 -0.895764589 -0.413012773
vn 0.181697562 -0.895106137 -0.407149822
vn 0.164397329 -0.895764053 -0.413013637
vn -0.181696132 -0.895106912 -0.407148868
vn 0.407152295 -0.895105302 -0.18169643
vn -0.413011104 -0.895765483 -0.164396062
vn 0.413015872 -0.89576298 -0.164397329
vn -0.407147557 -0.895107567 -0.18169558
vn 0.407152832 -0.895105064 0.181696236
vn -0.413011909 -0.895765066 0.164395839
vn 0.413016319 -0.895762801 0.164397314
vn -0.407148182 -0.89510721 0.181696117
vn 0.181698143 -0.89510566 0.407150567
vn -0.164396986 -0.895764053 0.413013905
vn 0.16439797 -0.895763576 0.413014501
vn -0.181696758 -0.895106256 0.40715
vn -0.538333952 0.317818016 -0.780505061
vn 0.190937877 0.589340091 -0.784997404
vn 0.538333833 0.317820221 -0.780504286
vn -0.190940008 0.589338362 -0.784998298
vn 0.784992635 0.589346111 -0.190939054
vn -0.780503213 0.31781441 -0.538338959
vn 0.780499518 0.317822874 -0.538339376
vn -0.785001397 0.58933413 -0.190940037
vn 0.784992278 0.589346468 0.190939248
vn -0.780503213 0.317818671 0.538336396
vn 0.780499399 0.317827255 0.538336694
vn -0.78500104 0.589334548 0.190940201
vn 0.190937772 0.589343965 0.784994543
vn -0.53833437 0.317822963 0.780502737
vn 0.538334429 0.317825139 0.780501902
vn -0.190939844 0.589341998 0.784995496
vn 0.89063406 -0.168191299 -0.422472119
vn 0.889955282 0.185755149 -0.416502804
vn 0.89063406 0.168191895 -0.422471792
vn 0.889955163 -0.185756087 -0.416502595
vn 0.889955461 0.416502178 -0.185755581
vn 0.890634358 -0.422471523 -0.168191209
vn 0.890634358 0.422471553 -0.168190777
vn 0.88995558 -0.416502327 -0.185755223
vn 0.889955759 0.416501969 0.185755163
vn 0.890634358 -0.422471285 0.168191329
vn 0.890634477 0.422471255 0.168191135
vn 0.88995558 -0.416502059 0.185755461
vn 0.889955461 0.185754836 0.416502684
vn 0.890634 -0.16819112 0.422472268
vn 0.890634179 0.168191671 0.422471732
vn 0.889955163 -0.185755819 0.416502804
vn -0.3188878 -0.53878063 -0.779760182
vn -0.592093647 0.190146044 -0.783115208
vn -0.318889022 0.538780391 -0.779759824
vn -0.592093349 -0.190146402 -0.783115506
vn -0.592096746 0.783113003 -0.190145716
vn -0.318887502 -0.779759824 -0.538781345
vn -0.318890095 0.779758811 -0.538781226
vn -0.592093647 -0.783115268 -0.190146074
vn -0.592095912 0.783113778 0.190145656
vn -0.318881303 -0.779760361 0.538784385
vn -0.318883866 0.779759407 0.538784206
vn -0.592092812 -0.783115923 0.19014594
vn -0.592086732 0.190146595 0.783120394
vn -0.318879843 -0.53878051 0.779763579
vn -0.318881065 0.538780272 0.779763162
vn -0.592086256 -0.190146819 0.783120692
vn 0.164399162 0.895762682 -0.413015842
vn -0.181700066 0.895103157 -0.407155335
vn -0.164398357 0.895761132 -0.413019449
vn 0.181695879 0.895105064 -0.407152921
vn -0.407158524 0.895101666 -0.181699991
vn 0.413016617 0.895762622 -0.164398
vn -0.41302231 0.895759463 -0.164400786
vn 0.407152921 0.895104885 -0.18169713
vn -0.40715915 0.895101368 0.181699991
vn 0.413017422 0.895762205 0.16439797
vn -0.413022816 0.895759225 0.164400876
vn 0.407153577 0.895104408 0.181697845
vn -0.181700602 0.895102441 0.407156616
vn 0.164400041 0.895761728 0.413017422
vn -0.164399117 0.895760477 0.41302079
vn 0.181696564 0.89510411 0.40715462
vn 0.538336575 -0.317828208 -0.78049922
vn -0.19093591 -0.589347482 -0.784992337
vn -0.538335145 -0.317820579 -0.780503273
vn 0.190936327 -0.589349747 -0.784990609
vn -0.784992695 -0.589346349 -0.190937996
vn 0.780497253 -0.317832232 -0.538337111
vn -0.78049922 -0.317820191 -0.538341284
vn 0.784983873 -0.589358747 -0.190935627
vn -0.784992635 -0.589346349 0.190938443
vn 0.780497313 -0.317835569 0.538334966
vn -0.780499279 -0.317823559 0.538339138
vn 0.784983814 -0.589358866 0.190936089
vn -0.190935969 -0.589349031 0.784991264
vn 0.538336813 -0.317831278 0.78049773
vn -0.538335443 -0.317823827 0.780501842
vn 0.190936461 -0.589351416 0.784989357
vn -0.890661597 0.168171436 -0.422422022
vn -0.889982581 -0.185734585 -0.416453689
vn -0.890661299 -0.168171495 -0.422422439
vn -0.88998282 0.185734317 -0.416453212
vn -0.889982462 -0.416454017 -0.185734764
vn -0.890661418 0.42242232 -0.168171465
vn -0.89066112 -0.422422916 -0.168171406
vn -0.88998276 0.4164536 -0.185733914
vn -0.889982104 -0.416454643 0.185734749
vn -0.890661001 0.422423184 0.168171376
vn -0.890660822 -0.422423452 0.16817151
vn -0.889982283 0.416454285 0.185734615
vn -0.889981806 -0.185735166 0.41645506
vn -0.890660524 0.16817233 0.422423691
vn -0.890660524 -0.1681723 0.42242384
vn -0.889981866 0.185734972 0.416454911
vn 0.318877071 0.53877759 -0.779766738
vn 0.592076182 -0.190150723 -0.783127367
vn 0.318880767 -0.538776517 -0.779765844
vn 0.592075646 0.190150335 -0.783127964
vn 0.592078388 -0.783125579 -0.190150887
vn 0.318876445 0.779764414 -0.538781345
vn 0.318880856 -0.779763103 -0.53878057
vn 0.592074811 0.783128202 -0.190151364
vn 0.592078567 -0.78312552 0.19015123
vn 0.318879843 0.779764533 0.53877914
vn 0.318884254 -0.779763162 0.538778365
vn 0.59207499 0.783128083 0.190151662
vn 0.592078328 -0.190150738 0.783125639
vn 0.318880409 0.538777947 0.779765129
vn 0.318884283 -0.538776934 0.779764175
vn 0.592077851 0.190150261 0.783126235
vn -1 3.3907022E-06 -9.16370027E-06
vn -1 8.13541737E-06 -1.7984778E-06
vn -1 8.33671493E-06 -1.47933213E-06
vn -1 3.39616349E-06 -9.161241E-06
vn -1 1.77542133E-05 2.7942508E-06
vn -1 6.10401003E-06 -3.06321317E-06
vn -1 1.78634255E-05 2.73244677E-06
vn -1 6.2638801E-06 -2.71706949E-06
vn -1 1.99108254E-05 -8.39724908E-06
vn -1 9.01338444E-06 3.32139552E-06
vn -1 1.99927599E-05 -8.14985833E-06
vn -1 9.01960902E-06 3.33094658E-06
vn -1 1.02548638E-05 -1.56531223E-05
vn -1 6.64673234E-06 -5.03273759E-06
vn -1 1.12087382E-05 -1.57970644E-05
vn -1 6.29675878E-06 -6.30756085E-06
vn 1.1071068E-05 4.19276876E-06 -1
vn 3.45225658E-06 7.90765989E-06 -1
vn 3.1062591E-06 8.09901394E-06 -1
vn 1.10828314E-05 4.16659486E-06 -1
vn -2.27919281E-06 1.75253826E-05 -1
vn 3.87203681E-06 8.01763235E-06 -1
vn -2.22878407E-06 1.76396497E-05 -1
vn 3.48344133E-06 8.19710931E-06 -1
vn 8.39725999E-06 1.99108308E-05 -1
vn -4.11566998E-06 1.08946142E-05 -1
vn 8.14985651E-06 1.99927708E-05 -1
vn -4.08870665E-06 1.09195007E-05 -1
vn 1.50568467E-05 1.04451237E-05 -1
vn 3.67904158E-06 7.6274755E-06 -1
vn 1.5283129E-05 1.13727265E-05 -1
vn 4.98241116E-06 7.19607988E-06 -1
vn -6.2457998E-06 1 1.34069987E-05
vn -5.77235551E-06 1 1.33025906E-05
vn 1.79965582E-06 1 5.73058605E-06
vn 1.71142665E-06 1 5.44964041E-06
vn -1.94014319E-05 1 4.36324854E-06
vn -5.73049283E-06 1 1.7996482E-06
vn -1.96059536E-05 1 3.79276298E-06
vn -5.4497068E-06 1 1.71146758E-06
vn -1.14439863E-05 1 -3.59398769E-06
vn -1.33025933E-05 1 9.37171353E-06
vn -1.20341192E-05 1 -3.77931951E-06
vn -1.34070024E-05 1 9.66876451E-06
vn -3.59397291E-06 1 1.14443428E-05
vn -1.13513115E-05 1 1.96064502E-05
vn -3.77929427E-06 1 1.20344639E-05
vn -1.15514313E-05 1 1.94018394E-05
vn 1 7.49495393E-06 1.60883937E-05
vn 1 6.92681124E-06 1.59631018E-05
vn 1 -2.15958903E-06 6.87670581E-06
vn 1 -2.05371043E-06 6.53956158E-06
vn 1 2.20827642E-05 5.61240086E-06
vn 1 6.87658303E-06 2.15957766E-06
vn 1 2.2266393E-05 4.94723827E-06
vn 1 6.53964298E-06 2.05376227E-06
vn 1 1.25338693E-05 -3.93627806E-06
vn 1 1.59631036E-05 1.12460557E-05
vn 1 1.31801844E-05 -4.13925318E-06
vn 1 1.60883974E-05 1.1602513E-05
vn 1 3.93625805E-06 1.25342885E-05
vn 1 1.322565E-05 2.2266986E-05
vn 1 4.13922453E-06 1.31805955E-05
vn 1 1.34852007E-05 2.20832662E-05
vn -1.34069824E-05 6.24577069E-06 1
vn -1.33025724E-05 5.77232549E-06 1
vn -5.7305856E-06 -1.79965548E-06 1
vn -5.44962859E-06 -1.71142278E-06 1
vn -4.19210664E-06 1.99463411E-05 1
vn -1.79964786E-06 5.73048874E-06 1
vn -3.61277898E-06 2.01789553E-05 1
vn -1.71146939E-06 5.44970726E-06 1
vn 3.76514481E-06 1.19889764E-05 1
vn -9.371739E-06 1.33026033E-05 1
vn 3.95927373E-06 1.26071218E-05 1
vn -9.66875996E-06 1.34070051E-05 1
vn -1.19893184E-05 3.76512321E-06 1
vn -2.01795265E-05 1.15312923E-05 1
vn -1.26075147E-05 3.95926099E-06 1
vn -1.9946825E-05 1.17225864E-05 1
g P_Cross_PlusUp_B_0
f 3/3/3 2/2/2 1/1/1
f 2/2/2 4/4/4 1/1/1
f 2/2/2 5/5/5 4/4/4
f 5/5/5 6/6/6 4/4/4
f 9/9/9 8/8/8 7/7/7
f 10/10/10 9/9/9 7/7/7
f 13/13/13 12/12/12 11/11/11
f 14/14/14 13/13/13 11/11/11
f 17/17/17 16/16/16 15/15/15
f 18/18/18 17/17/17 15/15/15
f 18/18/18 15/15/15 19/19/19
f 20/20/20 18/18/18 19/19/19
f 20/20/20 19/19/19 21/21/21
f 22/22/22 20/20/20 21/21/21
f 25/25/25 24/24/24 23/23/23
f 26/26/26 25/25/25 23/23/23
f 29/29/29 28/28/28 27/27/27
f 30/30/30 29/29/29 27/27/27
f 31/31/31 29/29/29 30/30/30
f 32/32/32 31/31/31 30/30/30
f 35/35/35 34/34/34 33/33/33
f 36/36/36 35/35/35 33/33/33
f 39/39/39 38/38/38 37/37/37
f 40/40/40 39/39/39 37/37/37
f 43/43/43 42/42/42 41/41/41
f 42/42/42 44/44/44 41/41/41
f 41/41/41 44/44/44 45/45/45
f 44/44/44 46/46/46 45/45/45
f 45/45/45 46/46/46 47/47/47
f 46/46/46 48/48/48 47/47/47
f 51/51/51 50/50/50 49/49/49
f 52/52/52 51/51/51 49/49/49
f 55/55/55 54/54/54 53/53/53
f 54/54/54 56/56/56 53/53/53
f 54/54/54 57/57/57 56/56/56
f 57/57/57 58/58/58 56/56/56
f 61/61/61 60/60/60 59/59/59
f 62/62/62 61/61/61 59/59/59
f 65/65/65 64/64/64 63/63/63
f 66/66/66 65/65/65 63/63/63
f 69/69/69 68/68/68 67/67/67
f 70/70/70 69/69/69 67/67/67
f 70/70/70 67/67/67 71/71/71
f 72/72/72 70/70/70 71/71/71
f 72/72/72 71/71/71 73/73/73
f 74/74/74 72/72/72 73/73/73
f 77/77/77 76/76/76 75/75/75
f 78/78/78 77/77/77 75/75/75
f 81/81/81 80/80/80 79/79/79
f 82/82/82 81/81/81 79/79/79
f 83/83/83 81/81/81 82/82/82
f 84/84/84 83/83/83 82/82/82
f 87/87/87 86/86/86 85/85/85
f 88/88/88 87/87/87 85/85/85
f 91/91/91 90/90/90 89/89/89
f 92/92/92 91/91/91 89/89/89
f 95/95/95 94/94/94 93/93/93
f 94/94/94 96/96/96 93/93/93
f 93/93/93 96/96/96 97/97/97
f 96/96/96 98/98/98 97/97/97
f 97/97/97 98/98/98 99/99/99
f 98/98/98 100/100/100 99/99/99
f 103/103/103 102/102/102 101/101/101
f 104/104/104 103/103/103 101/101/101
f 107/107/107 106/106/106 105/105/105
f 108/108/108 107/107/107 105/105/105
f 109/109/109 107/107/107 108/108/108
f 110/110/110 109/109/109 108/108/108
f 113/113/113 112/112/112 111/111/111
f 114/114/114 113/113/113 111/111/111
f 117/117/117 116/116/116 115/115/115
f 118/118/118 117/117/117 115/115/115
f 121/121/121 120/120/120 119/119/119
f 120/120/120 122/122/122 119/119/119
f 119/119/119 122/122/122 123/123/123
f 122/122/122 124/124/124 123/123/123
f 123/123/123 124/124/124 125/125/125
f 124/124/124 126/126/126 125/125/125
f 129/129/129 128/128/128 127/127/127
f 130/130/130 129/129/129 127/127/127
f 133/133/133 132/132/132 131/131/131
f 132/132/132 134/134/134 131/131/131
f 135/135/135 131/131/131 134/134/134
f 136/136/136 135/135/135 134/134/134
f 135/135/135 136/136/136 137/137/137
f 136/136/136 138/138/138 137/137/137
f 138/138/138 139/139/139 137/137/137
f 139/139/139 140/140/140 137/137/137
f 140/140/140 139/139/139 141/141/141
f 139/139/139 142/142/142 141/141/141
f 143/143/143 141/141/141 142/142/142
f 144/144/144 143/143/143 142/142/142
f 143/143/143 144/144/144 145/145/145
f 144/144/144 146/146/146 145/145/145
f 147/147/147 145/145/145 146/146/146
f 148/148/148 147/147/147 146/146/146
f 151/151/151 150/150/150 149/149/149
f 150/150/150 151/151/151 152/152/152
f 151/151/151 153/153/153 152/152/152
f 154/154/154 153/153/153 151/151/151
f 151/151/151 155/155/155 154/154/154
f 155/155/155 151/151/151 156/156/156
f 159/159/159 158/158/158 157/157/157
f 160/160/160 159/159/159 157/157/157
f 161/161/161 160/160/160 157/157/157
f 159/159/159 160/160/160 162/162/162
f 160/160/160 161/161/161 163/163/163
f 160/160/160 164/164/164 162/162/162
f 163/163/163 164/164/164 160/160/160
f 167/167/167 166/166/166 165/165/165
f 168/168/168 167/167/167 165/165/165
f 171/171/171 170/170/170 169/169/169
f 172/172/172 171/171/171 169/169/169
f 175/175/175 174/174/174 173/173/173
f 176/176/176 175/175/175 173/173/173
f 179/179/179 178/178/178 177/177/177
f 180/180/180 179/179/179 177/177/177
f 183/183/183 182/182/182 181/181/181
f 184/184/184 183/183/183 181/181/181
f 187/187/187 186/186/186 185/185/185
f 188/188/188 187/187/187 185/185/185
f 191/191/191 190/190/190 189/189/189
f 192/192/192 191/191/191 189/189/189
f 195/195/195 194/194/194 193/193/193
f 196/196/196 195/195/195 193/193/193
f 199/199/199 198/198/198 197/197/197
f 200/200/200 199/199/199 197/197/197
f 203/203/203 202/202/202 201/201/201
f 204/204/204 203/203/203 201/201/201
f 207/207/207 206/206/206 205/205/205
f 208/208/208 207/207/207 205/205/205
f 211/211/211 210/210/210 209/209/209
f 212/212/212 211/211/211 209/209/209
f 215/215/215 214/214/214 213/213/213
f 214/214/214 216/216/216 213/213/213
f 213/213/213 216/216/216 217/217/217
f 216/216/216 218/218/218 217/217/217
f 217/217/217 218/218/218 219/219/219
f 218/218/218 220/220/220 219/219/219
f 219/219/219 220/220/220 221/221/221
f 220/220/220 222/222/222 221/221/221
f 221/221/221 222/222/222 223/223/223
f 222/222/222 224/224/224 223/223/223
f 223/223/223 224/224/224 225/225/225
f 224/224/224 226/226/226 225/225/225
f 225/225/225 226/226/226 227/227/227
f 226/226/226 228/228/228 227/227/227
f 227/227/227 228/228/228 229/229/229
f 228/228/228 230/230/230 229/229/229
f 233/233/233 232/232/232 231/231/231
f 232/232/232 234/234/234 231/231/231
f 235/235/235 231/231/231 234/234/234
f 236/236/236 235/235/235 234/234/234
f 235/235/235 236/236/236 237/237/237
f 236/236/236 238/238/238 237/237/237
f 238/238/238 239/239/239 237/237/237
f 239/239/239 240/240/240 237/237/237
f 240/240/240 239/239/239 241/241/241
f 239/239/239 242/242/242 241/241/241
f 243/243/243 241/241/241 242/242/242
f 244/244/244 243/243/243 242/242/242
f 243/243/243 244/244/244 245/245/245
f 244/244/244 246/246/246 245/245/245
f 247/247/247 245/245/245 246/246/246
f 248/248/248 247/247/247 246/246/246
f 251/251/251 250/250/250 249/249/249
f 250/250/250 252/252/252 249/249/249
f 249/249/249 252/252/252 253/253/253
f 252/252/252 254/254/254 253/253/253
f 253/253/253 254/254/254 255/255/255
f 254/254/254 256/256/256 255/255/255
f 255/255/255 256/256/256 257/257/257
f 256/256/256 258/258/258 257/257/257
f 257/257/257 258/258/258 259/259/259
f 258/258/258 260/260/260 259/259/259
f 259/259/259 260/260/260 261/261/261
f 260/260/260 262/262/262 261/261/261
f 261/261/261 262/262/262 263/263/263
f 262/262/262 264/264/264 263/263/263
f 263/263/263 264/264/264 265/265/265
f 264/264/264 266/266/266 265/265/265
f 269/269/269 268/268/268 267/267/267
f 268/268/268 270/270/270 267/267/267
f 271/271/271 267/267/267 270/270/270
f 272/272/272 271/271/271 270/270/270
f 271/271/271 272/272/272 273/273/273
f 272/272/272 274/274/274 273/273/273
f 274/274/274 275/275/275 273/273/273
f 275/275/275 276/276/276 273/273/273
f 276/276/276 275/275/275 277/277/277
f 275/275/275 278/278/278 277/277/277
f 279/279/279 277/277/277 278/278/278
f 280/280/280 279/279/279 278/278/278
f 279/279/279 280/280/280 281/281/281
f 280/280/280 282/282/282 281/281/281
f 283/283/283 281/281/281 282/282/282
f 284/284/284 283/283/283 282/282/282
f 287/287/287 286/286/286 285/285/285
f 286/286/286 288/288/288 285/285/285
f 285/285/285 288/288/288 289/289/289
f 288/288/288 290/290/290 289/289/289
f 289/289/289 290/290/290 291/291/291
f 290/290/290 292/292/292 291/291/291
f 291/291/291 292/292/292 293/293/293
f 292/292/292 294/294/294 293/293/293
f 293/293/293 294/294/294 295/295/295
f 294/294/294 296/296/296 295/295/295
f 295/295/295 296/296/296 297/297/297
f 296/296/296 298/298/298 297/297/297
f 297/297/297 298/298/298 299/299/299
f 298/298/298 300/300/300 299/299/299
f 299/299/299 300/300/300 301/301/301
f 300/300/300 302/302/302 301/301/301
f 305/305/305 304/304/304 303/303/303
f 304/304/304 306/306/306 303/303/303
f 307/307/307 303/303/303 306/306/306
f 308/308/308 307/307/307 306/306/306
f 307/307/307 308/308/308 309/309/309
f 308/308/308 310/310/310 309/309/309
f 310/310/310 311/311/311 309/309/309
f 311/311/311 312/312/312 309/309/309
f 312/312/312 311/311/311 313/313/313
f 311/311/311 314/314/314 313/313/313
f 315/315/315 313/313/313 314/314/314
f 316/316/316 315/315/315 314/314/314
f 315/315/315 316/316/316 317/317/317
f 316/316/316 318/318/318 317/317/317
f 319/319/319 317/317/317 318/318/318
f 320/320/320 319/319/319 318/318/318
f 323/323/323 322/322/322 321/321/321
f 322/322/322 324/324/324 321/321/321
f 321/321/321 324/324/324 325/325/325
f 324/324/324 326/326/326 325/325/325
f 325/325/325 326/326/326 327/327/327
f 326/326/326 328/328/328 327/327/327
f 327/327/327 328/328/328 329/329/329
f 328/328/328 330/330/330 329/329/329
f 329/329/329 330/330/330 331/331/331
f 330/330/330 332/332/332 331/331/331
f 331/331/331 332/332/332 333/333/333
f 332/332/332 334/334/334 333/333/333
f 333/333/333 334/334/334 335/335/335
f 334/334/334 336/336/336 335/335/335
f 335/335/335 336/336/336 337/337/337
f 336/336/336 338/338/338 337/337/337
f 341/341/341 340/340/340 339/339/339
f 340/340/340 342/342/342 339/339/339
f 343/343/343 339/339/339 342/342/342
f 344/344/344 343/343/343 342/342/342
f 343/343/343 344/344/344 345/345/345
f 344/344/344 346/346/346 345/345/345
f 346/346/346 347/347/347 345/345/345
f 347/347/347 348/348/348 345/345/345
f 348/348/348 347/347/347 349/349/349
f 347/347/347 350/350/350 349/349/349
f 351/351/351 349/349/349 350/350/350
f 352/352/352 351/351/351 350/350/350
f 351/351/351 352/352/352 353/353/353
f 352/352/352 354/354/354 353/353/353
f 355/355/355 353/353/353 354/354/354
f 356/356/356 355/355/355 354/354/354
f 359/359/359 358/358/358 357/357/357
f 358/358/358 360/360/360 357/357/357
f 357/357/357 360/360/360 361/361/361
f 360/360/360 362/362/362 361/361/361
f 361/361/361 362/362/362 363/363/363
f 362/362/362 364/364/364 363/363/363
f 363/363/363 364/364/364 365/365/365
f 364/364/364 366/366/366 365/365/365
f 365/365/365 366/366/366 367/367/367
f 366/366/366 368/368/368 367/367/367
f 367/367/367 368/368/368 369/369/369
f 368/368/368 370/370/370 369/369/369
f 369/369/369 370/370/370 371/371/371
f 370/370/370 372/372/372 371/371/371
f 371/371/371 372/372/372 373/373/373
f 372/372/372 374/374/374 373/373/373
f 377/377/377 376/376/376 375/375/375
f 376/376/376 378/378/378 375/375/375
f 379/379/379 375/375/375 378/378/378
f 380/380/380 379/379/379 378/378/378
f 379/379/379 380/380/380 381/381/381
f 380/380/380 382/382/382 381/381/381
f 382/382/382 383/383/383 381/381/381
f 383/383/383 384/384/384 381/381/381
f 384/384/384 383/383/383 385/385/385
f 383/383/383 386/386/386 385/385/385
f 387/387/387 385/385/385 386/386/386
f 388/388/388 387/387/387 386/386/386
f 387/387/387 388/388/388 389/389/389
f 388/388/388 390/390/390 389/389/389
f 391/391/391 389/389/389 390/390/390
f 392/392/392 391/391/391 390/390/390
f 395/395/395 394/394/394 393/393/393
f 394/394/394 396/396/396 393/393/393
f 393/393/393 396/396/396 397/397/397
f 396/396/396 398/398/398 397/397/397
f 397/397/397 398/398/398 399/399/399
f 398/398/398 400/400/400 399/399/399
f 399/399/399 400/400/400 401/401/401
f 400/400/400 402/402/402 401/401/401
f 401/401/401 402/402/402 403/403/403
f 402/402/402 404/404/404 403/403/403
f 403/403/403 404/404/404 405/405/405
f 404/404/404 406/406/406 405/405/405
f 405/405/405 406/406/406 407/407/407
f 406/406/406 408/408/408 407/407/407
f 407/407/407 408/408/408 409/409/409
f 408/408/408 410/410/410 409/409/409
f 413/413/413 412/412/412 411/411/411
f 411/411/411 414/414/414 413/413/413
f 411/411/411 415/415/415 414/414/414
f 411/411/411 416/416/416 415/415/415
f 416/416/416 417/417/417 415/415/415
f 417/417/417 418/418/418 415/415/415
f 421/421/421 420/420/420 419/419/419
f 419/419/419 422/422/422 421/421/421
f 419/419/419 423/423/423 422/422/422
f 419/419/419 424/424/424 423/423/423
f 424/424/424 425/425/425 423/423/423
f 424/424/424 426/426/426 425/425/425
f 429/429/429 428/428/428 427/427/427
f 427/427/427 430/430/430 429/429/429
f 430/430/430 431/431/431 429/429/429
f 431/431/431 432/432/432 429/429/429
f 431/431/431 433/433/433 432/432/432
f 433/433/433 434/434/434 432/432/432
f 437/437/437 436/436/436 435/435/435
f 435/435/435 438/438/438 437/437/437
f 435/435/435 439/439/439 438/438/438
f 435/435/435 440/440/440 439/439/439
f 440/440/440 441/441/441 439/439/439
f 441/441/441 442/442/442 439/439/439
f 445/445/445 444/444/444 443/443/443
f 443/443/443 446/446/446 445/445/445
f 443/443/443 447/447/447 446/446/446
f 447/447/447 448/448/448 446/446/446
f 447/447/447 449/449/449 448/448/448
f 447/447/447 450/450/450 449/449/449
f 453/453/453 452/452/452 451/451/451
f 451/451/451 454/454/454 453/453/453
f 451/451/451 455/455/455 454/454/454
f 455/455/455 456/456/456 454/454/454
f 455/455/455 457/457/457 456/456/456
f 457/457/457 458/458/458 456/456/456
f 461/461/461 460/460/460 459/459/459
f 462/462/462 459/459/459 460/460/460
f 463/463/463 461/461/461 459/459/459
f 459/459/459 462/462/462 464/464/464
f 459/459/459 465/465/465 463/463/463
f 465/465/465 459/459/459 464/464/464
f 468/468/468 467/467/467 466/466/466
f 467/467/467 469/469/469 466/466/466
f 467/467/467 468/468/468 470/470/470
f 469/469/469 467/467/467 471/471/471
f 470/470/470 472/472/472 467/467/467
f 467/467/467 472/472/472 471/471/471
f 475/475/475 474/474/474 473/473/473
f 474/474/474 476/476/476 473/473/473
f 474/474/474 475/475/475 477/477/477
f 476/476/476 474/474/474 478/478/478
f 477/477/477 479/479/479 474/474/474
f 474/474/474 479/479/479 478/478/478
f 482/482/482 481/481/481 480/480/480
f 482/482/482 480/480/480 483/483/483
f 484/484/484 481/481/481 482/482/482
f 482/482/482 483/483/483 485/485/485
f 482/482/482 486/486/486 484/484/484
f 486/486/486 482/482/482 485/485/485
f 489/489/489 488/488/488 487/487/487
f 490/490/490 489/489/489 487/487/487
f 489/489/489 491/491/491 488/488/488
f 489/489/489 490/490/490 492/492/492
f 489/489/489 493/493/493 491/491/491
f 492/492/492 493/493/493 489/489/489
f 496/496/496 495/495/495 494/494/494
f 497/497/497 496/496/496 494/494/494
f 498/498/498 495/495/495 496/496/496
f 496/496/496 497/497/497 499/499/499
f 496/496/496 500/500/500 498/498/498
f 500/500/500 496/496/496 499/499/499
f 503/503/503 502/502/502 501/501/501
f 502/502/502 504/504/504 501/501/501
f 505/505/505 502/502/502 503/503/503
f 501/501/501 504/504/504 506/506/506
f 507/507/507 505/505/505 503/503/503
f 504/504/504 508/508/508 506/506/506
f 509/509/509 505/505/505 507/507/507
f 506/506/506 508/508/508 510/510/510
f 511/511/511 509/509/509 507/507/507
f 508/508/508 512/512/512 510/510/510
f 513/513/513 509/509/509 511/511/511
f 510/510/510 512/512/512 514/514/514
f 515/515/515 513/513/513 511/511/511
f 512/512/512 516/516/516 514/514/514
f 516/516/516 513/513/513 515/515/515
f 514/514/514 516/516/516 515/515/515
f 519/519/519 518/518/518 517/517/517
f 518/518/518 520/520/520 517/517/517
f 521/521/521 518/518/518 519/519/519
f 517/517/517 520/520/520 522/522/522
f 523/523/523 521/521/521 519/519/519
f 520/520/520 524/524/524 522/522/522
f 525/525/525 521/521/521 523/523/523
f 522/522/522 524/524/524 526/526/526
f 527/527/527 525/525/525 523/523/523
f 524/524/524 528/528/528 526/526/526
f 529/529/529 525/525/525 527/527/527
f 526/526/526 528/528/528 530/530/530
f 531/531/531 529/529/529 527/527/527
f 528/528/528 532/532/532 530/530/530
f 532/532/532 529/529/529 531/531/531
f 530/530/530 532/532/532 531/531/531
f 535/535/535 534/534/534 533/533/533
f 534/534/534 536/536/536 533/533/533
f 537/537/537 534/534/534 535/535/535
f 533/533/533 536/536/536 538/538/538
f 539/539/539 537/537/537 535/535/535
f 536/536/536 540/540/540 538/538/538
f 541/541/541 537/537/537 539/539/539
f 538/538/538 540/540/540 542/542/542
f 543/543/543 541/541/541 539/539/539
f 540/540/540 544/544/544 542/542/542
f 545/545/545 541/541/541 543/543/543
f 542/542/542 544/544/544 546/546/546
f 547/547/547 545/545/545 543/543/543
f 544/544/544 548/548/548 546/546/546
f 548/548/548 545/545/545 547/547/547
f 546/546/546 548/548/548 547/547/547
f 551/551/551 550/550/550 549/549/549
f 550/550/550 552/552/552 549/549/549
f 553/553/553 550/550/550 551/551/551
f 549/549/549 552/552/552 554/554/554
f 555/555/555 553/553/553 551/551/551
f 552/552/552 556/556/556 554/554/554
f 557/557/557 553/553/553 555/555/555
f 554/554/554 556/556/556 558/558/558
f 559/559/559 557/557/557 555/555/555
f 556/556/556 560/560/560 558/558/558
f 561/561/561 557/557/557 559/559/559
f 558/558/558 560/560/560 562/562/562
f 563/563/563 561/561/561 559/559/559
f 560/560/560 564/564/564 562/562/562
f 564/564/564 561/561/561 563/563/563
f 562/562/562 564/564/564 563/563/563
f 567/567/567 566/566/566 565/565/565
f 566/566/566 568/568/568 565/565/565
f 569/569/569 566/566/566 567/567/567
f 565/565/565 568/568/568 570/570/570
f 571/571/571 569/569/569 567/567/567
f 568/568/568 572/572/572 570/570/570
f 573/573/573 569/569/569 571/571/571
f 570/570/570 572/572/572 574/574/574
f 575/575/575 573/573/573 571/571/571
f 572/572/572 576/576/576 574/574/574
f 577/577/577 573/573/573 575/575/575
f 574/574/574 576/576/576 578/578/578
f 579/579/579 577/577/577 575/575/575
f 576/576/576 580/580/580 578/578/578
f 580/580/580 577/577/577 579/579/579
f 578/578/578 580/580/580 579/579/579
f 583/583/583 582/582/582 581/581/581
f 582/582/582 584/584/584 581/581/581
f 585/585/585 582/582/582 583/583/583
f 581/581/581 584/584/584 586/586/586
f 587/587/587 585/585/585 583/583/583
f 584/584/584 588/588/588 586/586/586
f 589/589/589 585/585/585 587/587/587
f 586/586/586 588/588/588 590/590/590
f 591/591/591 589/589/589 587/587/587
f 588/588/588 592/592/592 590/590/590
f 593/593/593 589/589/589 591/591/591
f 590/590/590 592/592/592 594/594/594
f 595/595/595 593/593/593 591/591/591
f 592/592/592 596/596/596 594/594/594
f 596/596/596 593/593/593 595/595/595
f 594/594/594 596/596/596 595/595/595
f 599/599/599 598/598/598 597/597/597
f 598/598/598 600/600/600 597/597/597
f 601/601/601 598/598/598 599/599/599
f 597/597/597 600/600/600 602/602/602
f 603/603/603 601/601/601 599/599/599
f 600/600/600 604/604/604 602/602/602
f 605/605/605 601/601/601 603/603/603
f 602/602/602 604/604/604 606/606/606
f 607/607/607 605/605/605 603/603/603
f 604/604/604 608/608/608 606/606/606
f 609/609/609 605/605/605 607/607/607
f 606/606/606 608/608/608 610/610/610
f 611/611/611 609/609/609 607/607/607
f 608/608/608 612/612/612 610/610/610
f 612/612/612 609/609/609 611/611/611
f 610/610/610 612/612/612 611/611/611
f 615/615/615 614/614/614 613/613/613
f 614/614/614 616/616/616 613/613/613
f 617/617/617 614/614/614 615/615/615
f 613/613/613 616/616/616 618/618/618
f 619/619/619 617/617/617 615/615/615
f 616/616/616 620/620/620 618/618/618
f 621/621/621 617/617/617 619/619/619
f 618/618/618 620/620/620 622/622/622
f 623/623/623 621/621/621 619/619/619
f 620/620/620 624/624/624 622/622/622
f 625/625/625 621/621/621 623/623/623
f 622/622/622 624/624/624 626/626/626
f 627/627/627 625/625/625 623/623/623
f 624/624/624 628/628/628 626/626/626
f 628/628/628 625/625/625 627/627/627
f 626/626/626 628/628/628 627/627/627
f 631/631/631 630/630/630 629/629/629
f 630/630/630 632/632/632 629/629/629
f 633/633/633 630/630/630 631/631/631
f 629/629/629 632/632/632 634/634/634
f 635/635/635 633/633/633 631/631/631
f 632/632/632 636/636/636 634/634/634
f 637/637/637 633/633/633 635/635/635
f 634/634/634 636/636/636 638/638/638
f 639/639/639 637/637/637 635/635/635
f 636/636/636 640/640/640 638/638/638
f 641/641/641 637/637/637 639/639/639
f 638/638/638 640/640/640 642/642/642
f 643/643/643 641/641/641 639/639/639
f 640/640/640 644/644/644 642/642/642
f 644/644/644 641/641/641 643/643/643
f 642/642/642 644/644/644 643/643/643
f 647/647/647 646/646/646 645/645/645
f 646/646/646 648/648/648 645/645/645
f 649/649/649 646/646/646 647/647/647
f 645/645/645 648/648/648 650/650/650
f 651/651/651 649/649/649 647/647/647
f 648/648/648 652/652/652 650/650/650
f 653/653/653 649/649/649 651/651/651
f 650/650/650 652/652/652 654/654/654
f 655/655/655 653/653/653 651/651/651
f 652/652/652 656/656/656 654/654/654
f 657/657/657 653/653/653 655/655/655
f 654/654/654 656/656/656 658/658/658
f 659/659/659 657/657/657 655/655/655
f 656/656/656 660/660/660 658/658/658
f 660/660/660 657/657/657 659/659/659
f 658/658/658 660/660/660 659/659/659
f 663/663/663 662/662/662 661/661/661
f 662/662/662 664/664/664 661/661/661
f 665/665/665 662/662/662 663/663/663
f 661/661/661 664/664/664 666/666/666
f 667/667/667 665/665/665 663/663/663
f 664/664/664 668/668/668 666/666/666
f 669/669/669 665/665/665 667/667/667
f 666/666/666 668/668/668 670/670/670
f 671/671/671 669/669/669 667/667/667
f 668/668/668 672/672/672 670/670/670
f 673/673/673 669/669/669 671/671/671
f 670/670/670 672/672/672 674/674/674
f 675/675/675 673/673/673 671/671/671
f 672/672/672 676/676/676 674/674/674
f 676/676/676 673/673/673 675/675/675
f 674/674/674 676/676/676 675/675/675
f 679/679/679 678/678/678 677/677/677
f 678/678/678 680/680/680 677/677/677
f 681/681/681 678/678/678 679/679/679
f 677/677/677 680/680/680 682/682/682
f 683/683/683 681/681/681 679/679/679
f 680/680/680 684/684/684 682/682/682
f 685/685/685 681/681/681 683/683/683
f 682/682/682 684/684/684 686/686/686
f 687/687/687 685/685/685 683/683/683
f 684/684/684 688/688/688 686/686/686
f 689/689/689 685/685/685 687/687/687
f 686/686/686 688/688/688 690/690/690
f 691/691/691 689/689/689 687/687/687
f 688/688/688 692/692/692 690/690/690
f 692/692/692 689/689/689 691/691/691
f 690/690/690 692/692/692 691/691/691
f 695/695/695 694/694/694 693/693/693
f 694/694/694 696/696/696 693/693/693
f 697/697/697 694/694/694 695/695/695
f 693/693/693 696/696/696 698/698/698
f 699/699/699 697/697/697 695/695/695
f 696/696/696 700/700/700 698/698/698
f 701/701/701 697/697/697 699/699/699
f 698/698/698 700/700/700 702/702/702
f 703/703/703 701/701/701 699/699/699
f 700/700/700 704/704/704 702/702/702
f 705/705/705 701/701/701 703/703/703
f 702/702/702 704/704/704 706/706/706
f 707/707/707 705/705/705 703/703/703
f 704/704/704 708/708/708 706/706/706
f 708/708/708 705/705/705 707/707/707
f 706/706/706 708/708/708 707/707/707
f 711/711/711 710/710/710 709/709/709
f 710/710/710 712/712/712 709/709/709
f 713/713/713 710/710/710 711/711/711
f 709/709/709 712/712/712 714/714/714
f 715/715/715 713/713/713 711/711/711
f 712/712/712 716/716/716 714/714/714
f 717/717/717 713/713/713 715/715/715
f 714/714/714 716/716/716 718/718/718
f 719/719/719 717/717/717 715/715/715
f 716/716/716 720/720/720 718/718/718
f 721/721/721 717/717/717 719/719/719
f 718/718/718 720/720/720 722/722/722
f 723/723/723 721/721/721 719/719/719
f 720/720/720 724/724/724 722/722/722
f 724/724/724 721/721/721 723/723/723
f 722/722/722 724/724/724 723/723/723
f 727/727/727 726/726/726 725/725/725
f 728/728/728 727/727/727 725/725/725
f 725/725/725 726/726/726 729/729/729
f 730/730/730 727/727/727 728/728/728
f 726/726/726 731/731/731 729/729/729
f 732/732/732 730/730/730 728/728/728
f 729/729/729 731/731/731 733/733/733
f 734/734/734 730/730/730 732/732/732
f 731/731/731 735/735/735 733/733/733
f 736/736/736 734/734/734 732/732/732
f 733/733/733 735/735/735 737/737/737
f 738/738/738 734/734/734 736/736/736
f 735/735/735 739/739/739 737/737/737
f 740/740/740 738/738/738 736/736/736
f 737/737/737 739/739/739 740/740/740
f 739/739/739 738/738/738 740/740/740
f 743/743/743 742/742/742 741/741/741
f 744/744/744 743/743/743 741/741/741
f 741/741/741 742/742/742 745/745/745
f 746/746/746 743/743/743 744/744/744
f 742/742/742 747/747/747 745/745/745
f 748/748/748 746/746/746 744/744/744
f 745/745/745 747/747/747 749/749/749
f 750/750/750 746/746/746 748/748/748
f 747/747/747 751/751/751 749/749/749
f 752/752/752 750/750/750 748/748/748
f 749/749/749 751/751/751 753/753/753
f 754/754/754 750/750/750 752/752/752
f 751/751/751 755/755/755 753/753/753
f 756/756/756 754/754/754 752/752/752
f 753/753/753 755/755/755 756/756/756
f 755/755/755 754/754/754 756/756/756
f 759/759/759 758/758/758 757/757/757
f 760/760/760 759/759/759 757/757/757
f 757/757/757 758/758/758 761/761/761
f 762/762/762 759/759/759 760/760/760
f 758/758/758 763/763/763 761/761/761
f 764/764/764 762/762/762 760/760/760
f 761/761/761 763/763/763 765/765/765
f 766/766/766 762/762/762 764/764/764
f 763/763/763 767/767/767 765/765/765
f 768/768/768 766/766/766 764/764/764
f 765/765/765 767/767/767 769/769/769
f 770/770/770 766/766/766 768/768/768
f 767/767/767 771/771/771 769/769/769
f 772/772/772 770/770/770 768/768/768
f 769/769/769 771/771/771 772/772/772
f 771/771/771 770/770/770 772/772/772
