g P_T_PlusUp_B
v 0.0741214901 -0.3220388 0.0741421878
v 0.0405388549 -0.355622441 0.0741439238
v 0.0741214901 -0.3556225 0.0405599214
v 0.0405384637 -0.207378328 0.0741420835
v 0.0741212964 -0.24096109 0.0741427466
v 0.0741228461 -0.207379103 0.0405583754
v -0.0741233304 -0.240961432 0.0741409212
v -0.040538948 -0.20737806 0.0741419867
v -0.0741219744 -0.207377642 0.0405590534
v -0.0405377857 -0.35562256 0.0741433352
v -0.0741221681 -0.322039038 0.0741420761
v -0.0741225556 -0.355622858 0.0405590609
v -0.0741229504 -0.32203877 -0.0741024539
v -0.0405393392 -0.35562247 -0.0741028413
v -0.0741225556 -0.355623037 -0.0405169092
v -0.0405377857 -0.207378045 -0.0741023496
v -0.0741217807 -0.240961567 -0.0741024539
v -0.0741219744 -0.207377583 -0.0405189395
v 0.074122265 -0.240961656 -0.0741019696
v 0.0405382738 -0.20737797 -0.0741025507
v 0.0741226524 -0.20737794 -0.0405185558
v 0.0405382738 -0.3556225 -0.0741017759
v 0.074122265 -0.3220388 -0.0741019696
v 0.0741226524 -0.355622441 -0.0405183583
v 0.0490130708 -0.388270676 0.499999315
v 0.0490132794 -0.388295233 0.218749061
v -0.0490127541 -0.388295442 0.218748376
v -0.049012959 -0.388270855 0.499998629
v -0.107020073 -0.330287457 0.218748361
v -0.107020594 -0.33026287 0.499998659
v 0.107020698 -0.330262989 0.499999315
v 0.107020907 -0.330287576 0.218749046
v 0.0490132794 -0.388295233 0.218749061
v 0.0490130708 -0.388270676 0.499999315
v 0.10702087 -0.232236564 0.499998629
v 0.107021078 -0.232261151 0.218748376
v 0.107020907 -0.330287576 0.218749046
v 0.107020698 -0.330262989 0.499999315
v 0.0490134023 -0.174228802 0.499997973
v 0.107021078 -0.232261151 0.218748376
v 0.10702087 -0.232236564 0.499998629
v 0.0490136035 -0.174253419 0.21874769
v -0.0490131192 -0.174228802 0.499998659
v -0.0490129218 -0.174253419 0.218748376
v -0.107020594 -0.232236966 0.499998659
v -0.107020073 -0.232261583 0.218748361
v -0.107020594 -0.33026287 0.499998659
v -0.107020073 -0.330287457 0.218748361
v -0.107020073 -0.232261583 0.218748361
v -0.107020594 -0.232236966 0.499998659
v -0.0801070556 -0.317936987 0.499998659
v -0.0801633745 -0.317985803 0.218748361
v -0.0367134102 -0.361434311 0.218748361
v -0.0366875492 -0.361357123 0.499998659
v 0.0367135517 -0.361434132 0.218748361
v 0.0366875082 -0.361356795 0.499998629
v 0.0801640078 -0.317985862 0.218748376
v 0.0801074952 -0.317937076 0.499998659
v -0.0801067203 -0.244562596 0.499999344
v -0.0801630393 -0.244562998 0.218749046
v -0.0801633745 -0.317985803 0.218748361
v -0.0801070556 -0.317936987 0.499998659
v -0.0366872214 -0.201142788 0.499999344
v -0.0801630393 -0.244562998 0.218749046
v -0.0801067203 -0.244562596 0.499999344
v -0.0367130674 -0.20111458 0.218749046
v 0.036687009 -0.201142952 0.499998659
v 0.0367130563 -0.201114759 0.218748376
v 0.0801074952 -0.244562671 0.499997973
v 0.0801640078 -0.244563058 0.21874769
v 0.0801074952 -0.317937076 0.499998659
v 0.0801640078 -0.317985862 0.218748376
v 0.0801640078 -0.244563058 0.21874769
v 0.0801074952 -0.244562671 0.499997973
v -0.499999911 -0.388270766 -0.0490131937
v -0.218750089 -0.388295382 0.0490121245
v -0.218750089 -0.388295382 -0.0490131937
v -0.499999255 -0.388270766 0.0490120314
v -0.218750745 -0.330287308 0.10701973
v -0.499999911 -0.330262631 0.10701973
v -0.499999255 -0.330263048 -0.107021995
v -0.499999911 -0.388270766 -0.0490131937
v -0.218750089 -0.388295382 -0.0490131937
v -0.218749419 -0.330287695 -0.107021995
v -0.499998629 -0.232236654 -0.107021853
v -0.499999255 -0.330263048 -0.107021995
v -0.218749419 -0.330287695 -0.107021995
v -0.218748748 -0.23226127 -0.107021853
v -0.499998629 -0.174228907 -0.0490140617
v -0.499998629 -0.232236654 -0.107021853
v -0.218748748 -0.23226127 -0.107021853
v -0.218748748 -0.174253613 -0.0490140617
v -0.499998629 -0.174228936 0.0490121245
v -0.218749419 -0.174253613 0.0490123183
v -0.499999255 -0.232236817 0.107020117
v -0.218750089 -0.232261449 0.10702011
v -0.499999911 -0.330262631 0.10701973
v -0.499999255 -0.232236817 0.107020117
v -0.218750089 -0.232261449 0.10702011
v -0.218750745 -0.330287308 0.10701973
v -0.499999315 -0.318258911 0.0803178549
v -0.218749389 -0.361765325 0.0367573537
v -0.218749389 -0.318259239 0.0802616701
v -0.499999315 -0.361793518 0.0367832184
v -0.218749389 -0.361765385 -0.0367590897
v -0.499999315 -0.361793518 -0.0367850587
v -0.218749389 -0.315925181 -0.0802634582
v -0.499999315 -0.315924853 -0.0803198516
v -0.499999315 -0.244690314 0.0803176761
v -0.499999315 -0.318258911 0.0803178549
v -0.218749389 -0.318259239 0.0802616701
v -0.218749389 -0.24473919 0.0802614763
v -0.499999315 -0.206253409 0.0367831215
v -0.499999315 -0.244690314 0.0803176761
v -0.218749389 -0.24473919 0.0802614763
v -0.218749389 -0.206330806 0.0367572494
v -0.499999315 -0.206253409 -0.0367852524
v -0.218749389 -0.206330806 -0.0367592834
v -0.499999315 -0.247025281 -0.0803198516
v -0.218749389 -0.247074142 -0.0802634582
v -0.499999315 -0.315924853 -0.0803198516
v -0.499999315 -0.247025281 -0.0803198516
v -0.218749389 -0.247074142 -0.0802634582
v -0.218749389 -0.315925181 -0.0802634582
v 0.500000834 -0.388270676 -0.0490137674
v 0.218750551 -0.388295233 -0.0490139648
v 0.218749881 -0.388295442 0.0490120314
v 0.500000119 -0.388270855 0.0490123183
v 0.218749881 -0.330287457 0.107019439
v 0.500000119 -0.330262899 0.107019916
v 0.500000834 -0.330262989 -0.107021369
v 0.218750551 -0.330287576 -0.10702157
v 0.218750551 -0.388295233 -0.0490139648
v 0.500000834 -0.388270676 -0.0490137674
v 0.500000119 -0.232236564 -0.107021518
v 0.218749881 -0.232261151 -0.107021712
v 0.218750551 -0.330287576 -0.10702157
v 0.500000834 -0.330262989 -0.107021369
v 0.499999464 -0.174228802 -0.0490140617
v 0.218749881 -0.232261151 -0.107021712
v 0.500000119 -0.232236564 -0.107021518
v 0.218749225 -0.174253404 -0.0490142517
v 0.500000119 -0.174228802 0.0490124114
v 0.218749881 -0.174253419 0.0490122214
v 0.500000119 -0.232236996 0.107019916
v 0.218749881 -0.232261583 0.107019432
v 0.500000119 -0.330262899 0.107019916
v 0.218749881 -0.330287457 0.107019439
v 0.218749881 -0.232261583 0.107019432
v 0.500000119 -0.232236996 0.107019916
v 0.500000119 -0.317936987 0.0801064447
v 0.218749881 -0.317985803 0.0801628307
v 0.218749881 -0.361434311 0.0367127806
v 0.500000119 -0.361357123 0.0366869159
v 0.218749881 -0.361434132 -0.0367141329
v 0.500000119 -0.361356795 -0.0366881639
v 0.218749881 -0.317985862 -0.0801646337
v 0.500000119 -0.317937076 -0.0801081434
v 0.500000834 -0.244562596 0.0801060572
v 0.218750551 -0.244562998 0.0801624581
v 0.218749881 -0.317985803 0.0801628307
v 0.500000119 -0.317936987 0.0801064447
v 0.500000834 -0.201142788 0.0366866216
v 0.218750551 -0.244562998 0.0801624581
v 0.500000834 -0.244562596 0.0801060572
v 0.218750551 -0.201114595 0.0367123894
v 0.500000119 -0.201142952 -0.0366875827
v 0.218749881 -0.201114744 -0.0367137454
v 0.499999464 -0.244562671 -0.0801081434
v 0.218749225 -0.244563073 -0.0801646337
v 0.500000119 -0.317937076 -0.0801081434
v 0.218749881 -0.317985862 -0.0801646337
v 0.218749225 -0.244563073 -0.0801646337
v 0.499999464 -0.244562671 -0.0801081434
v 0.106638409 0.500000536 -0.0490137674
v 0.106662974 -0.0628825873 -0.0490139648
v 0.106663145 -0.0628832504 0.049012024
v 0.106638581 0.499999911 0.0490123183
v 0.0486552231 -0.0628832504 0.107019432
v 0.0486306138 0.499999911 0.107019916
v 0.0486306958 0.500000536 -0.107021369
v 0.0486552976 -0.0628825873 -0.107021555
v 0.106662974 -0.0628825873 -0.0490139648
v 0.106638409 0.500000536 -0.0490137674
v -0.0493957028 0.499999911 -0.107021518
v -0.0493710898 -0.0628832504 -0.107021712
v 0.0486552976 -0.0628825873 -0.107021555
v 0.0486306958 0.500000536 -0.107021369
v -0.107403457 0.499999225 -0.0490140505
v -0.0493710898 -0.0628832504 -0.107021712
v -0.0493957028 0.499999911 -0.107021518
v -0.10737884 -0.0628838986 -0.0490142517
v -0.107403457 0.499999911 0.0490124114
v -0.10737884 -0.0628832504 0.0490122214
v -0.0493952893 0.499999911 0.107019916
v -0.04937068 -0.0628832504 0.107019432
v 0.0486306138 0.499999911 0.107019916
v 0.0486552231 -0.0628832504 0.107019432
v -0.04937068 -0.0628832504 0.107019432
v -0.0493952893 0.499999911 0.107019916
v 0.0363047272 0.499999911 0.0801064447
v 0.0363535061 -0.0628832504 0.0801628381
v 0.079802081 -0.0628832504 0.0367127806
v 0.0797248036 0.499999911 0.0366869159
v 0.0798018351 -0.0628832504 -0.0367141329
v 0.0797245502 0.499999911 -0.0366881751
v 0.0363535881 -0.0628832504 -0.0801646337
v 0.0363048092 0.499999911 -0.0801081434
v -0.0370696858 0.500000536 0.0801060572
v -0.0370692834 -0.0628825873 0.0801624507
v 0.0363535061 -0.0628832504 0.0801628381
v 0.0363047272 0.499999911 0.0801064447
v -0.0804895163 0.500000536 0.0366866104
v -0.0370692834 -0.0628825873 0.0801624507
v -0.0370696858 0.500000536 0.0801060572
v -0.0805176944 -0.0628825873 0.0367123894
v -0.0804893449 0.499999911 -0.0366875827
v -0.0805175304 -0.0628832504 -0.0367137454
v -0.0370695852 0.499999225 -0.0801081434
v -0.0370692015 -0.0628838986 -0.0801646337
v 0.0363048092 0.499999911 -0.0801081434
v 0.0363535881 -0.0628832504 -0.0801646337
v -0.0370692015 -0.0628838986 -0.0801646337
v -0.0370695852 0.499999225 -0.0801081434
v -0.111350909 -0.210262507 -0.10518074
v -0.143789813 -0.352705956 -0.105186604
v -0.111350909 -0.352712542 -0.10518074
v -0.143789813 -0.210255891 -0.105186604
v -0.111350909 -0.176299989 -0.0712184235
v -0.143789813 -0.176293433 -0.0712243319
v -0.111350909 -0.176299989 0.0712318867
v -0.143789813 -0.176293433 0.0712259859
v -0.143789813 -0.210255891 0.10518834
v -0.111350909 -0.210262507 0.105194263
v -0.111350909 -0.352712542 0.105194263
v -0.143789813 -0.352705896 0.105188347
v -0.111350909 -0.386675 0.0712318942
v -0.143789813 -0.386668384 0.0712259859
v -0.111350909 -0.386675 -0.0712184235
v -0.143789813 -0.386668384 -0.0712243319
v -0.111350909 -0.352712542 -0.10518074
v -0.143789813 -0.352705956 -0.105186604
v -0.105187722 -0.393428326 0.0712321848
v -0.105187722 -0.393428326 -0.0712182298
v -0.111350909 -0.386675 -0.0712184235
v -0.111350909 -0.386675 0.0712318942
v -0.071225062 -0.393428326 -0.105180547
v 0.0712249652 -0.393428415 -0.105180591
v 0.0712241903 -0.386674613 -0.11091309
v -0.0712258369 -0.386674613 -0.11091309
v 0.105187424 -0.393428326 -0.0712182298
v 0.105187424 -0.393428326 0.0712321848
v 0.111351393 -0.386674404 0.0712322816
v 0.111351393 -0.386674404 -0.0712180287
v 0.0712249652 -0.393428326 0.105194449
v -0.071225062 -0.393428326 0.105194449
v -0.0712254494 -0.386674404 0.111808181
v 0.0712247714 -0.386674494 0.111808181
v -0.071225062 -0.170420036 0.105194449
v 0.0712251589 -0.170420036 0.105194449
v 0.0712247714 -0.176299393 0.111808181
v -0.071225062 -0.176299512 0.111808091
v 0.105187424 -0.170420036 0.0712320879
v 0.105187424 -0.170420021 -0.0712182298
v 0.111350611 -0.176299453 -0.0712180361
v 0.111350611 -0.176299453 0.0712322816
v 0.0712251589 -0.170420021 -0.105180547
v -0.071225062 -0.170420021 -0.105180547
v -0.0712258369 -0.176299542 -0.11091309
v 0.0712241903 -0.176299542 -0.11091309
v -0.105187722 -0.170420021 -0.0712182298
v -0.105187722 -0.170420036 0.0712320879
v -0.111350909 -0.176299989 0.0712318867
v -0.111350909 -0.176299989 -0.0712184235
v 0.111351393 -0.210261881 0.105194643
v 0.111351393 -0.352711886 0.105194643
v 0.105187029 -0.352711946 0.111808181
v 0.105187029 -0.210261986 0.111808196
v -0.111350909 -0.352712542 0.105194263
v -0.111350909 -0.210262507 0.105194263
v -0.105188102 -0.210261911 0.111808181
v -0.105187908 -0.352712005 0.111808181
v 0.111351393 -0.352711886 -0.105180398
v 0.111351393 -0.210261881 -0.105180398
v 0.105186649 -0.210262105 -0.110913001
v 0.105186649 -0.352712095 -0.11091309
v -0.111350909 -0.210262507 -0.10518074
v -0.111350909 -0.352712542 -0.10518074
v -0.105188489 -0.352712095 -0.11091309
v -0.105188489 -0.210262045 -0.11091309
v -0.150505498 -0.222049177 -0.119561933
v -0.229970396 -0.340414375 -0.118560098
v -0.150505498 -0.3409127 -0.119561933
v -0.229970396 -0.222546726 -0.118560098
v -0.150505498 -0.161918133 -0.0594309643
v -0.229970396 -0.162919447 -0.0589327365
v -0.150505498 -0.161918133 0.059432704
v -0.229970396 -0.162919447 0.0589348674
v -0.150505498 -0.222049192 0.119563729
v -0.229970396 -0.222546726 0.118562236
v -0.150505498 -0.34091267 0.119563729
v -0.229970396 -0.340414375 0.118562236
v -0.150505498 -0.401043773 0.0594327152
v -0.229970396 -0.400041729 0.0589348786
v -0.150505498 -0.401043773 -0.0594309606
v -0.229970396 -0.400041729 -0.0589327402
v -0.150505498 -0.3409127 -0.119561933
v -0.229970396 -0.340414375 -0.118560098
v -0.228530958 -0.374179691 -0.0506779104
v -0.0741225556 -0.355622858 0.0405590609
v -0.228530958 -0.374179691 0.0506799482
v -0.0741225556 -0.355623037 -0.0405169092
v -0.228530958 -0.33215934 -0.0926981717
v -0.0741229504 -0.32203877 -0.0741024539
v -0.228530958 -0.230801627 -0.0926981717
v -0.0741217807 -0.240961567 -0.0741024539
v -0.228530958 -0.188781351 -0.0506778136
v -0.0741219744 -0.207377583 -0.0405189395
v -0.228530958 -0.188781351 0.0506799482
v -0.0741219744 -0.207377642 0.0405590534
v -0.228530958 -0.230801657 0.0927002504
v -0.0741233304 -0.240961432 0.0741409212
v -0.228530958 -0.33215937 0.0927002504
v -0.0741221681 -0.322039038 0.0741420761
v -0.228530958 -0.374179691 0.0506799482
v -0.0741225556 -0.355622858 0.0405590609
v 0.074122265 -0.240961656 -0.0741019696
v -0.0405377857 -0.207378045 -0.0741023496
v 0.0405382738 -0.20737797 -0.0741025507
v -0.0741217807 -0.240961567 -0.0741024539
v -0.0741229504 -0.32203877 -0.0741024539
v 0.074122265 -0.3220388 -0.0741019696
v 0.0405382738 -0.3556225 -0.0741017759
v -0.0405393392 -0.35562247 -0.0741028413
v 0.0712251589 -0.170420021 -0.105180547
v -0.071225062 -0.137983516 -0.105186597
v -0.071225062 -0.170420021 -0.105180547
v 0.0712249652 -0.137983516 -0.105186597
v 0.105187424 -0.170420021 -0.0712182298
v 0.10518723 -0.137983516 -0.0712243319
v 0.105187424 -0.170420036 0.0712320879
v 0.10518723 -0.137983516 0.0712259859
v 0.0712249652 -0.137983516 0.105188347
v 0.0712251589 -0.170420036 0.105194449
v -0.071225062 -0.170420036 0.105194449
v -0.071225062 -0.137983516 0.105188347
v -0.105187722 -0.170420036 0.0712320879
v -0.105187722 -0.137983516 0.0712259859
v -0.105187722 -0.170420021 -0.0712182298
v -0.105187722 -0.137983516 -0.0712243319
v -0.071225062 -0.170420021 -0.105180547
v -0.071225062 -0.137983516 -0.105186597
v 0.0594316907 -0.131365284 -0.119561933
v -0.0589337535 -0.0514123812 -0.118560098
v -0.0594317913 -0.131365284 -0.119561933
v 0.0589340478 -0.0514123812 -0.118560098
v 0.119562708 -0.131365284 -0.0594309643
v 0.118561417 -0.0514123775 -0.0589327402
v 0.119562708 -0.131365284 0.059432704
v 0.118561417 -0.0514123775 0.0589348674
v 0.0594316907 -0.131365284 0.119563729
v 0.0589340478 -0.0514123775 0.118562236
v -0.0594317913 -0.131365284 0.119563729
v -0.0589337535 -0.0514123775 0.118562236
v -0.119563006 -0.131365284 0.059432704
v -0.118560933 -0.0514123775 0.0589348674
v -0.119563006 -0.131365284 -0.0594309643
v -0.118560933 -0.0514123775 -0.0589327402
v -0.0594317913 -0.131365284 -0.119561933
v -0.0589337535 -0.0514123812 -0.118560098
v -0.0926989466 -0.0529498085 -0.0506779142
v -0.0741219744 -0.207377642 0.0405590534
v -0.0926989466 -0.0529498085 0.0506799482
v -0.0741219744 -0.207377583 -0.0405189395
v -0.0506786443 -0.0529498085 -0.0926981717
v -0.0405377857 -0.207378045 -0.0741023496
v 0.0506791249 -0.0529498085 -0.0926981717
v 0.0405382738 -0.20737797 -0.0741025507
v 0.0926994309 -0.0529498085 -0.0506778136
v 0.0741226524 -0.20737794 -0.0405185558
v 0.0926994309 -0.0529498085 0.0506799482
v 0.0741228461 -0.207379103 0.0405583754
v 0.0506791249 -0.0529498085 0.0927002504
v 0.0405384637 -0.207378328 0.0741420835
v -0.0506786443 -0.0529498085 0.0927002504
v -0.040538948 -0.20737806 0.0741419867
v -0.0926989466 -0.0529498085 0.0506799482
v -0.0741219744 -0.207377642 0.0405590534
v 0.111351393 -0.352711886 -0.105180398
v 0.143789902 -0.210255772 -0.105186209
v 0.111351393 -0.210261881 -0.105180398
v 0.143789902 -0.352705687 -0.105186209
v 0.111351393 -0.386674404 -0.0712180287
v 0.143789902 -0.386668235 -0.0712237507
v 0.111351393 -0.386674404 0.0712322816
v 0.143789902 -0.386668235 0.0712263659
v 0.143789902 -0.352705687 0.105188824
v 0.111351393 -0.352711886 0.105194643
v 0.111351393 -0.210261881 0.105194643
v 0.143789902 -0.210255772 0.105188824
v 0.111350611 -0.176299453 0.0712322816
v 0.143789902 -0.176293254 0.0712263659
v 0.111350611 -0.176299453 -0.0712180361
v 0.143789902 -0.176293254 -0.0712237507
v 0.111351393 -0.210261881 -0.105180398
v 0.143789902 -0.210255772 -0.105186209
v 0.150505006 -0.340912461 -0.119561501
v 0.22996895 -0.222547188 -0.118559718
v 0.150505006 -0.222049043 -0.119561501
v 0.22996895 -0.340414882 -0.118559718
v 0.150505006 -0.401043504 -0.0594304837
v 0.22996895 -0.400042176 -0.0589323491
v 0.150505006 -0.401043504 0.0594330952
v 0.22996895 -0.400042176 0.0589353554
v 0.150505006 -0.340912461 0.119564109
v 0.22996895 -0.340414882 0.118562616
v 0.150505006 -0.222049043 0.119564109
v 0.22996895 -0.222547188 0.118562631
v 0.150505006 -0.16191785 0.0594330952
v 0.22996895 -0.162920028 0.0589353554
v 0.150505006 -0.16191785 -0.05943048
v 0.22996895 -0.162920028 -0.0589323491
v 0.150505006 -0.222049043 -0.119561501
v 0.22996895 -0.222547188 -0.118559718
v 0.228531063 -0.188782051 -0.0506775267
v 0.0741228461 -0.207379103 0.0405583754
v 0.228531063 -0.188782051 0.0506803319
v 0.0741226524 -0.20737794 -0.0405185558
v 0.228531063 -0.230802268 -0.0926977769
v 0.074122265 -0.240961656 -0.0741019696
v 0.228531063 -0.332160026 -0.0926977769
v 0.074122265 -0.3220388 -0.0741019696
v 0.228531063 -0.374180228 -0.0506774336
v 0.0741226524 -0.355622441 -0.0405183583
v 0.228531063 -0.374180228 0.0506803319
v 0.0741214901 -0.3556225 0.0405599214
v 0.228531063 -0.332160026 0.0927006304
v 0.0741214901 -0.3220388 0.0741421878
v 0.228531063 -0.230802268 0.0927006379
v 0.0741212964 -0.24096109 0.0741427466
v 0.228531063 -0.188782051 0.0506803319
v 0.0741228461 -0.207379103 0.0405583754
v -0.071225062 -0.393428326 -0.105180547
v 0.0712249652 -0.424978405 -0.105186597
v 0.0712249652 -0.393428415 -0.105180591
v -0.0712248608 -0.424978405 -0.105186597
v -0.105187722 -0.393428326 -0.0712182298
v -0.10518752 -0.424978405 -0.0712243319
v -0.105187722 -0.393428326 0.0712321848
v -0.10518752 -0.424978405 0.0712259859
v -0.0712248608 -0.424978405 0.105188347
v -0.071225062 -0.393428326 0.105194449
v 0.0712249652 -0.393428326 0.105194449
v 0.0712249652 -0.424978405 0.105188347
v 0.105187424 -0.393428326 0.0712321848
v 0.105187424 -0.424978405 0.0712259859
v 0.105187424 -0.393428326 -0.0712182298
v 0.105187424 -0.424978405 -0.0712243319
v 0.0712249652 -0.393428415 -0.105180591
v 0.0712249652 -0.424978405 -0.105186597
v -0.0594315939 -0.431596756 -0.119561933
v 0.0589336567 -0.511549711 -0.118560098
v 0.0594316907 -0.431596756 -0.119561933
v -0.0589339547 -0.511549711 -0.118560098
v -0.119562611 -0.431596756 -0.0594309606
v -0.11856132 -0.511549711 -0.0589327402
v -0.119562611 -0.431596756 0.0594327152
v -0.11856132 -0.511549711 0.0589348786
v -0.0594315939 -0.431596756 0.119563729
v -0.0589339547 -0.511549711 0.118562236
v 0.0594316907 -0.431596756 0.119563729
v 0.0589336567 -0.511549711 0.118562236
v 0.119562909 -0.431596756 0.0594327152
v 0.118560828 -0.511549711 0.0589348786
v 0.119562909 -0.431596756 -0.0594309606
v 0.118560828 -0.511549711 -0.0589327402
v 0.0594316907 -0.431596756 -0.119561933
v 0.0589336567 -0.511549711 -0.118560098
v 0.0926988423 -0.510012209 -0.0506779104
v 0.0741214901 -0.3556225 0.0405599214
v 0.0926988423 -0.510012209 0.0506799482
v 0.0741226524 -0.355622441 -0.0405183583
v 0.0506785437 -0.510012209 -0.0926981717
v 0.0405382738 -0.3556225 -0.0741017759
v -0.0506792255 -0.510012209 -0.0926981717
v -0.0405393392 -0.35562247 -0.0741028413
v -0.092699334 -0.510012209 -0.0506778136
v -0.0741225556 -0.355623037 -0.0405169092
v -0.092699334 -0.510012209 0.0506799482
v -0.0741225556 -0.355622858 0.0405590609
v -0.0506792255 -0.510012209 0.0927002504
v -0.0405377857 -0.35562256 0.0741433352
v 0.0506785437 -0.510012209 0.0927002504
v 0.0405388549 -0.355622441 0.0741439238
v 0.0926988423 -0.510012209 0.0506799482
v 0.0741214901 -0.3556225 0.0405599214
v -0.105188102 -0.210261911 0.111808181
v -0.105189845 -0.352705896 0.144075498
v -0.105187908 -0.352712005 0.111808181
v -0.105189845 -0.210255891 0.144075498
v -0.071225062 -0.176299512 0.111808091
v -0.0712271929 -0.176293433 0.144075498
v 0.0712247714 -0.176299393 0.111808181
v 0.0712228343 -0.176293433 0.144075498
v 0.1051853 -0.210255891 0.144075498
v 0.105187029 -0.210261986 0.111808196
v 0.105187029 -0.352711946 0.111808181
v 0.1051853 -0.352705896 0.144075498
v 0.0712247714 -0.386674494 0.111808181
v 0.0712228343 -0.386668384 0.144075498
v -0.0712254494 -0.386674404 0.111808181
v -0.0712271929 -0.386668384 0.144075498
v -0.105187908 -0.352712005 0.111808181
v -0.105189845 -0.352705896 0.144075498
v -0.119564928 -0.222049192 0.150781214
v -0.11856325 -0.340414375 0.229996711
v -0.119564928 -0.34091267 0.150781214
v -0.11856325 -0.222546726 0.229996711
v -0.0594339184 -0.161918133 0.150781199
v -0.0589358881 -0.162919447 0.229996711
v 0.0594295599 -0.161918133 0.150781199
v 0.0589319132 -0.162919447 0.229996711
v 0.119560584 -0.222049192 0.150781214
v 0.118559092 -0.222546726 0.229996711
v 0.119560584 -0.34091267 0.150781214
v 0.118559092 -0.340414375 0.229996711
v 0.0594295599 -0.401043773 0.150781214
v 0.0589319132 -0.400041729 0.229996696
v -0.0594339184 -0.401043773 0.150781214
v -0.0589358881 -0.400041729 0.229996696
v -0.119564928 -0.34091267 0.150781214
v -0.11856325 -0.340414375 0.229996711
v -0.0506809652 -0.374179691 0.228531182
v 0.0405388549 -0.355622441 0.0741439238
v 0.050676804 -0.374179691 0.228531182
v -0.0405377857 -0.35562256 0.0741433352
v -0.0927012637 -0.33215937 0.228531182
v -0.0741221681 -0.322039038 0.0741420761
v -0.0927012637 -0.230801612 0.228531182
v -0.0741233304 -0.240961432 0.0741409212
v -0.0506807715 -0.188781351 0.228531197
v -0.0405383669 -0.207379013 0.0741399452
v 0.050676804 -0.188781351 0.228531197
v 0.0405384637 -0.207378328 0.0741420835
v 0.0926971063 -0.230801657 0.228531197
v 0.0741212964 -0.24096109 0.0741427466
v 0.0926971063 -0.33215937 0.228531182
v 0.0741214901 -0.3220388 0.0741421878
v 0.050676804 -0.374179691 0.228531182
v 0.0405388549 -0.355622441 0.0741439238
v 0.0741214901 -0.3220388 0.0741421878
v -0.0405377857 -0.35562256 0.0741433352
v 0.0405384637 -0.355622441 0.0741417855
v -0.0741221681 -0.322039038 0.0741420761
v -0.0741233304 -0.240961432 0.0741409212
v 0.074122265 -0.240961626 0.074141793
v 0.0405384637 -0.207378328 0.0741420835
v -0.040538948 -0.20737806 0.0741419867
v 0.10518723 -0.352712005 0.111807704
v 0.0472690612 -0.234217942 0.119041465
v 0.105187029 -0.210261986 0.111808196
v 0.0712249652 -0.176299602 0.111807995
v 0.0472690612 -0.328756243 0.11904148
v 0.0712247714 -0.386674494 0.111808181
v -0.071225062 -0.386674613 0.111807995
v -0.0472693518 -0.234217942 0.119041465
v -0.071225062 -0.176299512 0.111808091
v -0.105187722 -0.21026212 0.111807995
v -0.0472693518 -0.328756243 0.11904148
v -0.105187908 -0.352712005 0.111808181
v 0.105186649 -0.210262105 -0.110913001
v 0.0472690612 -0.328756124 -0.118146762
v 0.105186649 -0.352712095 -0.11091309
v 0.0712241903 -0.386674613 -0.11091309
v 0.0472690612 -0.234217823 -0.118146665
v 0.0712241903 -0.176299542 -0.11091309
v -0.0712258369 -0.176299542 -0.11091309
v -0.0472693518 -0.328756124 -0.118146762
v -0.0712258369 -0.386674613 -0.11091309
v -0.105188489 -0.352712095 -0.11091309
v -0.0472693518 -0.234217852 -0.118146665
v -0.105188489 -0.210262045 -0.11091309
v -0.0963729471 -0.185114056 0.0963797644
v -0.111350909 -0.176299989 0.0712318867
v -0.105187722 -0.170420036 0.0712320879
v -0.111350909 -0.210262507 0.105194263
v -0.071225062 -0.170420036 0.105194449
v -0.105188102 -0.210261911 0.111808181
v -0.071225062 -0.176299512 0.111808091
v -0.111350909 -0.176299989 -0.0712184235
v -0.111350909 -0.210262507 -0.10518074
v -0.0963729471 -0.185114056 -0.0963661522
v -0.105187722 -0.170420021 -0.0712182298
v -0.105188489 -0.210262045 -0.11091309
v -0.071225062 -0.170420021 -0.105180547
v -0.0712258369 -0.176299542 -0.11091309
v -0.111350909 -0.386675 0.0712318942
v -0.111350909 -0.352712542 0.105194263
v -0.0963729471 -0.37785998 0.0963797718
v -0.105187722 -0.393428326 0.0712321848
v -0.105187908 -0.352712005 0.111808181
v -0.071225062 -0.393428326 0.105194449
v -0.0712254494 -0.386674404 0.111808181
v -0.111350909 -0.352712542 -0.10518074
v -0.111350909 -0.386675 -0.0712184235
v -0.0963729471 -0.37785995 -0.0963661522
v -0.105188489 -0.352712095 -0.11091309
v -0.105187722 -0.393428326 -0.0712182298
v -0.0712258369 -0.386674613 -0.11091309
v -0.071225062 -0.393428326 -0.105180547
v 0.0963728502 -0.185114056 0.0963797644
v 0.0712247714 -0.176299393 0.111808181
v 0.0712251589 -0.170420036 0.105194449
v 0.105187029 -0.210261986 0.111808196
v 0.105187424 -0.170420036 0.0712320879
v 0.111351393 -0.210261881 0.105194643
v 0.111350611 -0.176299453 0.0712322816
v 0.0712247714 -0.386674494 0.111808181
v 0.105187029 -0.352711946 0.111808181
v 0.0963728502 -0.37785998 0.0963797718
v 0.0712249652 -0.393428326 0.105194449
v 0.111351393 -0.352711886 0.105194643
v 0.105187424 -0.393428326 0.0712321848
v 0.111351393 -0.386674404 0.0712322816
v 0.0963728502 -0.37785995 -0.0963661522
v 0.0712249652 -0.393428415 -0.105180591
v 0.105187424 -0.393428326 -0.0712182298
v 0.111351393 -0.386674404 -0.0712180287
v 0.0712241903 -0.386674613 -0.11091309
v 0.111351393 -0.352711886 -0.105180398
v 0.105186649 -0.352712095 -0.11091309
v 0.0712241903 -0.176299542 -0.11091309
v 0.0963728502 -0.185114056 -0.0963661522
v 0.0712251589 -0.170420021 -0.105180547
v 0.105186649 -0.210262105 -0.110913001
v 0.105187424 -0.170420021 -0.0712182298
v 0.111351393 -0.210261881 -0.105180398
v 0.111350611 -0.176299453 -0.0712180361
v -0.11856325 -0.222546726 0.229996711
v -0.0927012637 -0.33215937 0.228531182
v -0.11856325 -0.340414375 0.229996711
v -0.0927012637 -0.230801612 0.228531182
v -0.0506809652 -0.374179691 0.228531182
v -0.0589358881 -0.162919447 0.229996711
v -0.0589358881 -0.400041729 0.229996696
v -0.0506807715 -0.188781351 0.228531197
v 0.050676804 -0.374179691 0.228531182
v 0.0589319132 -0.162919447 0.229996711
v 0.0589319132 -0.400041729 0.229996696
v 0.050676804 -0.188781351 0.228531197
v 0.0926971063 -0.33215937 0.228531182
v 0.118559092 -0.222546726 0.229996711
v 0.118559092 -0.340414375 0.229996711
v 0.0926971063 -0.230801657 0.228531197
v -0.105189845 -0.210255891 0.144075498
v -0.119564928 -0.34091267 0.150781214
v -0.105189845 -0.352705896 0.144075498
v -0.119564928 -0.222049192 0.150781214
v -0.0594339184 -0.401043773 0.150781214
v -0.0712271929 -0.176293433 0.144075498
v -0.0712271929 -0.386668384 0.144075498
v -0.0594339184 -0.161918133 0.150781199
v 0.0594295599 -0.401043773 0.150781214
v 0.0712228343 -0.176293433 0.144075498
v 0.0712228343 -0.386668384 0.144075498
v 0.0594295599 -0.161918133 0.150781199
v 0.119560584 -0.34091267 0.150781214
v 0.1051853 -0.210255891 0.144075498
v 0.1051853 -0.352705896 0.144075498
v 0.119560584 -0.222049192 0.150781214
v -0.0589339547 -0.511549711 -0.118560098
v 0.0506785437 -0.510012209 -0.0926981717
v 0.0589336567 -0.511549711 -0.118560098
v -0.0506792255 -0.510012209 -0.0926981717
v 0.0926988423 -0.510012209 -0.0506779104
v -0.11856132 -0.511549711 -0.0589327402
v 0.118560828 -0.511549711 -0.0589327402
v -0.092699334 -0.510012209 -0.0506778136
v 0.0926988423 -0.510012209 0.0506799482
v -0.11856132 -0.511549711 0.0589348786
v 0.118560828 -0.511549711 0.0589348786
v -0.092699334 -0.510012209 0.0506799482
v 0.0506785437 -0.510012209 0.0927002504
v -0.0589339547 -0.511549711 0.118562236
v 0.0589336567 -0.511549711 0.118562236
v -0.0506792255 -0.510012209 0.0927002504
v -0.0712248608 -0.424978405 -0.105186597
v 0.0594316907 -0.431596756 -0.119561933
v 0.0712249652 -0.424978405 -0.105186597
v -0.0594315939 -0.431596756 -0.119561933
v 0.119562909 -0.431596756 -0.0594309606
v -0.10518752 -0.424978405 -0.0712243319
v 0.105187424 -0.424978405 -0.0712243319
v -0.119562611 -0.431596756 -0.0594309606
v 0.119562909 -0.431596756 0.0594327152
v -0.10518752 -0.424978405 0.0712259859
v 0.105187424 -0.424978405 0.0712259859
v -0.119562611 -0.431596756 0.0594327152
v 0.0594316907 -0.431596756 0.119563729
v -0.0712248608 -0.424978405 0.105188347
v 0.0712249652 -0.424978405 0.105188347
v -0.0594315939 -0.431596756 0.119563729
v 0.22996895 -0.340414882 -0.118559718
v 0.228531063 -0.230802268 -0.0926977769
v 0.22996895 -0.222547188 -0.118559718
v 0.228531063 -0.332160026 -0.0926977769
v 0.228531063 -0.188782051 -0.0506775267
v 0.22996895 -0.400042176 -0.0589323491
v 0.22996895 -0.162920028 -0.0589323491
v 0.228531063 -0.374180228 -0.0506774336
v 0.228531063 -0.188782051 0.0506803319
v 0.22996895 -0.400042176 0.0589353554
v 0.22996895 -0.162920028 0.0589353554
v 0.228531063 -0.374180228 0.0506803319
v 0.228531063 -0.230802268 0.0927006379
v 0.22996895 -0.340414882 0.118562616
v 0.22996895 -0.222547188 0.118562631
v 0.228531063 -0.332160026 0.0927006304
v 0.143789902 -0.352705687 -0.105186209
v 0.150505006 -0.222049043 -0.119561501
v 0.143789902 -0.210255772 -0.105186209
v 0.150505006 -0.340912461 -0.119561501
v 0.150505006 -0.16191785 -0.05943048
v 0.143789902 -0.386668235 -0.0712237507
v 0.143789902 -0.176293254 -0.0712237507
v 0.150505006 -0.401043504 -0.0594304837
v 0.150505006 -0.16191785 0.0594330952
v 0.143789902 -0.386668235 0.0712263659
v 0.143789902 -0.176293254 0.0712263659
v 0.150505006 -0.401043504 0.0594330952
v 0.150505006 -0.222049043 0.119564109
v 0.143789902 -0.352705687 0.105188824
v 0.143789902 -0.210255772 0.105188824
v 0.150505006 -0.340912461 0.119564109
v 0.0589340478 -0.0514123812 -0.118560098
v -0.0506786443 -0.0529498085 -0.0926981717
v -0.0589337535 -0.0514123812 -0.118560098
v 0.0506791249 -0.0529498085 -0.0926981717
v -0.0926989466 -0.0529498085 -0.0506779142
v 0.118561417 -0.0514123775 -0.0589327402
v -0.118560933 -0.0514123775 -0.0589327402
v 0.0926994309 -0.0529498085 -0.0506778136
v -0.0926989466 -0.0529498085 0.0506799482
v 0.118561417 -0.0514123775 0.0589348674
v -0.118560933 -0.0514123775 0.0589348674
v 0.0926994309 -0.0529498085 0.0506799482
v -0.0506786443 -0.0529498085 0.0927002504
v 0.0589340478 -0.0514123775 0.118562236
v -0.0589337535 -0.0514123775 0.118562236
v 0.0506791249 -0.0529498085 0.0927002504
v 0.0712249652 -0.137983516 -0.105186597
v -0.0594317913 -0.131365284 -0.119561933
v -0.071225062 -0.137983516 -0.105186597
v 0.0594316907 -0.131365284 -0.119561933
v -0.119563006 -0.131365284 -0.0594309643
v 0.10518723 -0.137983516 -0.0712243319
v -0.105187722 -0.137983516 -0.0712243319
v 0.119562708 -0.131365284 -0.0594309643
v -0.119563006 -0.131365284 0.059432704
v 0.10518723 -0.137983516 0.0712259859
v -0.105187722 -0.137983516 0.0712259859
v 0.119562708 -0.131365284 0.059432704
v -0.0594317913 -0.131365284 0.119563729
v 0.0712249652 -0.137983516 0.105188347
v -0.071225062 -0.137983516 0.105188347
v 0.0594316907 -0.131365284 0.119563729
v -0.229970396 -0.222546726 -0.118560098
v -0.228530958 -0.33215934 -0.0926981717
v -0.229970396 -0.340414375 -0.118560098
v -0.228530958 -0.230801627 -0.0926981717
v -0.228530958 -0.374179691 -0.0506779104
v -0.229970396 -0.162919447 -0.0589327365
v -0.229970396 -0.400041729 -0.0589327402
v -0.228530958 -0.188781351 -0.0506778136
v -0.228530958 -0.374179691 0.0506799482
v -0.229970396 -0.162919447 0.0589348674
v -0.229970396 -0.400041729 0.0589348786
v -0.228530958 -0.188781351 0.0506799482
v -0.228530958 -0.33215937 0.0927002504
v -0.229970396 -0.222546726 0.118562236
v -0.229970396 -0.340414375 0.118562236
v -0.228530958 -0.230801657 0.0927002504
v -0.143789813 -0.210255891 -0.105186604
v -0.150505498 -0.3409127 -0.119561933
v -0.143789813 -0.352705956 -0.105186604
v -0.150505498 -0.222049177 -0.119561933
v -0.150505498 -0.401043773 -0.0594309606
v -0.143789813 -0.176293433 -0.0712243319
v -0.143789813 -0.386668384 -0.0712243319
v -0.150505498 -0.161918133 -0.0594309643
v -0.150505498 -0.401043773 0.0594327152
v -0.143789813 -0.176293433 0.0712259859
v -0.143789813 -0.386668384 0.0712259859
v -0.150505498 -0.161918133 0.059432704
v -0.150505498 -0.34091267 0.119563729
v -0.143789813 -0.210255891 0.10518834
v -0.143789813 -0.352705896 0.105188347
v -0.150505498 -0.222049192 0.119563729
v -0.499999911 -0.330262631 0.10701973
v -0.499999315 -0.244690314 0.0803176761
v -0.499999255 -0.232236817 0.107020117
v -0.499999315 -0.318258911 0.0803178549
v -0.499999315 -0.206253409 0.0367831215
v -0.499999255 -0.388270766 0.0490120314
v -0.499998629 -0.174228936 0.0490121245
v -0.499999315 -0.361793518 0.0367832184
v -0.499999315 -0.206253409 -0.0367852524
v -0.499999911 -0.388270766 -0.0490131937
v -0.499998629 -0.174228907 -0.0490140617
v -0.499999315 -0.361793518 -0.0367850587
v -0.499999315 -0.247025281 -0.0803198516
v -0.499999255 -0.330263048 -0.107021995
v -0.499998629 -0.232236654 -0.107021853
v -0.499999315 -0.315924853 -0.0803198516
v -0.0493952893 0.499999911 0.107019916
v -0.0370696858 0.500000536 0.0801060572
v 0.0363047272 0.499999911 0.0801064447
v 0.0486306138 0.499999911 0.107019916
v -0.107403457 0.499999911 0.0490124114
v 0.0797248036 0.499999911 0.0366869159
v -0.0804895163 0.500000536 0.0366866104
v 0.106638581 0.499999911 0.0490123183
v -0.107403457 0.499999225 -0.0490140505
v 0.0797245502 0.499999911 -0.0366881751
v -0.0804893449 0.499999911 -0.0366875827
v 0.106638409 0.500000536 -0.0490137674
v -0.0493957028 0.499999911 -0.107021518
v 0.0363048092 0.499999911 -0.0801081434
v -0.0370695852 0.499999225 -0.0801081434
v 0.0486306958 0.500000536 -0.107021369
v 0.500000119 -0.232236996 0.107019916
v 0.500000834 -0.244562596 0.0801060572
v 0.500000119 -0.317936987 0.0801064447
v 0.500000119 -0.330262899 0.107019916
v 0.500000119 -0.174228802 0.0490124114
v 0.500000119 -0.361357123 0.0366869159
v 0.500000834 -0.201142788 0.0366866216
v 0.500000119 -0.388270855 0.0490123183
v 0.499999464 -0.174228802 -0.0490140617
v 0.500000119 -0.361356795 -0.0366881639
v 0.500000119 -0.201142952 -0.0366875827
v 0.500000834 -0.388270676 -0.0490137674
v 0.500000119 -0.232236564 -0.107021518
v 0.500000119 -0.317937076 -0.0801081434
v 0.499999464 -0.244562671 -0.0801081434
v 0.500000834 -0.330262989 -0.107021369
v -0.107020594 -0.232236966 0.499998659
v -0.0801067203 -0.244562596 0.499999344
v -0.0801070556 -0.317936987 0.499998659
v -0.107020594 -0.33026287 0.499998659
v -0.0490131192 -0.174228802 0.499998659
v -0.0366875492 -0.361357123 0.499998659
v -0.0366872214 -0.201142788 0.499999344
v -0.049012959 -0.388270855 0.499998629
v 0.0490134023 -0.174228802 0.499997973
v 0.0366875082 -0.361356795 0.499998629
v 0.036687009 -0.201142952 0.499998659
v 0.0490130708 -0.388270676 0.499999315
v 0.10702087 -0.232236564 0.499998629
v 0.0801074952 -0.317937076 0.499998659
v 0.0801074952 -0.244562671 0.499997973
v 0.107020698 -0.330262989 0.499999315
vt 0.317142308 0.908251464
vt 0.331009269 0.908251584
vt 0.317142308 0.922118366
vt 0.331010252 0.908236563
vt 0.317143321 0.922103465
vt 0.317143321 0.908236563
vt 0.317142427 0.922103465
vt 0.331009269 0.908236563
vt 0.317142427 0.908236444
vt 0.317143321 0.908251584
vt 0.317143321 0.922118604
vt 0.331010252 0.908251584
vt 0.317142308 0.922118604
vt 0.317142308 0.908251584
vt 0.331009269 0.908251584
vt 0.331009269 0.908236563
vt 0.317142427 0.908236563
vt 0.317142427 0.922103465
vt 0.317143321 0.922103465
vt 0.317143321 0.908236444
vt 0.331010371 0.908236563
vt 0.331009269 0.908236444
vt 0.317142308 0.908236563
vt 0.317142308 0.922103465
vt 0.613810122 0.699517012
vt 0.613810122 0.65418005
vt 0.596092403 0.65418005
vt 0.596092403 0.69951725
vt 0.580640495 0.65418005
vt 0.580640495 0.69951725
vt 0.496558607 0.699516594
vt 0.496558607 0.654179931
vt 0.481140107 0.65418005
vt 0.481140107 0.699517012
vt 0.514164567 0.699516058
vt 0.514164567 0.654179931
vt 0.496558607 0.654179931
vt 0.496558607 0.699516594
vt 0.52949959 0.69951582
vt 0.514164567 0.654179931
vt 0.514164567 0.699516058
vt 0.52949959 0.654179931
vt 0.547487676 0.699515283
vt 0.547487676 0.654179931
vt 0.563011706 0.699515164
vt 0.563011706 0.654179931
vt 0.580640495 0.699515045
vt 0.580640495 0.654179931
vt 0.563011706 0.654179931
vt 0.563011706 0.699515164
vt 0.459042341 0.776300192
vt 0.459042281 0.731043339
vt 0.447235465 0.731043339
vt 0.447235525 0.776299775
vt 0.4338485 0.731043339
vt 0.4338485 0.776299238
vt 0.422213614 0.731043339
vt 0.422213614 0.776297987
vt 0.471728832 0.776301861
vt 0.471746385 0.731043339
vt 0.459042281 0.731043339
vt 0.459042341 0.776300192
vt 0.384338289 0.776295841
vt 0.372773349 0.731043339
vt 0.372784823 0.776296854
vt 0.384338289 0.731043339
vt 0.397736907 0.776296377
vt 0.397736907 0.731043339
vt 0.40953815 0.776296616
vt 0.40953815 0.731043339
vt 0.422213614 0.776297987
vt 0.422213614 0.731043339
vt 0.40953815 0.731043339
vt 0.40953815 0.776296616
vt 0.613810122 0.699517131
vt 0.596092403 0.654179931
vt 0.613810122 0.654180169
vt 0.596092403 0.699517131
vt 0.580640495 0.654179931
vt 0.580640495 0.699517131
vt 0.496558607 0.69951725
vt 0.481140107 0.699517131
vt 0.481140107 0.654180169
vt 0.496558607 0.654180586
vt 0.514164567 0.69951725
vt 0.496558607 0.69951725
vt 0.496558607 0.654180586
vt 0.514164567 0.654181123
vt 0.52949959 0.69951725
vt 0.514164567 0.69951725
vt 0.514164567 0.654181123
vt 0.52949959 0.654181361
vt 0.547487676 0.69951725
vt 0.547487676 0.654181898
vt 0.563011706 0.69951725
vt 0.563011706 0.654182017
vt 0.580640495 0.69951725
vt 0.563011706 0.69951725
vt 0.563011706 0.654182017
vt 0.580640495 0.654182136
vt 0.471746385 0.731043339
vt 0.459042341 0.776300192
vt 0.471728832 0.776301861
vt 0.459042281 0.731043339
vt 0.447235525 0.776299775
vt 0.447235465 0.731043339
vt 0.4338485 0.776299238
vt 0.4338485 0.731043339
vt 0.384338289 0.731043339
vt 0.372773349 0.731043339
vt 0.372784823 0.776296854
vt 0.384338289 0.776295841
vt 0.397736907 0.731043339
vt 0.384338289 0.731043339
vt 0.384338289 0.776295841
vt 0.397736907 0.776296377
vt 0.40953815 0.731043339
vt 0.40953815 0.776296616
vt 0.422213614 0.731043339
vt 0.422213614 0.776297987
vt 0.4338485 0.731043339
vt 0.422213614 0.731043339
vt 0.422213614 0.776297987
vt 0.4338485 0.776299238
vt 0.613810122 0.699517012
vt 0.613810122 0.65418005
vt 0.596092403 0.65418005
vt 0.596092403 0.69951725
vt 0.580640495 0.65418005
vt 0.580640495 0.69951725
vt 0.496558607 0.699516594
vt 0.496558607 0.654179931
vt 0.481140107 0.65418005
vt 0.481140107 0.699517012
vt 0.514164567 0.699516058
vt 0.514164567 0.654179931
vt 0.496558607 0.654179931
vt 0.496558607 0.699516594
vt 0.52949959 0.69951582
vt 0.514164567 0.654179931
vt 0.514164567 0.699516058
vt 0.52949959 0.654179931
vt 0.547487676 0.699515283
vt 0.547487676 0.654179931
vt 0.563011706 0.699515164
vt 0.563011706 0.654179931
vt 0.580640495 0.699515045
vt 0.580640495 0.654179931
vt 0.563011706 0.654179931
vt 0.563011706 0.699515164
vt 0.459042341 0.776300192
vt 0.459042281 0.731043339
vt 0.447235465 0.731043339
vt 0.447235525 0.776299775
vt 0.4338485 0.731043339
vt 0.4338485 0.776299238
vt 0.422213614 0.731043339
vt 0.422213614 0.776297987
vt 0.471728832 0.776301861
vt 0.471746385 0.731043339
vt 0.459042281 0.731043339
vt 0.459042341 0.776300192
vt 0.384338289 0.776295841
vt 0.372773349 0.731043339
vt 0.372784823 0.776296854
vt 0.384338289 0.731043339
vt 0.397736907 0.776296377
vt 0.397736907 0.731043339
vt 0.40953815 0.776296616
vt 0.40953815 0.731043339
vt 0.422213614 0.776297987
vt 0.422213614 0.731043339
vt 0.40953815 0.731043339
vt 0.40953815 0.776296616
vt 0.613810122 0.699517012
vt 0.613810122 0.65418005
vt 0.596092403 0.65418005
vt 0.596092403 0.69951725
vt 0.580640495 0.65418005
vt 0.580640495 0.69951725
vt 0.496558607 0.699516594
vt 0.496558607 0.654179931
vt 0.481140107 0.65418005
vt 0.481140107 0.699517012
vt 0.514164567 0.699516058
vt 0.514164567 0.654179931
vt 0.496558607 0.654179931
vt 0.496558607 0.699516594
vt 0.52949959 0.69951582
vt 0.514164567 0.654179931
vt 0.514164567 0.699516058
vt 0.52949959 0.654179931
vt 0.547487676 0.699515283
vt 0.547487676 0.654179931
vt 0.563011706 0.699515164
vt 0.563011706 0.654179931
vt 0.580640495 0.699515045
vt 0.580640495 0.654179931
vt 0.563011706 0.654179931
vt 0.563011706 0.699515164
vt 0.459042341 0.776300192
vt 0.459042281 0.731043339
vt 0.447235465 0.731043339
vt 0.447235525 0.776299775
vt 0.4338485 0.731043339
vt 0.4338485 0.776299238
vt 0.422213614 0.731043339
vt 0.422213614 0.776297987
vt 0.471728832 0.776301861
vt 0.471746385 0.731043339
vt 0.459042281 0.731043339
vt 0.459042341 0.776300192
vt 0.384338289 0.776295841
vt 0.372773349 0.731043339
vt 0.372784823 0.776296854
vt 0.384338289 0.731043339
vt 0.397736907 0.776296377
vt 0.397736907 0.731043339
vt 0.40953815 0.776296616
vt 0.40953815 0.731043339
vt 0.422213614 0.776297987
vt 0.422213614 0.731043339
vt 0.40953815 0.731043339
vt 0.40953815 0.776296616
vt 0.252471089 0.974590302
vt 0.20936656 0.965397239
vt 0.20936656 0.974590302
vt 0.252471089 0.965397239
vt 0.266244501 0.974590302
vt 0.266244501 0.965397239
vt 0.30934909 0.974590302
vt 0.30934909 0.965397239
vt 0.323122621 0.965397239
vt 0.323122621 0.974590302
vt 0.366227031 0.974590302
vt 0.366227031 0.965397239
vt 0.380000532 0.974590302
vt 0.380000532 0.965397239
vt 0.42310515 0.974590302
vt 0.42310515 0.965397239
vt 0.436878592 0.974590302
vt 0.436878592 0.965397239
vt 0.268938422 0.891358078
vt 0.26894024 0.953513324
vt 0.279514015 0.953507304
vt 0.279514015 0.891358078
vt 0.268938422 0.891358078
vt 0.26894024 0.953513324
vt 0.279514015 0.953507304
vt 0.279514015 0.891358078
vt 0.268938422 0.891358078
vt 0.26894024 0.953513324
vt 0.279514015 0.953507304
vt 0.279514015 0.891358078
vt 0.268938422 0.891358078
vt 0.26894024 0.953513324
vt 0.279514015 0.953507304
vt 0.279514015 0.891358078
vt 0.279514015 0.953507304
vt 0.279514015 0.891358078
vt 0.268938422 0.891358078
vt 0.26894024 0.953513324
vt 0.279514134 0.953506827
vt 0.279514015 0.891358078
vt 0.268938422 0.891358078
vt 0.268941134 0.953503728
vt 0.279513896 0.953506708
vt 0.279514015 0.891358078
vt 0.268938422 0.891358078
vt 0.268936336 0.953500807
vt 0.279513896 0.953507066
vt 0.279514015 0.891358078
vt 0.268938422 0.891358078
vt 0.268935919 0.953509569
vt 0.268938422 0.891358078
vt 0.268941134 0.953503728
vt 0.279514134 0.953506827
vt 0.279514015 0.891358078
vt 0.279514134 0.953506827
vt 0.279514015 0.891358078
vt 0.268938422 0.891358078
vt 0.268941134 0.953503728
vt 0.268938422 0.891358078
vt 0.268935919 0.953509569
vt 0.279513896 0.953507066
vt 0.279514015 0.891358078
vt 0.268938422 0.891358078
vt 0.268941134 0.953503728
vt 0.279514134 0.953506827
vt 0.279514015 0.891358078
vt 0.247345641 0.964497328
vt 0.213938221 0.955742359
vt 0.213938102 0.964497328
vt 0.24734579 0.955742359
vt 0.270816177 0.964497328
vt 0.270816356 0.955742359
vt 0.304223657 0.964497328
vt 0.304223657 0.955742359
vt 0.327694058 0.964497328
vt 0.327694058 0.955742359
vt 0.361101598 0.964497328
vt 0.361101478 0.955742359
vt 0.384572208 0.964497328
vt 0.384572089 0.955742359
vt 0.417979658 0.964497328
vt 0.417979658 0.955742359
vt 0.441450149 0.964497328
vt 0.441450268 0.955742359
vt 0.468411714 0.968218744
vt 0.438622564 0.973290145
vt 0.459192038 0.986139536
vt 0.445997238 0.958955884
vt 0.472386032 0.957088709
vt 0.449173003 0.950063884
vt 0.476600021 0.93737632
vt 0.452542752 0.934303105
vt 0.477522522 0.925597489
vt 0.453279614 0.92488569
vt 0.476447344 0.90547955
vt 0.452420145 0.908780277
vt 0.47427395 0.893869102
vt 0.450682074 0.899493933
vt 0.467989922 0.874722481
vt 0.445655167 0.884175956
vt 0.462858468 0.864079773
vt 0.44155398 0.87566942
vt 0.298687547 0.899787009
vt 0.338156849 0.88822639
vt 0.310247809 0.88822639
vt 0.349717259 0.89978689
vt 0.349717259 0.927695811
vt 0.298687547 0.92769593
vt 0.310247809 0.93925631
vt 0.338156849 0.939256191
vt 0.252471089 0.974590302
vt 0.20936656 0.965397239
vt 0.20936656 0.974590302
vt 0.252471089 0.965397239
vt 0.266244501 0.974590302
vt 0.266244501 0.965397239
vt 0.30934909 0.974590302
vt 0.30934909 0.965397239
vt 0.323122621 0.965397239
vt 0.323122621 0.974590302
vt 0.366227031 0.974590302
vt 0.366227031 0.965397239
vt 0.380000532 0.974590302
vt 0.380000532 0.965397239
vt 0.42310515 0.974590302
vt 0.42310515 0.965397239
vt 0.436878592 0.974590302
vt 0.436878592 0.965397239
vt 0.247345641 0.964497328
vt 0.213938221 0.955742359
vt 0.213938102 0.964497328
vt 0.24734579 0.955742359
vt 0.270816177 0.964497328
vt 0.270816356 0.955742359
vt 0.304223657 0.964497328
vt 0.304223657 0.955742359
vt 0.327694058 0.964497328
vt 0.327694058 0.955742359
vt 0.361101598 0.964497328
vt 0.361101478 0.955742359
vt 0.384572208 0.964497328
vt 0.384572089 0.955742359
vt 0.417979658 0.964497328
vt 0.417979658 0.955742359
vt 0.441450149 0.964497328
vt 0.441450268 0.955742359
vt 0.468411714 0.968218744
vt 0.438622564 0.973290145
vt 0.459192038 0.986139536
vt 0.445997238 0.958955884
vt 0.472386032 0.957088709
vt 0.449173003 0.950063884
vt 0.476600021 0.93737632
vt 0.452542752 0.934303105
vt 0.477522522 0.925597489
vt 0.453279614 0.92488569
vt 0.476447344 0.90547955
vt 0.452420145 0.908780277
vt 0.47427395 0.893869102
vt 0.450682074 0.899493933
vt 0.467989922 0.874722481
vt 0.445655167 0.884175956
vt 0.462858468 0.864079773
vt 0.44155398 0.87566942
vt 0.252471089 0.974590302
vt 0.20936656 0.965397239
vt 0.20936656 0.974590302
vt 0.252471089 0.965397239
vt 0.266244501 0.974590302
vt 0.266244501 0.965397239
vt 0.30934909 0.974590302
vt 0.30934909 0.965397239
vt 0.323122621 0.965397239
vt 0.323122621 0.974590302
vt 0.366227031 0.974590302
vt 0.366227031 0.965397239
vt 0.380000532 0.974590302
vt 0.380000532 0.965397239
vt 0.42310515 0.974590302
vt 0.42310515 0.965397239
vt 0.436878592 0.974590302
vt 0.436878592 0.965397239
vt 0.247345641 0.964497328
vt 0.213938221 0.955742359
vt 0.213938102 0.964497328
vt 0.24734579 0.955742359
vt 0.270816177 0.964497328
vt 0.270816356 0.955742359
vt 0.304223657 0.964497328
vt 0.304223657 0.955742359
vt 0.327694058 0.964497328
vt 0.327694058 0.955742359
vt 0.361101598 0.964497328
vt 0.361101478 0.955742359
vt 0.384572208 0.964497328
vt 0.384572089 0.955742359
vt 0.417979658 0.964497328
vt 0.417979658 0.955742359
vt 0.441450149 0.964497328
vt 0.441450268 0.955742359
vt 0.468411714 0.968218744
vt 0.438622564 0.973290145
vt 0.459192038 0.986139536
vt 0.445997238 0.958955884
vt 0.472386032 0.957088709
vt 0.449173003 0.950063884
vt 0.476600021 0.93737632
vt 0.452542752 0.934303105
vt 0.477522522 0.925597489
vt 0.453279614 0.92488569
vt 0.476447344 0.90547955
vt 0.452420145 0.908780277
vt 0.47427395 0.893869102
vt 0.450682074 0.899493933
vt 0.467989922 0.874722481
vt 0.445655167 0.884175956
vt 0.462858468 0.864079773
vt 0.44155398 0.87566942
vt 0.252471089 0.974590302
vt 0.20936656 0.965397239
vt 0.20936656 0.974590302
vt 0.252471089 0.965397239
vt 0.266244501 0.974590302
vt 0.266244501 0.965397239
vt 0.30934909 0.974590302
vt 0.30934909 0.965397239
vt 0.323122621 0.965397239
vt 0.323122621 0.974590302
vt 0.366227031 0.974590302
vt 0.366227031 0.965397239
vt 0.380000532 0.974590302
vt 0.380000532 0.965397239
vt 0.42310515 0.974590302
vt 0.42310515 0.965397239
vt 0.436878592 0.974590302
vt 0.436878592 0.965397239
vt 0.247345641 0.964497328
vt 0.213938221 0.955742359
vt 0.213938102 0.964497328
vt 0.24734579 0.955742359
vt 0.270816177 0.964497328
vt 0.270816356 0.955742359
vt 0.304223657 0.964497328
vt 0.304223657 0.955742359
vt 0.327694058 0.964497328
vt 0.327694058 0.955742359
vt 0.361101598 0.964497328
vt 0.361101478 0.955742359
vt 0.384572208 0.964497328
vt 0.384572089 0.955742359
vt 0.417979658 0.964497328
vt 0.417979658 0.955742359
vt 0.441450149 0.964497328
vt 0.441450268 0.955742359
vt 0.468411714 0.968218744
vt 0.438622564 0.973290145
vt 0.459192038 0.986139536
vt 0.445997238 0.958955884
vt 0.472386032 0.957088709
vt 0.449173003 0.950063884
vt 0.476600021 0.93737632
vt 0.452542752 0.934303105
vt 0.477522522 0.925597489
vt 0.453279614 0.92488569
vt 0.476447344 0.90547955
vt 0.452420145 0.908780277
vt 0.47427395 0.893869102
vt 0.450682074 0.899493933
vt 0.467989922 0.874722481
vt 0.445655167 0.884175956
vt 0.462858468 0.864079773
vt 0.44155398 0.87566942
vt 0.252471089 0.974590302
vt 0.20936656 0.965397239
vt 0.20936656 0.974590302
vt 0.252471089 0.965397239
vt 0.266244501 0.974590302
vt 0.266244501 0.965397239
vt 0.30934909 0.974590302
vt 0.30934909 0.965397239
vt 0.323122621 0.965397239
vt 0.323122621 0.974590302
vt 0.366227031 0.974590302
vt 0.366227031 0.965397239
vt 0.380000532 0.974590302
vt 0.380000532 0.965397239
vt 0.42310515 0.974590302
vt 0.42310515 0.965397239
vt 0.436878592 0.974590302
vt 0.436878592 0.965397239
vt 0.247345641 0.964497328
vt 0.213938221 0.955742359
vt 0.213938102 0.964497328
vt 0.24734579 0.955742359
vt 0.270816177 0.964497328
vt 0.270816356 0.955742359
vt 0.304223657 0.964497328
vt 0.304223657 0.955742359
vt 0.327694058 0.964497328
vt 0.327694058 0.955742359
vt 0.361101598 0.964497328
vt 0.361101478 0.955742359
vt 0.384572208 0.964497328
vt 0.384572089 0.955742359
vt 0.417979658 0.964497328
vt 0.417979658 0.955742359
vt 0.441450149 0.964497328
vt 0.441450268 0.955742359
vt 0.468411714 0.968218744
vt 0.438622564 0.973290145
vt 0.459192038 0.986139536
vt 0.445997238 0.958955884
vt 0.472386032 0.957088709
vt 0.449173003 0.950063884
vt 0.476600021 0.93737632
vt 0.452542752 0.934303105
vt 0.477522522 0.925597489
vt 0.453279614 0.92488569
vt 0.476447344 0.90547955
vt 0.452420145 0.908780277
vt 0.47427395 0.893869102
vt 0.450682074 0.899493933
vt 0.467989922 0.874722481
vt 0.445655167 0.884175956
vt 0.462858468 0.864079773
vt 0.44155398 0.87566942
vt 0.298687547 0.899787009
vt 0.338156849 0.88822639
vt 0.310247809 0.88822639
vt 0.349717259 0.89978689
vt 0.349717259 0.927695811
vt 0.298687547 0.92769593
vt 0.310247809 0.93925631
vt 0.338156849 0.939256191
vt 0.377005488 0.895010531
vt 0.393134177 0.928094923
vt 0.377005368 0.934749305
vt 0.386479884 0.944223881
vt 0.393134296 0.901664853
vt 0.386479884 0.885536075
vt 0.426218718 0.885536075
vt 0.419564307 0.928094923
vt 0.426218718 0.944223881
vt 0.435693115 0.934749305
vt 0.419564307 0.901664853
vt 0.435693115 0.895010531
vt 0.377005488 0.895010531
vt 0.393134177 0.928094923
vt 0.377005368 0.934749305
vt 0.386479884 0.944223881
vt 0.393134296 0.901664853
vt 0.386479884 0.885536075
vt 0.426218718 0.885536075
vt 0.419564307 0.928094923
vt 0.426218718 0.944223881
vt 0.435693115 0.934749305
vt 0.419564307 0.901664853
vt 0.435693115 0.895010531
vt 0.274226874 0.881180227
vt 0.261503756 0.880551219
vt 0.266802609 0.871649444
vt 0.268927962 0.891353488
vt 0.281651109 0.871649444
vt 0.279525787 0.891353488
vt 0.286950022 0.880551219
vt 0.261497974 0.880545616
vt 0.26892221 0.891347826
vt 0.274221241 0.881174326
vt 0.266796887 0.871643722
vt 0.279520035 0.891347706
vt 0.281645387 0.871643722
vt 0.28694436 0.880545616
vt 0.261503756 0.880551219
vt 0.268927962 0.891353488
vt 0.274226874 0.881180227
vt 0.266802609 0.871649444
vt 0.279525787 0.891353488
vt 0.281651109 0.871649444
vt 0.286950022 0.880551219
vt 0.26892221 0.891347826
vt 0.261497974 0.880545616
vt 0.274221241 0.881174326
vt 0.279520035 0.891347706
vt 0.266796887 0.871643722
vt 0.28694436 0.880545616
vt 0.281645387 0.871643722
vt 0.274236441 0.88117063
vt 0.286959559 0.880541861
vt 0.281660646 0.871639907
vt 0.279535294 0.891343951
vt 0.266812295 0.871639907
vt 0.268937528 0.891343951
vt 0.261513144 0.880541861
vt 0.286959559 0.880541861
vt 0.279535294 0.891343951
vt 0.274236441 0.88117063
vt 0.281660646 0.871639907
vt 0.268937528 0.891343951
vt 0.266812295 0.871639907
vt 0.261513144 0.880541861
vt 0.274230659 0.881165028
vt 0.281655014 0.871634126
vt 0.266806573 0.871634126
vt 0.261507541 0.880536079
vt 0.286953807 0.880536079
vt 0.268931746 0.89133817
vt 0.279529393 0.89133817
vt 0.286953807 0.880536079
vt 0.274230659 0.881165028
vt 0.281655014 0.871634126
vt 0.279529393 0.89133817
vt 0.266806573 0.871634126
vt 0.268931746 0.89133817
vt 0.261507541 0.880536079
vt 0.364100158 0.893394113
vt 0.354361862 0.930895507
vt 0.364103407 0.934103668
vt 0.354363412 0.8967278
vt 0.340996891 0.943467677
vt 0.343820125 0.875005841
vt 0.344035804 0.952920258
vt 0.340901464 0.884519875
vt 0.306675315 0.943993032
vt 0.303153813 0.875952244
vt 0.303789288 0.953004897
vt 0.30630061 0.884520113
vt 0.292411089 0.930949092
vt 0.283246428 0.894518018
vt 0.283275187 0.934174776
vt 0.292410046 0.897783577
vt 0.38434124 0.882463813
vt 0.42584905 0.874462545
vt 0.427626759 0.882463813
vt 0.386118889 0.874462545
vt 0.445947915 0.894561231
vt 0.374021322 0.892783701
vt 0.437946677 0.892783701
vt 0.366020143 0.894561231
vt 0.445947915 0.934291363
vt 0.374021322 0.936069191
vt 0.437946677 0.936069191
vt 0.366020143 0.934291363
vt 0.42584905 0.954390347
vt 0.38434124 0.946389079
vt 0.427626759 0.946389079
vt 0.386118889 0.954390347
vt 0.364100158 0.893394113
vt 0.354361862 0.930895507
vt 0.364103407 0.934103668
vt 0.354363412 0.8967278
vt 0.340996891 0.943467677
vt 0.343820125 0.875005841
vt 0.344035804 0.952920258
vt 0.340901464 0.884519875
vt 0.306675315 0.943993032
vt 0.303153813 0.875952244
vt 0.303789288 0.953004897
vt 0.30630061 0.884520113
vt 0.292411089 0.930949092
vt 0.283246428 0.894518018
vt 0.283275187 0.934174776
vt 0.292410046 0.897783577
vt 0.38434124 0.882463813
vt 0.42584905 0.874462545
vt 0.427626759 0.882463813
vt 0.386118889 0.874462545
vt 0.445947915 0.894561231
vt 0.374021322 0.892783701
vt 0.437946677 0.892783701
vt 0.366020143 0.894561231
vt 0.445947915 0.934291363
vt 0.374021322 0.936069191
vt 0.437946677 0.936069191
vt 0.366020143 0.934291363
vt 0.42584905 0.954390347
vt 0.38434124 0.946389079
vt 0.427626759 0.946389079
vt 0.386118889 0.954390347
vt 0.364100158 0.893394113
vt 0.354361862 0.930895507
vt 0.364103407 0.934103668
vt 0.354363412 0.8967278
vt 0.340996891 0.943467677
vt 0.343820125 0.875005841
vt 0.344035804 0.952920258
vt 0.340901464 0.884519875
vt 0.306675315 0.943993032
vt 0.303153813 0.875952244
vt 0.303789288 0.953004897
vt 0.30630061 0.884520113
vt 0.292411089 0.930949092
vt 0.283246428 0.894518018
vt 0.283275187 0.934174776
vt 0.292410046 0.897783577
vt 0.38434124 0.882463813
vt 0.42584905 0.874462545
vt 0.427626759 0.882463813
vt 0.386118889 0.874462545
vt 0.445947915 0.894561231
vt 0.374021322 0.892783701
vt 0.437946677 0.892783701
vt 0.366020143 0.894561231
vt 0.445947915 0.934291363
vt 0.374021322 0.936069191
vt 0.437946677 0.936069191
vt 0.366020143 0.934291363
vt 0.42584905 0.954390347
vt 0.38434124 0.946389079
vt 0.427626759 0.946389079
vt 0.386118889 0.954390347
vt 0.364100158 0.893394113
vt 0.354361862 0.930895507
vt 0.364103407 0.934103668
vt 0.354363412 0.8967278
vt 0.340996891 0.943467677
vt 0.343820125 0.875005841
vt 0.344035804 0.952920258
vt 0.340901464 0.884519875
vt 0.306675315 0.943993032
vt 0.303153813 0.875952244
vt 0.303789288 0.953004897
vt 0.30630061 0.884520113
vt 0.292411089 0.930949092
vt 0.283246428 0.894518018
vt 0.283275187 0.934174776
vt 0.292410046 0.897783577
vt 0.38434124 0.882463813
vt 0.42584905 0.874462545
vt 0.427626759 0.882463813
vt 0.386118889 0.874462545
vt 0.445947915 0.894561231
vt 0.374021322 0.892783701
vt 0.437946677 0.892783701
vt 0.366020143 0.894561231
vt 0.445947915 0.934291363
vt 0.374021322 0.936069191
vt 0.437946677 0.936069191
vt 0.366020143 0.934291363
vt 0.42584905 0.954390347
vt 0.38434124 0.946389079
vt 0.427626759 0.946389079
vt 0.386118889 0.954390347
vt 0.364100158 0.893394113
vt 0.354361862 0.930895507
vt 0.364103407 0.934103668
vt 0.354363412 0.8967278
vt 0.340996891 0.943467677
vt 0.343820125 0.875005841
vt 0.344035804 0.952920258
vt 0.340901464 0.884519875
vt 0.306675315 0.943993032
vt 0.303153813 0.875952244
vt 0.303789288 0.953004897
vt 0.30630061 0.884520113
vt 0.292411089 0.930949092
vt 0.283246428 0.894518018
vt 0.283275187 0.934174776
vt 0.292410046 0.897783577
vt 0.38434124 0.882463813
vt 0.42584905 0.874462545
vt 0.427626759 0.882463813
vt 0.386118889 0.874462545
vt 0.445947915 0.894561231
vt 0.374021322 0.892783701
vt 0.437946677 0.892783701
vt 0.366020143 0.894561231
vt 0.445947915 0.934291363
vt 0.374021322 0.936069191
vt 0.437946677 0.936069191
vt 0.366020143 0.934291363
vt 0.42584905 0.954390347
vt 0.38434124 0.946389079
vt 0.427626759 0.946389079
vt 0.386118889 0.954390347
vt 0.370966941 0.57188797
vt 0.376975656 0.552653372
vt 0.370973378 0.549985707
vt 0.377029538 0.569117963
vt 0.386797488 0.543049812
vt 0.384009123 0.584908068
vt 0.38405329 0.537063956
vt 0.386770427 0.578885496
vt 0.403261989 0.543049812
vt 0.406007677 0.584927022
vt 0.406051993 0.537063956
vt 0.403248549 0.578880787
vt 0.413087606 0.552734494
vt 0.419106424 0.571876824
vt 0.41914618 0.550013006
vt 0.413031459 0.569078445
vt 0.41914618 0.550013006
vt 0.413087606 0.552734494
vt 0.413030922 0.56907779
vt 0.419106424 0.571876824
vt 0.406051993 0.537063956
vt 0.403248549 0.578880787
vt 0.403261989 0.543049812
vt 0.406007677 0.584927022
vt 0.38405329 0.537063956
vt 0.386770427 0.578885496
vt 0.386797488 0.543049812
vt 0.384009123 0.584908068
vt 0.370973378 0.549985707
vt 0.377029538 0.569117963
vt 0.376975656 0.552653372
vt 0.370966941 0.57188797
vt 0.41914618 0.550013006
vt 0.413087606 0.552734494
vt 0.413030922 0.56907779
vt 0.419106424 0.571876824
vt 0.406051993 0.537063956
vt 0.403248549 0.578880787
vt 0.403261989 0.543049812
vt 0.406007677 0.584927022
vt 0.38405329 0.537063956
vt 0.386770427 0.578885496
vt 0.386797488 0.543049812
vt 0.384009123 0.584908068
vt 0.370973378 0.549985707
vt 0.377029538 0.569117963
vt 0.376975656 0.552653372
vt 0.370966941 0.57188797
vt 0.41914618 0.550013006
vt 0.413087606 0.552734494
vt 0.413030922 0.56907779
vt 0.419106424 0.571876824
vt 0.406051993 0.537063956
vt 0.403248549 0.578880787
vt 0.403261989 0.543049812
vt 0.406007677 0.584927022
vt 0.38405329 0.537063956
vt 0.386770427 0.578885496
vt 0.386797488 0.543049812
vt 0.384009123 0.584908068
vt 0.370973378 0.549985707
vt 0.377029538 0.569117963
vt 0.376975656 0.552653372
vt 0.370966941 0.57188797
vn -0.577373028 0.577326417 -0.577351451
vn -0.577373028 0.577326357 -0.577351451
vn -0.5833323 0.583233237 -0.565298557
vn -0.577346504 -0.577359319 -0.577344835
vn -0.577346504 -0.577359438 -0.577345014
vn -0.583208263 -0.583314121 -0.565343022
vn 0.583324611 -0.565286636 -0.58325237
vn 0.458014399 -0.0528091826 -0.887374759
vn 0.58321923 -0.583296835 -0.56534946
vn 0.577348292 0.577340841 -0.577361584
vn 0.58332777 0.565296531 -0.583239734
vn 0.583326578 0.583237767 -0.565299809
vn 0.0526591018 0.458062589 0.887358844
vn 0.458047807 0.0526093394 0.887369394
vn 0.583346009 0.583251238 0.565265715
vn 0.458029896 -0.0526307933 0.887377381
vn 0.0525780804 -0.458014488 0.887388527
vn 0.58322227 -0.583308101 0.565334737
vn -0.577349544 -0.577344596 0.577356637
vn -0.577349544 -0.577344596 0.577356637
vn -0.583226085 -0.583308518 0.565330386
vn -0.57734251 0.577350795 0.577357471
vn -0.57734251 0.577350795 0.577357471
vn -0.58332926 0.583253145 0.565281153
vn 0.382692754 -0.92387563 8.10007987E-05
vn 0.382676303 -0.923882484 8.10013735E-05
vn -0.382677615 -0.923881948 8.02148861E-05
vn -0.382691294 -0.923876286 8.02143695E-05
vn -0.707109809 -0.70710367 6.08840382E-05
vn -0.707109809 -0.70710367 6.08840382E-05
vn 0.707107067 -0.707106471 6.23374508E-05
vn 0.707107008 -0.707106471 6.23374508E-05
vn 0.382676303 -0.923882484 8.10013735E-05
vn 0.382692754 -0.92387563 8.10007987E-05
vn 1 -1.72976638E-06 7.32233502E-07
vn 1 -1.7297665E-06 7.32233502E-07
vn 1 -1.72976638E-06 7.32233502E-07
vn 1 -1.7297665E-06 7.32233389E-07
vn 0.382677019 0.923882186 -8.0548074E-05
vn 0.707108438 0.707105041 -6.13274824E-05
vn 0.707108438 0.707105041 -6.13274897E-05
vn 0.382692128 0.923875868 -8.05475065E-05
vn -0.382680327 0.923880816 -8.13237639E-05
vn -0.38269341 0.923875332 -8.13232909E-05
vn -0.707112074 0.707101464 -6.27607078E-05
vn -0.707112074 0.707101464 -6.27607078E-05
vn -1 0 -1.89480068E-06
vn -1 0 -1.89480068E-06
vn -1 0 -1.89480068E-06
vn -1 0 -1.89480068E-06
vn 0.707103312 0.707110167 -0.000261769572
vn 0.707103312 0.707110107 -0.000261769572
vn 0.382675141 0.923882961 -0.000290360156
vn 0.382684201 0.923879087 -0.000290359923
vn -0.382673949 0.923883379 -0.000290648604
vn -0.38268283 0.923879743 -0.000290648459
vn -0.707096756 0.707116723 -0.000262304355
vn -0.707096756 0.707116723 -0.000262304355
vn 1 -4.5359684E-06 -0.000200224065
vn 1 -4.5359684E-06 -0.000200224065
vn 1 -4.5359684E-06 -0.000200224094
vn 1 -4.5359684E-06 -0.000200224065
vn 0.382669777 -0.923885107 -0.000129065884
vn 0.707101822 -0.707111716 -0.000138231699
vn 0.707101882 -0.707111716 -0.000138231655
vn 0.382688493 -0.923877478 -0.000129066917
vn -0.382662445 -0.923888147 -0.000129337917
vn -0.382688552 -0.923877358 -0.000129339329
vn -0.707093 -0.707120478 -0.000138735501
vn -0.707092941 -0.707120478 -0.000138735515
vn -1 0 -0.000200934999
vn -1 0 -0.000200935028
vn -1 0 -0.000200935057
vn -1 0 -0.000200935028
vn -8.08429977E-05 -0.923878312 -0.382686287
vn -8.0944199E-05 -0.923882246 0.38267684
vn -8.08434997E-05 -0.923884094 -0.382672399
vn -8.09436315E-05 -0.92387563 0.382692933
vn -6.20591163E-05 -0.707103908 0.707109571
vn -6.20591309E-05 -0.707103908 0.707109571
vn -6.18735721E-05 -0.707113564 -0.707099915
vn -8.08429977E-05 -0.923878312 -0.382686287
vn -8.08434997E-05 -0.923884094 -0.382672399
vn -6.18735721E-05 -0.707113564 -0.707099974
vn -0 1.48266145E-06 -1
vn -0 1.48266145E-06 -1
vn -0 1.48266145E-06 -1
vn -0 1.48266145E-06 -1
vn 8.10487472E-05 0.923882782 -0.382675469
vn 6.19941202E-05 0.707107365 -0.707106113
vn 6.19941129E-05 0.707107306 -0.707106173
vn 8.10481724E-05 0.923876166 -0.382691473
vn 8.0918835E-05 0.923882365 0.382676631
vn 8.09183621E-05 0.92387706 0.382689238
vn 6.17541082E-05 0.707106888 0.70710659
vn 6.17541227E-05 0.707106888 0.70710659
vn -0 -3.9537872E-06 1
vn -0 -3.9537872E-06 1
vn -0 -3.9537872E-06 1
vn -0 -3.9537872E-06 1
vn -0.000138184696 0.707099855 -0.707113624
vn -0.00012894762 0.923881888 -0.382677823
vn -0.000138184696 0.707099795 -0.707113683
vn -0.000128948755 0.923873186 -0.382698745
vn -0.000130742104 0.918807924 0.394704938
vn -0.000130743269 0.918798864 0.394725859
vn -0.000140173521 0.688398957 0.72533226
vn -0.000140173506 0.688399017 0.725332201
vn -0.000199815811 -2.63495895E-06 -1
vn -0.000199815811 -2.63495895E-06 -1
vn -0.000199815811 -2.63495895E-06 -1
vn -0.000199815811 -2.63495895E-06 -1
vn -0.000288668671 -0.935318947 -0.353805602
vn -0.000264816976 -0.74963975 -0.661846101
vn -0.000264816976 -0.749639809 -0.661845982
vn -0.000288668525 -0.935317159 -0.35381031
vn -0.000289822725 -0.930024683 0.367496818
vn -0.000289822638 -0.93002212 0.367503524
vn -0.000263906812 -0.729887187 0.683567584
vn -0.000263906753 -0.729887247 0.683567524
vn -0.000200504626 0 1
vn -0.000200504626 0 1
vn -0.000200504626 0 1
vn -0.000200504612 0 1
vn 8.09809717E-05 -0.92387563 -0.382692933
vn 8.09815465E-05 -0.923882484 -0.382676452
vn 8.01914284E-05 -0.923881948 0.382677406
vn 8.01908973E-05 -0.923876345 0.382691205
vn 6.08406808E-05 -0.707103968 0.707109511
vn 6.08406808E-05 -0.707103968 0.707109511
vn 6.23008091E-05 -0.707106292 -0.707107246
vn 6.23008018E-05 -0.707106352 -0.707107186
vn 8.09815465E-05 -0.923882484 -0.382676452
vn 8.09809717E-05 -0.92387563 -0.382692933
vn 6.89148123E-07 -1.48265667E-06 -1
vn 6.89148067E-07 -1.48265667E-06 -1
vn 6.89148123E-07 -1.48265667E-06 -1
vn 6.89148067E-07 -1.48265667E-06 -1
vn -8.05643067E-05 0.923882186 -0.382677108
vn -6.1357503E-05 0.707104862 -0.707108617
vn -6.1357503E-05 0.707104862 -0.707108617
vn -8.05637756E-05 0.923875988 -0.382692158
vn -8.1289465E-05 0.923880935 0.382680148
vn -8.12890139E-05 0.923875451 0.382693261
vn -6.26973633E-05 0.707101762 0.707111776
vn -6.2697356E-05 0.707101762 0.707111776
vn -1.72254613E-06 0 1
vn -1.72254602E-06 0 1
vn -1.72254613E-06 0 1
vn -1.72254602E-06 0 1
vn -0.000261876266 0.707110643 -0.707102835
vn -0.000261876208 0.707110643 -0.707102776
vn -0.00029041784 0.92388308 -0.382674843
vn -0.000290417724 0.923879325 -0.382683963
vn -0.000290581811 0.923883498 0.38267386
vn -0.000290581578 0.923879743 0.38268286
vn -0.000262180809 0.707116783 0.707096636
vn -0.00026218078 0.707116723 0.707096756
vn -0.000200503913 -5.27854172E-06 -1
vn -0.000200503913 -5.27854263E-06 -1
vn -0.000200503913 -5.27854263E-06 -1
vn -0.000200503913 -5.27854172E-06 -1
vn -0.000129073102 -0.923885226 -0.382669747
vn -0.000138244999 -0.707111835 -0.707101583
vn -0.000138244999 -0.707111835 -0.707101583
vn -0.000129074135 -0.923877478 -0.382688344
vn -0.000129401174 -0.923888266 0.382662356
vn -0.000129402586 -0.923877358 0.382688552
vn -0.000138852411 -0.707120478 0.707093
vn -0.000138852381 -0.707120478 0.707092941
vn -0.000200848895 0 1
vn -0.000200848895 0 1
vn -0.000200848895 0 1
vn -0.00020084891 0 1
vn 0.92387718 4.04612329E-05 -0.382689029
vn 0.923880935 4.04613857E-05 -0.382680148
vn 0.923880458 4.00679419E-05 0.3826814
vn 0.923877776 4.00678218E-05 0.382687479
vn 0.707104027 3.039884E-05 0.707109511
vn 0.707104027 3.03988436E-05 0.707109451
vn 0.707106173 3.11258955E-05 -0.707107306
vn 0.707106113 3.11258918E-05 -0.707107365
vn 0.923880935 4.04613857E-05 -0.382680148
vn 0.92387718 4.04612329E-05 -0.382689029
vn 1.4826594E-06 3.44339895E-07 -1
vn 1.48265917E-06 3.44339895E-07 -1
vn 1.48265929E-06 3.44339895E-07 -1
vn 1.4826594E-06 3.44339895E-07 -1
vn -0.923880517 -4.02628139E-05 -0.382680923
vn -0.707104921 -3.06728834E-05 -0.707108617
vn -0.707104862 -3.06728798E-05 -0.707108617
vn -0.923877597 -4.02626829E-05 -0.382688344
vn -0.923879445 -4.06251456E-05 0.382683784
vn -0.923877001 -4.06250474E-05 0.382689655
vn -0.707101703 -3.13423516E-05 0.707111776
vn -0.707101762 -3.13423516E-05 0.707111776
vn -0 -8.60687635E-07 1
vn -0 -8.60687805E-07 1
vn -0 -8.60687635E-07 1
vn -0 -8.60687805E-07 1
vn -0.707110643 -0.00013084909 -0.707102835
vn -0.707110643 -0.000130849105 -0.707102835
vn -0.923882186 -0.000145116021 -0.382677019
vn -0.923880219 -0.000145115962 -0.382681549
vn -0.923882544 -0.000145180762 0.382676214
vn -0.923880637 -0.000145180704 0.382680655
vn -0.707116902 -0.000130969609 0.707096696
vn -0.707116902 -0.000130969609 0.707096696
vn 5.27950715E-06 -0.00010018381 -1
vn 5.27950715E-06 -0.000100183832 -1
vn 5.27950715E-06 -0.00010018381 -1
vn 5.27950715E-06 -0.000100183825 -1
vn 0.92388308 -6.44630272E-05 -0.382674873
vn 0.707111955 -6.90527158E-05 -0.707101583
vn 0.707111895 -6.90527231E-05 -0.707101583
vn 0.923879623 -6.44632455E-05 -0.382683128
vn 0.923886061 -6.46353656E-05 0.38266775
vn 0.923879623 -6.46357876E-05 0.382683218
vn 0.707120478 -6.93717593E-05 0.707093
vn 0.707120478 -6.93717666E-05 0.707093
vn -0 -0.00010035617 1
vn -0 -0.00010035617 1
vn -0 -0.000100356185 1
vn -0 -0.000100356185 1
vn -0.379608333 0.377206624 -0.844756007
vn 8.95273915E-05 -0.382624507 -0.923903942
vn -0.379660606 -0.377246022 -0.84471482
vn 0.000244971772 0.382708907 -0.923868954
vn -0.384591311 0.841935992 -0.378461778
vn 0.00025669043 0.923870444 -0.382705182
vn -0.384660691 0.841894031 0.378484398
vn 0.000117535303 0.923902094 0.382628918
vn -9.05906418E-05 0.382740796 0.923855841
vn -0.407890528 0.38424167 0.828241229
vn -0.407936513 -0.384280175 0.828200877
vn -0.000246056967 -0.382656246 0.92389071
vn -0.41200918 -0.825703621 0.385307699
vn -0.000257374195 -0.92388767 0.382663727
vn -0.411939591 -0.825748146 -0.38528645
vn -0.000118197269 -0.923856139 -0.382739991
vn -0.379660606 -0.377246022 -0.84471482
vn 8.95273915E-05 -0.382624507 -0.923903942
vn -0.846577346 -0.373416454 0.379297763
vn -0.846617997 -0.373357326 -0.379265457
vn -0.411939591 -0.825748146 -0.38528645
vn -0.41200918 -0.825703621 0.385307699
vn -0.375665009 -0.359122247 -0.854345918
vn 0.375673294 -0.35909763 -0.854352593
vn 0.230116665 -0.432842165 -0.871604264
vn -0.230141044 -0.432863981 -0.871586978
vn 0.846616745 -0.373357385 -0.379268199
vn 0.846572995 -0.373427719 0.379296601
vn 0.41198808 -0.825712144 0.385311872
vn 0.411934406 -0.825752616 -0.385282457
vn 0.382832944 -0.387268484 0.838726461
vn -0.382829159 -0.387276083 0.838724673
vn -0.384229571 -0.833957136 0.396084905
vn 0.322606683 -0.703583956 0.63316232
vn -0.384957075 0.418459505 0.822617531
vn 0.384963125 0.418457359 0.822615862
vn 0.377285808 0.849507332 0.36877203
vn -0.319348693 0.721359253 0.614538252
vn 0.831084907 0.404627711 0.381541789
vn 0.831129909 0.404558718 -0.381517112
vn 0.384584904 0.841943085 -0.37845251
vn 0.38463822 0.841904819 0.378483385
vn 0.37802133 0.390194535 -0.839552343
vn -0.37800765 0.390221536 -0.839545846
vn -0.228285536 0.461593151 -0.857214868
vn 0.228259116 0.461569637 -0.857234597
vn -0.831138372 0.404544652 -0.381513566
vn -0.831097245 0.404601365 0.38154301
vn -0.384660691 0.841894031 0.378484398
vn -0.384591311 0.841935992 -0.378461778
vn 0.407815188 0.384241849 0.828278303
vn 0.407883584 -0.38426429 0.828234196
vn 0.84430337 -0.379637957 0.378188998
vn 0.715379119 0.320434839 0.620930076
vn -0.407936513 -0.384280175 0.828200877
vn -0.407890528 0.38424167 0.828241229
vn -0.844393611 0.379619211 0.37800619
vn -0.715389609 -0.320462286 0.62090385
vn 0.37960723 -0.377223849 -0.844748795
vn 0.379532069 0.377201438 -0.844792604
vn 0.451803774 0.22892952 -0.862243891
vn 0.4518103 -0.228935227 -0.862239003
vn -0.379608333 0.377206624 -0.844756007
vn -0.379660606 -0.377246022 -0.84471482
vn -0.451870203 -0.228935704 -0.862207472
vn -0.451880902 0.228943959 -0.862199664
vn -0.0140427668 0.38286069 -0.923699379
vn -0.0140459258 -0.382426441 -0.923879206
vn -0.0140463859 -0.382862359 -0.923698664
vn -0.0140423169 0.382428557 -0.923878372
vn -0.0140391439 0.923698425 -0.382863075
vn -0.0140386838 0.923879445 -0.382426232
vn -0.0140373968 0.923698962 0.382861942
vn -0.0140369423 0.923879027 0.382427216
vn -0.0140387164 0.382861197 0.92369926
vn -0.014038262 0.382428288 0.923878491
vn -0.0140423272 -0.382862806 0.923698425
vn -0.0140418699 -0.382426232 0.923879325
vn -0.0140462825 -0.923699021 0.382861197
vn -0.0140458345 -0.923878491 0.382428169
vn -0.014048039 -0.923698664 -0.382862359
vn -0.0140475798 -0.923878789 -0.382427186
vn -0.0140463859 -0.382862359 -0.923698664
vn -0.0140459258 -0.382426441 -0.923879206
vn -0.135014281 0.914123595 0.382294655
vn 0.583326578 0.583237767 -0.565299809
vn -0.134919167 0.914153874 -0.382255733
vn 0.583346009 0.583251238 0.565265715
vn -0.135145351 0.382223994 0.914133787
vn 0.0526591018 0.458062589 0.887358844
vn -0.135238811 -0.382263184 0.914103568
vn 0.0525780804 -0.458014488 0.887388527
vn -0.135240614 -0.914102972 0.382263958
vn 0.58322227 -0.583308101 0.565334737
vn -0.13515003 -0.914131999 -0.382226586
vn 0.58321923 -0.583296835 -0.56534946
vn -0.135023609 -0.382291824 -0.914123416
vn 0.583324611 -0.565286636 -0.58325237
vn -0.134926081 0.382245809 -0.914156973
vn 0.58332777 0.565296531 -0.583239734
vn -0.134919167 0.914153874 -0.382255733
vn 0.583326578 0.583237767 -0.565299809
vn -1.2675722E-06 7.2128405E-06 1
vn -1.26757232E-06 7.2128405E-06 1
vn -1.2675722E-06 7.2128405E-06 1
vn -1.26757232E-06 7.21284141E-06 1
vn -3.26802092E-06 0 1
vn -3.26802115E-06 0 1
vn -6.76031004E-06 -2.88509045E-06 1
vn -6.76031095E-06 -2.88509045E-06 1
vn 0.37802133 0.390194535 -0.839552343
vn -0.382664829 -0.000172769083 -0.923887253
vn -0.37800765 0.390221536 -0.839545846
vn 0.38266626 -0.000170492262 -0.923886657
vn 0.831129909 0.404558718 -0.381517112
vn 0.923863232 -6.62248276E-05 -0.382722914
vn 0.831084907 0.404627711 0.381541789
vn 0.923895776 7.75257358E-05 0.382644147
vn 0.382699043 0.000176147121 0.923873007
vn 0.384963125 0.418457359 0.822615862
vn -0.384957075 0.418459505 0.822617531
vn -0.382697672 0.000173862049 0.923873603
vn -0.831097245 0.404601365 0.38154301
vn -0.923894882 7.20076423E-05 0.382646322
vn -0.831138372 0.404544652 -0.381513566
vn -0.923862338 -7.17352232E-05 -0.38272506
vn -0.37800765 0.390221536 -0.839545846
vn -0.382664829 -0.000172769083 -0.923887253
vn 0.382859945 0.0139573077 -0.923700988
vn -0.382428944 0.0139596388 -0.923879445
vn -0.382860929 0.0139600867 -0.923700452
vn 0.382429987 0.0139568616 -0.923879027
vn 0.923700094 0.0139537081 -0.382862329
vn 0.923879921 0.0139532527 -0.38242808
vn 0.923700571 0.01395196 0.382861167
vn 0.923879504 0.0139515111 0.382429063
vn 0.382860363 0.0139532695 0.92370075
vn 0.382429749 0.0139528252 0.923879206
vn -0.382861465 0.0139560578 0.923700392
vn -0.382428735 0.0139556034 0.923879504
vn -0.92370075 0.013959989 0.382860243
vn -0.923879027 0.0139595419 0.382429868
vn -0.923700273 0.0139617268 -0.382861376
vn -0.923879445 0.0139612807 -0.382429004
vn -0.382860929 0.0139600867 -0.923700452
vn -0.382428944 0.0139596388 -0.923879445
vn 0.914114356 0.135112986 0.382281899
vn 0.58321923 -0.583296835 -0.56534946
vn 0.914147139 0.13501884 -0.382236838
vn 0.58322227 -0.583308101 0.565334737
vn 0.382241815 0.135175437 0.914121807
vn 0.458029896 -0.0526307933 0.887377381
vn -0.382242233 0.135175377 0.914121747
vn -0.375784874 0.135075077 0.916809916
vn -0.914114535 0.135111347 0.382282019
vn -0.583226085 -0.583308518 0.565330386
vn -0.914146006 0.135018721 -0.382239461
vn -0.583208263 -0.583314121 -0.565343022
vn -0.382272005 0.134956598 -0.914141536
vn -0.562150419 -0.584908068 -0.584696054
vn 0.382273883 0.134955689 -0.91414094
vn 0.458014399 -0.0528091826 -0.887374759
vn 0.914147139 0.13501884 -0.382236838
vn 0.58321923 -0.583296835 -0.56534946
vn 0.37960723 -0.377223849 -0.844748795
vn -0.000237588654 0.382706732 -0.923869848
vn 0.379532069 0.377201438 -0.844792604
vn -9.21451137E-05 -0.382627428 -0.92390269
vn 0.411934406 -0.825752616 -0.385282457
vn 0.000107499138 -0.923857212 -0.382737249
vn 0.41198808 -0.825712144 0.385311872
vn 0.000244679191 -0.923888087 0.382662684
vn 0.000239020461 -0.382658333 0.923889875
vn 0.407883584 -0.38426429 0.828234196
vn 0.407815188 0.384241849 0.828278303
vn 9.354543E-05 0.382737696 0.923857033
vn 0.38463822 0.841904819 0.378483385
vn -0.000106903368 0.923901916 0.382629424
vn 0.384584904 0.841943085 -0.37845251
vn -0.000244051625 0.923870981 -0.38270393
vn 0.379532069 0.377201438 -0.844792604
vn -0.000237588654 0.382706732 -0.923869848
vn 0.0140423812 -0.382860959 -0.92369926
vn 0.0140454229 0.382427067 -0.923878908
vn 0.0140458811 0.382862389 -0.923698664
vn 0.0140419267 -0.382428497 -0.923878372
vn 0.0140390862 -0.923698664 -0.382862687
vn 0.0140386261 -0.923879325 -0.382426351
vn 0.014037448 -0.923698962 0.382861882
vn 0.0140369926 -0.923878789 0.382427573
vn 0.0140387639 -0.382861137 0.92369926
vn 0.0140383141 -0.38242799 0.923878729
vn 0.0140422657 0.382862538 0.923698664
vn 0.0140418066 0.3824265 0.923879206
vn 0.0140470453 0.92369926 0.382860869
vn 0.0140465964 0.923878312 0.382428497
vn 0.0140486797 0.923698843 -0.382861674
vn 0.014048228 0.923878789 -0.382427305
vn 0.0140458811 0.382862389 -0.923698664
vn 0.0140454229 0.382427067 -0.923878908
vn 0.135241136 -0.914104164 0.382261008
vn -0.583208263 -0.583314121 -0.565343022
vn 0.135148987 -0.914136767 -0.382215589
vn -0.583226085 -0.583308518 0.565330386
vn 0.135238469 -0.382263362 0.914103568
vn 0.135136589 -0.375755697 0.916812837
vn 0.135145172 0.38222146 0.91413486
vn 0.135046437 0.375814915 0.91680187
vn 0.135017291 0.914122939 0.38229531
vn -0.58332926 0.583253145 0.565281153
vn 0.134923935 0.914153397 -0.382255226
vn -0.5833323 0.583233237 -0.565298557
vn 0.134924516 0.382249653 -0.914155662
vn -0.584858775 0.56212306 -0.584771693
vn 0.135021165 -0.382301509 -0.914119601
vn -0.584878325 -0.562113285 -0.58476156
vn 0.135148987 -0.914136767 -0.382215589
vn -0.583208263 -0.583314121 -0.565343022
vn -0.375665009 -0.359122247 -0.854345918
vn 0.382665962 0.000176919857 -0.923886716
vn 0.375673294 -0.35909763 -0.854352593
vn -0.38266322 0.000174866509 -0.923887849
vn -0.846617997 -0.373357326 -0.379265457
vn -0.923861623 6.80854428E-05 -0.382726699
vn -0.846577346 -0.373416454 0.379297763
vn -0.923895299 -8.02938375E-05 0.382645398
vn -0.382696539 -0.000181686264 0.92387414
vn -0.382829159 -0.387276083 0.838724673
vn 0.382832944 -0.387268484 0.838726461
vn 0.382699043 -0.000179337876 0.923873007
vn 0.846572995 -0.373427719 0.379296601
vn 0.923896015 -7.46211954E-05 0.38264358
vn 0.846616745 -0.373357385 -0.379268199
vn 0.923862398 7.34627029E-05 -0.382724643
vn 0.375673294 -0.35909763 -0.854352593
vn 0.382665962 0.000176919857 -0.923886716
vn -0.382860005 -0.0139572956 -0.923700988
vn 0.382429004 -0.0139596285 -0.923879445
vn 0.382860929 -0.0139600774 -0.923700452
vn -0.382429987 -0.0139568495 -0.923879027
vn -0.923700094 -0.0139536988 -0.38286227
vn -0.923879921 -0.0139532434 -0.38242808
vn -0.923700571 -0.0139519507 0.382861167
vn -0.923879504 -0.0139514999 0.382429063
vn -0.382860363 -0.0139532592 0.92370075
vn -0.382429749 -0.013952815 0.923879206
vn 0.382861465 -0.0139560467 0.923700392
vn 0.382428795 -0.0139555959 0.923879623
vn 0.92370075 -0.0139599759 0.382860243
vn 0.923879087 -0.0139595326 0.382429868
vn 0.923700273 -0.0139617184 -0.382861346
vn 0.923879445 -0.0139612686 -0.382428885
vn 0.382860929 -0.0139600774 -0.923700452
vn 0.382429004 -0.0139596285 -0.923879445
vn -0.914110363 -0.135145143 0.382279992
vn -0.5833323 0.583233237 -0.565298557
vn -0.914144337 -0.13504757 -0.382233411
vn -0.58332926 0.583253145 0.565281153
vn -0.38224107 -0.135208488 0.914117336
vn -0.375784993 -0.135108158 0.916804969
vn 0.382248044 -0.135210261 0.914114177
vn 0.458047807 0.0526093394 0.887369394
vn 0.914113641 -0.135145158 0.382272124
vn 0.583346009 0.583251238 0.565265715
vn 0.91414237 -0.135051563 -0.382236481
vn 0.583326578 0.583237767 -0.565299809
vn 0.382276535 -0.13498354 -0.914135695
vn 0.562085688 0.584839642 -0.584826648
vn -0.382276714 -0.134980738 -0.914136052
vn -0.562093854 0.584835172 -0.58482331
vn -0.914144337 -0.13504757 -0.382233411
vn -0.5833323 0.583233237 -0.565298557
vn -0.844393611 0.379619211 0.37800619
vn -0.923897445 -0.382640243 1.91040199E-05
vn -0.715389609 -0.320462286 0.62090385
vn -0.923864245 0.382720172 -0.000125687176
vn -0.319348693 0.721359253 0.614538252
vn -0.382678211 0.92388165 -0.000195967456
vn 0.377285808 0.849507332 0.36877203
vn 0.382655889 0.923890889 -0.000151013883
vn 0.923861802 0.382726252 -2.06032619E-05
vn 0.715379119 0.320434839 0.620930076
vn 0.84430337 -0.379637957 0.378188998
vn 0.923894048 -0.382648408 0.00012289967
vn 0.322606683 -0.703583956 0.63316232
vn 0.382688105 -0.923877597 0.000195223387
vn -0.384229571 -0.833957136 0.396084905
vn -0.382709831 -0.923868537 0.00015155696
vn -0.715389609 -0.320462286 0.62090385
vn -0.923897445 -0.382640243 1.91040199E-05
vn -0.923698425 0.382861316 0.0140851587
vn -0.923878908 -0.382425457 0.0140883271
vn -0.92369765 -0.382863104 0.0140887871
vn -0.923878074 0.382427543 0.014084707
vn -0.382862777 0.923697829 0.0140825128
vn -0.382425696 0.923878908 0.0140820537
vn 0.38286224 0.923698127 0.0140811112
vn 0.382427096 0.923878372 0.0140806539
vn 0.923698545 0.382861197 0.0140824271
vn 0.923878372 0.382426977 0.0140819745
vn 0.92369771 -0.382862896 0.014086063
vn 0.923879206 -0.382424921 0.0140856039
vn 0.382861584 -0.923698246 0.0140900351
vn 0.38242811 -0.923877776 0.0140895844
vn -0.38286221 -0.923698008 0.014091434
vn -0.382426709 -0.923878372 0.0140909804
vn -0.92369765 -0.382863104 0.0140887871
vn -0.923878908 -0.382425457 0.0140883271
vn 0.382273763 0.914135754 0.134991333
vn -0.562093854 0.584835172 -0.58482331
vn -0.382273823 0.914137185 0.134981424
vn 0.562085688 0.584839642 -0.584826648
vn 0.91413945 0.382239699 0.135062188
vn 0.58332777 0.565296531 -0.583239734
vn 0.914107263 -0.382283062 0.135157406
vn 0.583324611 -0.565286636 -0.58325237
vn 0.382236242 -0.914117754 0.135219127
vn 0.375776172 -0.916807115 0.135118738
vn -0.382237822 -0.914118111 0.135211751
vn -0.562150419 -0.584908068 -0.584696054
vn -0.914110959 -0.382280618 0.135139704
vn -0.584878325 -0.562113285 -0.58476156
vn -0.914144754 0.382233948 0.13504301
vn -0.584858775 0.56212306 -0.584771693
vn -0.382273823 0.914137185 0.134981424
vn -0.562093854 0.584835172 -0.58482331
vn -6.33785112E-06 -1.29832551E-05 -1
vn -6.33785112E-06 -1.29832551E-05 -1
vn -6.33785112E-06 -1.29832551E-05 -1
vn -6.33785112E-06 -1.29832551E-05 -1
vn 3.2680216E-06 -9.5605692E-06 -1
vn 3.26802206E-06 -9.5605692E-06 -1
vn 4.22522999E-06 2.01960884E-05 -1
vn 4.22522999E-06 2.01960884E-05 -1
vn 0.105929188 -0.0438618697 0.993405819
vn 0.0498110242 0.0498101003 0.997515917
vn 0.715379119 0.320434839 0.620930076
vn 0.043862436 0.105924852 0.993406296
vn 0.0498120598 -0.0498101749 0.997515798
vn 0.322606683 -0.703583956 0.63316232
vn -0.0438622236 -0.105924815 0.993406296
vn -0.0498102643 0.0498106144 0.997515917
vn -0.319348693 0.721359253 0.614538252
vn -0.105924077 0.0438634679 0.993406296
vn -0.0498099774 -0.0498103462 0.997515917
vn -0.715389609 -0.320462286 0.62090385
vn 0.451803774 0.22892952 -0.862243891
vn 0.0498129539 -0.0498115085 -0.997515678
vn 0.4518103 -0.228935227 -0.862239003
vn 0.230116665 -0.432842165 -0.871604264
vn 0.049813062 0.0498119853 -0.997515678
vn 0.228259116 0.461569637 -0.857234597
vn -0.228285536 0.461593151 -0.857214868
vn -0.0498111211 -0.0498117246 -0.997515798
vn -0.230141044 -0.432863981 -0.871586978
vn -0.451870203 -0.228935704 -0.862207472
vn -0.0498109758 0.0498120114 -0.997515798
vn -0.451880902 0.228943959 -0.862199664
vn -0.578276038 0.583650529 0.570042968
vn -0.384660691 0.841894031 0.378484398
vn -0.831097245 0.404601365 0.38154301
vn -0.407890528 0.38424167 0.828241229
vn -0.384957075 0.418459505 0.822617531
vn -0.844393611 0.379619211 0.37800619
vn -0.319348693 0.721359253 0.614538252
vn -0.384591311 0.841935992 -0.378461778
vn -0.379608333 0.377206624 -0.844756007
vn -0.572838247 0.578180492 -0.581002295
vn -0.831138372 0.404544652 -0.381513566
vn -0.451880902 0.228943959 -0.862199664
vn -0.37800765 0.390221536 -0.839545846
vn -0.228285536 0.461593151 -0.857214868
vn -0.41200918 -0.825703621 0.385307699
vn -0.407936513 -0.384280175 0.828200877
vn -0.583681226 -0.572910011 0.575404465
vn -0.846577346 -0.373416454 0.379297763
vn -0.715389609 -0.320462286 0.62090385
vn -0.382829159 -0.387276083 0.838724673
vn -0.384229571 -0.833957136 0.396084905
vn -0.379660606 -0.377246022 -0.84471482
vn -0.411939591 -0.825748146 -0.38528645
vn -0.578115463 -0.567429364 -0.586350143
vn -0.451870203 -0.228935704 -0.862207472
vn -0.846617997 -0.373357326 -0.379265457
vn -0.230141044 -0.432863981 -0.871586978
vn -0.375665009 -0.359122247 -0.854345918
vn 0.578261852 0.583654165 0.570053518
vn 0.377285808 0.849507332 0.36877203
vn 0.384963125 0.418457359 0.822615862
vn 0.715379119 0.320434839 0.620930076
vn 0.831084907 0.404627711 0.381541789
vn 0.407815188 0.384241849 0.828278303
vn 0.38463822 0.841904819 0.378483385
vn 0.322606683 -0.703583956 0.63316232
vn 0.84430337 -0.379637957 0.378188998
vn 0.58367306 -0.572908938 0.575413823
vn 0.382832944 -0.387268484 0.838726461
vn 0.407883584 -0.38426429 0.828234196
vn 0.846572995 -0.373427719 0.379296601
vn 0.41198808 -0.825712144 0.385311872
vn 0.578110158 -0.567417979 -0.586366296
vn 0.375673294 -0.35909763 -0.854352593
vn 0.846616745 -0.373357385 -0.379268199
vn 0.411934406 -0.825752616 -0.385282457
vn 0.230116665 -0.432842165 -0.871604264
vn 0.37960723 -0.377223849 -0.844748795
vn 0.4518103 -0.228935227 -0.862239003
vn 0.228259116 0.461569637 -0.857234597
vn 0.572824538 0.578173697 -0.581022561
vn 0.37802133 0.390194535 -0.839552343
vn 0.451803774 0.22892952 -0.862243891
vn 0.831129909 0.404558718 -0.381517112
vn 0.379532069 0.377201438 -0.844792604
vn 0.384584904 0.841943085 -0.37845251
vn 0.0502245463 -0.0199229885 0.998539209
vn 0.049446959 0.0223567486 0.998526454
vn 0.0502245277 0.0199230276 0.998539209
vn 0.0494469367 -0.0223568566 0.998526454
vn 0.022356784 0.0494469069 0.998526454
vn 0.0199231002 -0.0502246246 0.998539209
vn 0.019922955 0.0502244905 0.998539209
vn 0.0223566741 -0.0494471118 0.998526454
vn -0.0223566703 0.049446851 0.998526454
vn -0.0199231133 -0.0502245836 0.998539209
vn -0.0199230239 0.0502243862 0.998539209
vn -0.0223567244 -0.0494470596 0.998526454
vn -0.0494469143 0.0223566703 0.998526454
vn -0.050224565 -0.0199229699 0.998539209
vn -0.050224483 0.0199229699 0.998539209
vn -0.0494469739 -0.0223567784 0.998526454
vn -0.680709243 0.563763976 -0.467766166
vn -0.487648368 -0.101349965 -0.867137432
vn -0.680707693 -0.563762009 -0.467770696
vn -0.487648696 0.101349935 -0.867137194
vn -0.101349808 -0.487642288 -0.86714077
vn -0.563762426 0.680709124 -0.467768013
vn -0.563760936 -0.680706799 -0.467773288
vn -0.10134995 0.487644792 -0.867139339
vn 0.101349548 -0.487641394 -0.867141306
vn 0.563760579 0.680705965 -0.467774898
vn 0.563759089 -0.68070358 -0.467780113
vn 0.101349704 0.487643957 -0.867139876
vn 0.4876436 -0.101349436 -0.867140174
vn 0.680706203 0.563760519 -0.467774749
vn 0.680704653 -0.563758612 -0.4677791
vn 0.487643957 0.101349548 -0.867139876
vn 0.0208987016 -0.998392522 0.0526841842
vn -0.0234511252 -0.998378515 0.0518685356
vn -0.0208988506 -0.998392522 0.0526840426
vn 0.0234514121 -0.998378515 0.0518685691
vn -0.0518684722 -0.998378515 0.023451224
vn 0.0526841469 -0.998392522 0.0208987724
vn -0.052684065 -0.998392522 0.0208986513
vn 0.0518686026 -0.998378515 0.0234512463
vn -0.0518684424 -0.998378515 -0.0234511252
vn 0.0526841246 -0.998392522 -0.0208987631
vn -0.0526840091 -0.998392522 -0.0208986606
vn 0.0518685766 -0.998378515 -0.0234512445
vn -0.0234510899 -0.998378515 -0.0518684238
vn 0.0208986755 -0.998392522 -0.0526841246
vn -0.0208988003 -0.998392522 -0.052683942
vn 0.0234513916 -0.998378515 -0.0518685058
vn -0.563520849 0.470583588 -0.678966463
vn 0.100187317 0.87001276 -0.482742578
vn 0.563515902 0.470597148 -0.678961098
vn -0.100187875 0.870011806 -0.482743919
vn 0.482738584 0.870014966 -0.100186884
vn -0.678965271 0.470580548 -0.563524663
vn 0.678958118 0.470597714 -0.56351918
vn -0.48274824 0.870009601 -0.1001876
vn 0.482738376 0.870014966 0.10018722
vn -0.678963661 0.470586509 0.563521802
vn 0.67895633 0.470603645 0.5635162
vn -0.482748151 0.870009601 0.100187972
vn 0.100187026 0.870013714 0.482740849
vn -0.563519359 0.470589101 0.678963721
vn 0.563514411 0.470602721 0.678958416
vn -0.100187682 0.87001282 0.48274231
vn 0.998593628 0.0195486583 0.0492809713
vn 0.998581409 -0.0219368748 0.0485179387
vn 0.998593628 -0.0195487402 0.0492809042
vn 0.998581409 0.0219369829 0.0485179573
vn 0.998581409 -0.0485178903 0.0219369121
vn 0.998593628 0.0492809489 0.019548649
vn 0.998593628 -0.0492809042 0.0195485521
vn 0.998581409 0.0485179573 0.0219369102
vn 0.998581409 -0.0485178344 -0.0219367631
vn 0.998593628 0.0492808744 -0.0195486732
vn 0.998593628 -0.0492807962 -0.0195486043
vn 0.998581409 0.0485179126 -0.0219368506
vn 0.998581409 -0.0219367985 -0.0485178158
vn 0.998593628 0.0195486005 -0.0492808968
vn 0.998593628 -0.019548662 -0.0492807776
vn 0.998581409 0.021936927 -0.0485178754
vn -0.467476398 -0.563783944 -0.680891693
vn -0.866830289 0.101474248 -0.48816824
vn -0.467480212 0.563782215 -0.680890501
vn -0.866830051 -0.10147468 -0.488168716
vn -0.866832018 0.488165319 -0.101474255
vn -0.467475593 -0.680891454 -0.563784778
vn -0.467481315 0.680888653 -0.563783526
vn -0.866829574 -0.488169432 -0.101474449
vn -0.866832018 0.488165319 0.101474255
vn -0.467475593 -0.680891454 0.563784778
vn -0.467481315 0.680888653 0.563783526
vn -0.866829574 -0.488169432 0.101474449
vn -0.866830289 0.101474248 0.48816824
vn -0.467476398 -0.563783944 0.680891693
vn -0.467480212 0.563782215 0.680890501
vn -0.866830051 -0.10147468 0.488168716
vn -0.0208977684 0.998392642 0.0526816286
vn 0.0234500188 0.998378754 0.0518660806
vn 0.0208978616 0.998392642 0.0526815541
vn -0.0234501287 0.998378754 0.0518661104
vn 0.0518660322 0.998378754 0.0234501176
vn -0.0526815876 0.998392642 0.0208977461
vn 0.0526815802 0.998392642 0.0208976604
vn -0.051866062 0.998378754 0.0234501157
vn 0.0518659987 0.998378754 -0.0234500207
vn -0.052681569 0.998392642 -0.0208977368
vn 0.0526815169 0.998392642 -0.0208976753
vn -0.0518660471 0.998378754 -0.0234501101
vn 0.0234499872 0.998378754 -0.05186598
vn -0.0208977368 0.998392642 -0.052681569
vn 0.020897815 0.998392642 -0.0526814535
vn -0.0234501101 0.998378754 -0.0518660471
vn 0.563516855 -0.470601112 -0.678957582
vn -0.100185931 -0.870016158 -0.482736588
vn -0.563517451 -0.470594287 -0.678961754
vn 0.100185789 -0.870016813 -0.482735515
vn -0.482736319 -0.870016336 -0.100185573
vn 0.678956628 -0.470601648 -0.563517511
vn -0.678958774 -0.470593154 -0.56352216
vn 0.482731938 -0.870018899 -0.100185119
vn -0.48273629 -0.870016336 0.100185893
vn 0.678954899 -0.470607579 0.56351465
vn -0.678957045 -0.470598996 0.563519359
vn 0.482731879 -0.870018899 0.100185491
vn -0.1001857 -0.870017231 0.482734859
vn 0.563515425 -0.470606685 0.678954899
vn -0.563516021 -0.47059983 0.678959191
vn 0.100185513 -0.870017886 0.482733756
vn -0.998590529 -0.0195697006 0.0493339673
vn -0.99857831 0.0219604447 0.0485701412
vn -0.998590529 0.0195697192 0.0493339188
vn -0.99857831 -0.0219605584 0.0485701524
vn -0.99857831 0.0485699996 0.0219605304
vn -0.998590529 -0.0493340157 0.0195697043
vn -0.998590529 0.0493338481 0.0195695851
vn -0.99857831 -0.0485702194 0.0219605044
vn -0.998578429 0.0485699847 -0.0219604447
vn -0.998590529 -0.0493339933 -0.0195696875
vn -0.998590529 0.0493337922 -0.0195696019
vn -0.99857831 -0.0485701747 -0.0219604913
vn -0.99857831 0.0219604112 -0.0485700332
vn -0.998590529 -0.0195696764 -0.0493339002
vn -0.998590529 0.0195696726 -0.0493338145
vn -0.99857831 -0.0219605193 -0.0485700853
vn 0.467455208 0.56378603 -0.680904388
vn 0.866811574 -0.101481952 -0.48819986
vn 0.467459708 -0.563784182 -0.680902958
vn 0.866811395 0.101482026 -0.488200217
vn 0.866812646 -0.488198072 -0.10148149
vn 0.467454225 0.680903316 -0.563788295
vn 0.467459351 -0.680900931 -0.563786924
vn 0.866811097 0.488200605 -0.101481691
vn 0.866812646 -0.488198012 0.101481885
vn 0.467460066 0.680901587 0.563785493
vn 0.467465162 -0.680899322 0.563784063
vn 0.866811097 0.488200516 0.101482041
vn 0.866812587 -0.101481713 0.488198251
vn 0.467460662 0.563784659 0.680901825
vn 0.467465073 -0.563782752 0.680900395
vn 0.866812408 0.101481795 0.488198519
vn -1 3.71882402E-06 -9.98801352E-06
vn -1 8.16089596E-06 -2.35806442E-06
vn -1 8.35714491E-06 -2.02366664E-06
vn -1 3.71691112E-06 -9.98887117E-06
vn -1 1.77084476E-05 2.69124052E-06
vn -1 6.80743142E-06 -3.37986239E-06
vn -1 1.78186783E-05 2.63171364E-06
vn -1 6.97840551E-06 -3.00967622E-06
vn -1 1.99108399E-05 -8.39727818E-06
vn -1 9.82541496E-06 3.64487914E-06
vn -1 1.99927872E-05 -8.14985833E-06
vn -1 9.83636437E-06 3.64604921E-06
vn -1 1.02929262E-05 -1.55338912E-05
vn -1 7.0683077E-06 -4.66080883E-06
vn -1 1.1241551E-05 -1.5694297E-05
vn -1 6.67235008E-06 -5.95466645E-06
vn -6.49561889E-06 1 1.39432886E-05
vn -6.00324074E-06 1 1.38347013E-05
vn 1.87163891E-06 1 5.95982146E-06
vn 1.77987647E-06 1 5.6676231E-06
vn -2.0046682E-05 1 4.57885335E-06
vn -5.95971051E-06 1 1.87163289E-06
vn -2.02526389E-05 1 3.98767634E-06
vn -5.66769813E-06 1 1.77992695E-06
vn -1.17709678E-05 1 -3.69667669E-06
vn -1.38346986E-05 1 9.74659997E-06
vn -1.23779373E-05 1 -3.88729541E-06
vn -1.39432741E-05 1 1.00555098E-05
vn -3.69666441E-06 1 1.17713225E-05
vn -1.17621703E-05 1 2.02531628E-05
vn -3.88727358E-06 1 1.2378282E-05
vn -1.19724136E-05 1 2.00471113E-05
vn 1 6.99527982E-06 1.50158457E-05
vn 1 6.4650153E-06 1.48989029E-05
vn 1 -2.01561193E-06 6.41827046E-06
vn 1 -1.91678987E-06 6.10359302E-06
vn 1 2.11192055E-05 5.07850791E-06
vn 1 6.41815359E-06 2.01560738E-06
vn 1 2.13168096E-05 4.44946454E-06
vn 1 6.10367579E-06 1.91684626E-06
vn 1 1.22069187E-05 -3.83359202E-06
vn 1 1.48989075E-05 1.04963374E-05
vn 1 1.28363581E-05 -4.03126842E-06
vn 1 1.50158385E-05 1.08290087E-05
vn 1 3.83357747E-06 1.2207297E-05
vn 1 1.25119059E-05 2.13173753E-05
vn 1 4.03124568E-06 1.28367337E-05
vn 1 1.27459225E-05 2.11196784E-05
vn -1.50158194E-05 6.99526527E-06 1
vn -1.48988802E-05 6.46500439E-06 1
vn -6.41825727E-06 -2.01561329E-06 1
vn -6.10359029E-06 -1.91679419E-06 1
vn -5.07852701E-06 2.11192E-05 1
vn -2.01560829E-06 6.41815495E-06 1
vn -4.44943134E-06 2.13168169E-05 1
vn -1.91684717E-06 6.10367624E-06 1
vn 3.83359929E-06 1.22069605E-05 1
vn -1.04963465E-05 1.48989211E-05 1
vn 4.03126069E-06 1.28363527E-05 1
vn -1.08290105E-05 1.50158503E-05 1
vn -1.22072997E-05 3.83357883E-06 1
vn -2.13173844E-05 1.25119168E-05 1
vn -1.28367419E-05 4.03124795E-06 1
vn -2.11196912E-05 1.27459343E-05 1
g P_T_PlusUp_B_0
f 3/3/3 2/2/2 1/1/1
f 6/6/6 5/5/5 4/4/4
f 9/9/9 8/8/8 7/7/7
f 12/12/12 11/11/11 10/10/10
f 15/15/15 14/14/14 13/13/13
f 18/18/18 17/17/17 16/16/16
f 21/21/21 20/20/20 19/19/19
f 24/24/24 23/23/23 22/22/22
f 27/27/27 26/26/26 25/25/25
f 28/28/28 27/27/27 25/25/25
f 29/29/29 27/27/27 28/28/28
f 30/30/30 29/29/29 28/28/28
f 33/33/33 32/32/32 31/31/31
f 34/34/34 33/33/33 31/31/31
f 37/37/37 36/36/36 35/35/35
f 38/38/38 37/37/37 35/35/35
f 41/41/41 40/40/40 39/39/39
f 40/40/40 42/42/42 39/39/39
f 39/39/39 42/42/42 43/43/43
f 42/42/42 44/44/44 43/43/43
f 43/43/43 44/44/44 45/45/45
f 44/44/44 46/46/46 45/45/45
f 49/49/49 48/48/48 47/47/47
f 50/50/50 49/49/49 47/47/47
f 53/53/53 52/52/52 51/51/51
f 54/54/54 53/53/53 51/51/51
f 55/55/55 53/53/53 54/54/54
f 56/56/56 55/55/55 54/54/54
f 57/57/57 55/55/55 56/56/56
f 58/58/58 57/57/57 56/56/56
f 61/61/61 60/60/60 59/59/59
f 62/62/62 61/61/61 59/59/59
f 65/65/65 64/64/64 63/63/63
f 64/64/64 66/66/66 63/63/63
f 63/63/63 66/66/66 67/67/67
f 66/66/66 68/68/68 67/67/67
f 67/67/67 68/68/68 69/69/69
f 68/68/68 70/70/70 69/69/69
f 73/73/73 72/72/72 71/71/71
f 74/74/74 73/73/73 71/71/71
f 77/77/77 76/76/76 75/75/75
f 76/76/76 78/78/78 75/75/75
f 76/76/76 79/79/79 78/78/78
f 79/79/79 80/80/80 78/78/78
f 83/83/83 82/82/82 81/81/81
f 84/84/84 83/83/83 81/81/81
f 87/87/87 86/86/86 85/85/85
f 88/88/88 87/87/87 85/85/85
f 91/91/91 90/90/90 89/89/89
f 92/92/92 91/91/91 89/89/89
f 92/92/92 89/89/89 93/93/93
f 94/94/94 92/92/92 93/93/93
f 94/94/94 93/93/93 95/95/95
f 96/96/96 94/94/94 95/95/95
f 99/99/99 98/98/98 97/97/97
f 100/100/100 99/99/99 97/97/97
f 103/103/103 102/102/102 101/101/101
f 102/102/102 104/104/104 101/101/101
f 102/102/102 105/105/105 104/104/104
f 105/105/105 106/106/106 104/104/104
f 105/105/105 107/107/107 106/106/106
f 107/107/107 108/108/108 106/106/106
f 111/111/111 110/110/110 109/109/109
f 112/112/112 111/111/111 109/109/109
f 115/115/115 114/114/114 113/113/113
f 116/116/116 115/115/115 113/113/113
f 116/116/116 113/113/113 117/117/117
f 118/118/118 116/116/116 117/117/117
f 118/118/118 117/117/117 119/119/119
f 120/120/120 118/118/118 119/119/119
f 123/123/123 122/122/122 121/121/121
f 124/124/124 123/123/123 121/121/121
f 127/127/127 126/126/126 125/125/125
f 128/128/128 127/127/127 125/125/125
f 129/129/129 127/127/127 128/128/128
f 130/130/130 129/129/129 128/128/128
f 133/133/133 132/132/132 131/131/131
f 134/134/134 133/133/133 131/131/131
f 137/137/137 136/136/136 135/135/135
f 138/138/138 137/137/137 135/135/135
f 141/141/141 140/140/140 139/139/139
f 140/140/140 142/142/142 139/139/139
f 139/139/139 142/142/142 143/143/143
f 142/142/142 144/144/144 143/143/143
f 143/143/143 144/144/144 145/145/145
f 144/144/144 146/146/146 145/145/145
f 149/149/149 148/148/148 147/147/147
f 150/150/150 149/149/149 147/147/147
f 153/153/153 152/152/152 151/151/151
f 154/154/154 153/153/153 151/151/151
f 155/155/155 153/153/153 154/154/154
f 156/156/156 155/155/155 154/154/154
f 157/157/157 155/155/155 156/156/156
f 158/158/158 157/157/157 156/156/156
f 161/161/161 160/160/160 159/159/159
f 162/162/162 161/161/161 159/159/159
f 165/165/165 164/164/164 163/163/163
f 164/164/164 166/166/166 163/163/163
f 163/163/163 166/166/166 167/167/167
f 166/166/166 168/168/168 167/167/167
f 167/167/167 168/168/168 169/169/169
f 168/168/168 170/170/170 169/169/169
f 173/173/173 172/172/172 171/171/171
f 174/174/174 173/173/173 171/171/171
f 177/177/177 176/176/176 175/175/175
f 178/178/178 177/177/177 175/175/175
f 179/179/179 177/177/177 178/178/178
f 180/180/180 179/179/179 178/178/178
f 183/183/183 182/182/182 181/181/181
f 184/184/184 183/183/183 181/181/181
f 187/187/187 186/186/186 185/185/185
f 188/188/188 187/187/187 185/185/185
f 191/191/191 190/190/190 189/189/189
f 190/190/190 192/192/192 189/189/189
f 189/189/189 192/192/192 193/193/193
f 192/192/192 194/194/194 193/193/193
f 193/193/193 194/194/194 195/195/195
f 194/194/194 196/196/196 195/195/195
f 199/199/199 198/198/198 197/197/197
f 200/200/200 199/199/199 197/197/197
f 203/203/203 202/202/202 201/201/201
f 204/204/204 203/203/203 201/201/201
f 205/205/205 203/203/203 204/204/204
f 206/206/206 205/205/205 204/204/204
f 207/207/207 205/205/205 206/206/206
f 208/208/208 207/207/207 206/206/206
f 211/211/211 210/210/210 209/209/209
f 212/212/212 211/211/211 209/209/209
f 215/215/215 214/214/214 213/213/213
f 214/214/214 216/216/216 213/213/213
f 213/213/213 216/216/216 217/217/217
f 216/216/216 218/218/218 217/217/217
f 217/217/217 218/218/218 219/219/219
f 218/218/218 220/220/220 219/219/219
f 223/223/223 222/222/222 221/221/221
f 224/224/224 223/223/223 221/221/221
f 227/227/227 226/226/226 225/225/225
f 226/226/226 228/228/228 225/225/225
f 229/229/229 225/225/225 228/228/228
f 230/230/230 229/229/229 228/228/228
f 229/229/229 230/230/230 231/231/231
f 230/230/230 232/232/232 231/231/231
f 232/232/232 233/233/233 231/231/231
f 233/233/233 234/234/234 231/231/231
f 234/234/234 233/233/233 235/235/235
f 233/233/233 236/236/236 235/235/235
f 237/237/237 235/235/235 236/236/236
f 238/238/238 237/237/237 236/236/236
f 237/237/237 238/238/238 239/239/239
f 238/238/238 240/240/240 239/239/239
f 241/241/241 239/239/239 240/240/240
f 242/242/242 241/241/241 240/240/240
f 245/245/245 244/244/244 243/243/243
f 246/246/246 245/245/245 243/243/243
f 249/249/249 248/248/248 247/247/247
f 250/250/250 249/249/249 247/247/247
f 253/253/253 252/252/252 251/251/251
f 254/254/254 253/253/253 251/251/251
f 257/257/257 256/256/256 255/255/255
f 258/258/258 257/257/257 255/255/255
f 261/261/261 260/260/260 259/259/259
f 262/262/262 261/261/261 259/259/259
f 265/265/265 264/264/264 263/263/263
f 266/266/266 265/265/265 263/263/263
f 269/269/269 268/268/268 267/267/267
f 270/270/270 269/269/269 267/267/267
f 273/273/273 272/272/272 271/271/271
f 274/274/274 273/273/273 271/271/271
f 277/277/277 276/276/276 275/275/275
f 278/278/278 277/277/277 275/275/275
f 281/281/281 280/280/280 279/279/279
f 282/282/282 281/281/281 279/279/279
f 285/285/285 284/284/284 283/283/283
f 286/286/286 285/285/285 283/283/283
f 289/289/289 288/288/288 287/287/287
f 290/290/290 289/289/289 287/287/287
f 293/293/293 292/292/292 291/291/291
f 292/292/292 294/294/294 291/291/291
f 291/291/291 294/294/294 295/295/295
f 294/294/294 296/296/296 295/295/295
f 295/295/295 296/296/296 297/297/297
f 296/296/296 298/298/298 297/297/297
f 297/297/297 298/298/298 299/299/299
f 298/298/298 300/300/300 299/299/299
f 299/299/299 300/300/300 301/301/301
f 300/300/300 302/302/302 301/301/301
f 301/301/301 302/302/302 303/303/303
f 302/302/302 304/304/304 303/303/303
f 303/303/303 304/304/304 305/305/305
f 304/304/304 306/306/306 305/305/305
f 305/305/305 306/306/306 307/307/307
f 306/306/306 308/308/308 307/307/307
f 311/311/311 310/310/310 309/309/309
f 310/310/310 312/312/312 309/309/309
f 309/309/309 312/312/312 313/313/313
f 312/312/312 314/314/314 313/313/313
f 313/313/313 314/314/314 315/315/315
f 314/314/314 316/316/316 315/315/315
f 315/315/315 316/316/316 317/317/317
f 316/316/316 318/318/318 317/317/317
f 317/317/317 318/318/318 319/319/319
f 318/318/318 320/320/320 319/319/319
f 319/319/319 320/320/320 321/321/321
f 320/320/320 322/322/322 321/321/321
f 321/321/321 322/322/322 323/323/323
f 322/322/322 324/324/324 323/323/323
f 323/323/323 324/324/324 325/325/325
f 324/324/324 326/326/326 325/325/325
f 329/329/329 328/328/328 327/327/327
f 328/328/328 330/330/330 327/327/327
f 330/330/330 331/331/331 327/327/327
f 331/331/331 332/332/332 327/327/327
f 333/333/333 332/332/332 331/331/331
f 334/334/334 333/333/333 331/331/331
f 337/337/337 336/336/336 335/335/335
f 336/336/336 338/338/338 335/335/335
f 339/339/339 335/335/335 338/338/338
f 340/340/340 339/339/339 338/338/338
f 339/339/339 340/340/340 341/341/341
f 340/340/340 342/342/342 341/341/341
f 342/342/342 343/343/343 341/341/341
f 343/343/343 344/344/344 341/341/341
f 344/344/344 343/343/343 345/345/345
f 343/343/343 346/346/346 345/345/345
f 347/347/347 345/345/345 346/346/346
f 348/348/348 347/347/347 346/346/346
f 347/347/347 348/348/348 349/349/349
f 348/348/348 350/350/350 349/349/349
f 351/351/351 349/349/349 350/350/350
f 352/352/352 351/351/351 350/350/350
f 355/355/355 354/354/354 353/353/353
f 354/354/354 356/356/356 353/353/353
f 353/353/353 356/356/356 357/357/357
f 356/356/356 358/358/358 357/357/357
f 357/357/357 358/358/358 359/359/359
f 358/358/358 360/360/360 359/359/359
f 359/359/359 360/360/360 361/361/361
f 360/360/360 362/362/362 361/361/361
f 361/361/361 362/362/362 363/363/363
f 362/362/362 364/364/364 363/363/363
f 363/363/363 364/364/364 365/365/365
f 364/364/364 366/366/366 365/365/365
f 365/365/365 366/366/366 367/367/367
f 366/366/366 368/368/368 367/367/367
f 367/367/367 368/368/368 369/369/369
f 368/368/368 370/370/370 369/369/369
f 373/373/373 372/372/372 371/371/371
f 372/372/372 374/374/374 371/371/371
f 371/371/371 374/374/374 375/375/375
f 374/374/374 376/376/376 375/375/375
f 375/375/375 376/376/376 377/377/377
f 376/376/376 378/378/378 377/377/377
f 377/377/377 378/378/378 379/379/379
f 378/378/378 380/380/380 379/379/379
f 379/379/379 380/380/380 381/381/381
f 380/380/380 382/382/382 381/381/381
f 381/381/381 382/382/382 383/383/383
f 382/382/382 384/384/384 383/383/383
f 383/383/383 384/384/384 385/385/385
f 384/384/384 386/386/386 385/385/385
f 385/385/385 386/386/386 387/387/387
f 386/386/386 388/388/388 387/387/387
f 391/391/391 390/390/390 389/389/389
f 390/390/390 392/392/392 389/389/389
f 393/393/393 389/389/389 392/392/392
f 394/394/394 393/393/393 392/392/392
f 393/393/393 394/394/394 395/395/395
f 394/394/394 396/396/396 395/395/395
f 396/396/396 397/397/397 395/395/395
f 397/397/397 398/398/398 395/395/395
f 398/398/398 397/397/397 399/399/399
f 397/397/397 400/400/400 399/399/399
f 401/401/401 399/399/399 400/400/400
f 402/402/402 401/401/401 400/400/400
f 401/401/401 402/402/402 403/403/403
f 402/402/402 404/404/404 403/403/403
f 405/405/405 403/403/403 404/404/404
f 406/406/406 405/405/405 404/404/404
f 409/409/409 408/408/408 407/407/407
f 408/408/408 410/410/410 407/407/407
f 407/407/407 410/410/410 411/411/411
f 410/410/410 412/412/412 411/411/411
f 411/411/411 412/412/412 413/413/413
f 412/412/412 414/414/414 413/413/413
f 413/413/413 414/414/414 415/415/415
f 414/414/414 416/416/416 415/415/415
f 415/415/415 416/416/416 417/417/417
f 416/416/416 418/418/418 417/417/417
f 417/417/417 418/418/418 419/419/419
f 418/418/418 420/420/420 419/419/419
f 419/419/419 420/420/420 421/421/421
f 420/420/420 422/422/422 421/421/421
f 421/421/421 422/422/422 423/423/423
f 422/422/422 424/424/424 423/423/423
f 427/427/427 426/426/426 425/425/425
f 426/426/426 428/428/428 425/425/425
f 425/425/425 428/428/428 429/429/429
f 428/428/428 430/430/430 429/429/429
f 429/429/429 430/430/430 431/431/431
f 430/430/430 432/432/432 431/431/431
f 431/431/431 432/432/432 433/433/433
f 432/432/432 434/434/434 433/433/433
f 433/433/433 434/434/434 435/435/435
f 434/434/434 436/436/436 435/435/435
f 435/435/435 436/436/436 437/437/437
f 436/436/436 438/438/438 437/437/437
f 437/437/437 438/438/438 439/439/439
f 438/438/438 440/440/440 439/439/439
f 439/439/439 440/440/440 441/441/441
f 440/440/440 442/442/442 441/441/441
f 445/445/445 444/444/444 443/443/443
f 444/444/444 446/446/446 443/443/443
f 447/447/447 443/443/443 446/446/446
f 448/448/448 447/447/447 446/446/446
f 447/447/447 448/448/448 449/449/449
f 448/448/448 450/450/450 449/449/449
f 450/450/450 451/451/451 449/449/449
f 451/451/451 452/452/452 449/449/449
f 452/452/452 451/451/451 453/453/453
f 451/451/451 454/454/454 453/453/453
f 455/455/455 453/453/453 454/454/454
f 456/456/456 455/455/455 454/454/454
f 455/455/455 456/456/456 457/457/457
f 456/456/456 458/458/458 457/457/457
f 459/459/459 457/457/457 458/458/458
f 460/460/460 459/459/459 458/458/458
f 463/463/463 462/462/462 461/461/461
f 462/462/462 464/464/464 461/461/461
f 461/461/461 464/464/464 465/465/465
f 464/464/464 466/466/466 465/465/465
f 465/465/465 466/466/466 467/467/467
f 466/466/466 468/468/468 467/467/467
f 467/467/467 468/468/468 469/469/469
f 468/468/468 470/470/470 469/469/469
f 469/469/469 470/470/470 471/471/471
f 470/470/470 472/472/472 471/471/471
f 471/471/471 472/472/472 473/473/473
f 472/472/472 474/474/474 473/473/473
f 473/473/473 474/474/474 475/475/475
f 474/474/474 476/476/476 475/475/475
f 475/475/475 476/476/476 477/477/477
f 476/476/476 478/478/478 477/477/477
f 481/481/481 480/480/480 479/479/479
f 480/480/480 482/482/482 479/479/479
f 479/479/479 482/482/482 483/483/483
f 482/482/482 484/484/484 483/483/483
f 483/483/483 484/484/484 485/485/485
f 484/484/484 486/486/486 485/485/485
f 485/485/485 486/486/486 487/487/487
f 486/486/486 488/488/488 487/487/487
f 487/487/487 488/488/488 489/489/489
f 488/488/488 490/490/490 489/489/489
f 489/489/489 490/490/490 491/491/491
f 490/490/490 492/492/492 491/491/491
f 491/491/491 492/492/492 493/493/493
f 492/492/492 494/494/494 493/493/493
f 493/493/493 494/494/494 495/495/495
f 494/494/494 496/496/496 495/495/495
f 499/499/499 498/498/498 497/497/497
f 498/498/498 500/500/500 497/497/497
f 501/501/501 497/497/497 500/500/500
f 502/502/502 501/501/501 500/500/500
f 501/501/501 502/502/502 503/503/503
f 502/502/502 504/504/504 503/503/503
f 504/504/504 505/505/505 503/503/503
f 505/505/505 506/506/506 503/503/503
f 506/506/506 505/505/505 507/507/507
f 505/505/505 508/508/508 507/507/507
f 509/509/509 507/507/507 508/508/508
f 510/510/510 509/509/509 508/508/508
f 509/509/509 510/510/510 511/511/511
f 510/510/510 512/512/512 511/511/511
f 513/513/513 511/511/511 512/512/512
f 514/514/514 513/513/513 512/512/512
f 517/517/517 516/516/516 515/515/515
f 516/516/516 518/518/518 515/515/515
f 515/515/515 518/518/518 519/519/519
f 518/518/518 520/520/520 519/519/519
f 519/519/519 520/520/520 521/521/521
f 520/520/520 522/522/522 521/521/521
f 521/521/521 522/522/522 523/523/523
f 522/522/522 524/524/524 523/523/523
f 523/523/523 524/524/524 525/525/525
f 524/524/524 526/526/526 525/525/525
f 525/525/525 526/526/526 527/527/527
f 526/526/526 528/528/528 527/527/527
f 527/527/527 528/528/528 529/529/529
f 528/528/528 530/530/530 529/529/529
f 529/529/529 530/530/530 531/531/531
f 530/530/530 532/532/532 531/531/531
f 535/535/535 534/534/534 533/533/533
f 534/534/534 536/536/536 533/533/533
f 533/533/533 536/536/536 537/537/537
f 536/536/536 538/538/538 537/537/537
f 537/537/537 538/538/538 539/539/539
f 538/538/538 540/540/540 539/539/539
f 539/539/539 540/540/540 541/541/541
f 540/540/540 542/542/542 541/541/541
f 541/541/541 542/542/542 543/543/543
f 542/542/542 544/544/544 543/543/543
f 543/543/543 544/544/544 545/545/545
f 544/544/544 546/546/546 545/545/545
f 545/545/545 546/546/546 547/547/547
f 546/546/546 548/548/548 547/547/547
f 547/547/547 548/548/548 549/549/549
f 548/548/548 550/550/550 549/549/549
f 553/553/553 552/552/552 551/551/551
f 552/552/552 554/554/554 551/551/551
f 554/554/554 555/555/555 551/551/551
f 555/555/555 556/556/556 551/551/551
f 557/557/557 556/556/556 555/555/555
f 558/558/558 557/557/557 555/555/555
f 561/561/561 560/560/560 559/559/559
f 562/562/562 560/560/560 561/561/561
f 560/560/560 563/563/563 559/559/559
f 559/559/559 563/563/563 564/564/564
f 564/564/564 563/563/563 565/565/565
f 566/566/566 560/560/560 562/562/562
f 563/563/563 560/560/560 566/566/566
f 567/567/567 566/566/566 562/562/562
f 568/568/568 566/566/566 567/567/567
f 563/563/563 569/569/569 565/565/565
f 569/569/569 563/563/563 566/566/566
f 569/569/569 566/566/566 568/568/568
f 565/565/565 569/569/569 570/570/570
f 570/570/570 569/569/569 568/568/568
f 573/573/573 572/572/572 571/571/571
f 574/574/574 572/572/572 573/573/573
f 572/572/572 575/575/575 571/571/571
f 571/571/571 575/575/575 576/576/576
f 576/576/576 575/575/575 577/577/577
f 578/578/578 572/572/572 574/574/574
f 575/575/575 572/572/572 578/578/578
f 579/579/579 578/578/578 574/574/574
f 580/580/580 578/578/578 579/579/579
f 575/575/575 581/581/581 577/577/577
f 581/581/581 575/575/575 578/578/578
f 581/581/581 578/578/578 580/580/580
f 577/577/577 581/581/581 582/582/582
f 582/582/582 581/581/581 580/580/580
f 585/585/585 584/584/584 583/583/583
f 583/583/583 584/584/584 586/586/586
f 583/583/583 587/587/587 585/585/585
f 588/588/588 583/583/583 586/586/586
f 587/587/587 583/583/583 589/589/589
f 588/588/588 589/589/589 583/583/583
f 592/592/592 591/591/591 590/590/590
f 593/593/593 592/592/592 590/590/590
f 591/591/591 592/592/592 594/594/594
f 592/592/592 593/593/593 595/595/595
f 596/596/596 594/594/594 592/592/592
f 595/595/595 596/596/596 592/592/592
f 599/599/599 598/598/598 597/597/597
f 597/597/597 600/600/600 599/599/599
f 598/598/598 599/599/599 601/601/601
f 599/599/599 600/600/600 602/602/602
f 599/599/599 603/603/603 601/601/601
f 599/599/599 602/602/602 603/603/603
f 606/606/606 605/605/605 604/604/604
f 607/607/607 606/606/606 604/604/604
f 605/605/605 606/606/606 608/608/608
f 606/606/606 607/607/607 609/609/609
f 606/606/606 610/610/610 608/608/608
f 609/609/609 610/610/610 606/606/606
f 613/613/613 612/612/612 611/611/611
f 611/611/611 612/612/612 614/614/614
f 611/611/611 615/615/615 613/613/613
f 616/616/616 611/611/611 614/614/614
f 615/615/615 611/611/611 617/617/617
f 611/611/611 616/616/616 617/617/617
f 620/620/620 619/619/619 618/618/618
f 620/620/620 618/618/618 621/621/621
f 622/622/622 619/619/619 620/620/620
f 620/620/620 621/621/621 623/623/623
f 620/620/620 624/624/624 622/622/622
f 624/624/624 620/620/620 623/623/623
f 627/627/627 626/626/626 625/625/625
f 627/627/627 625/625/625 628/628/628
f 629/629/629 625/625/625 626/626/626
f 625/625/625 630/630/630 628/628/628
f 625/625/625 629/629/629 631/631/631
f 631/631/631 630/630/630 625/625/625
f 634/634/634 633/633/633 632/632/632
f 633/633/633 635/635/635 632/632/632
f 633/633/633 634/634/634 636/636/636
f 635/635/635 633/633/633 637/637/637
f 636/636/636 638/638/638 633/633/633
f 633/633/633 638/638/638 637/637/637
f 641/641/641 640/640/640 639/639/639
f 640/640/640 642/642/642 639/639/639
f 643/643/643 640/640/640 641/641/641
f 639/639/639 642/642/642 644/644/644
f 645/645/645 643/643/643 641/641/641
f 642/642/642 646/646/646 644/644/644
f 647/647/647 643/643/643 645/645/645
f 644/644/644 646/646/646 648/648/648
f 649/649/649 647/647/647 645/645/645
f 646/646/646 650/650/650 648/648/648
f 651/651/651 647/647/647 649/649/649
f 648/648/648 650/650/650 652/652/652
f 653/653/653 651/651/651 649/649/649
f 650/650/650 654/654/654 652/652/652
f 654/654/654 651/651/651 653/653/653
f 652/652/652 654/654/654 653/653/653
f 657/657/657 656/656/656 655/655/655
f 656/656/656 658/658/658 655/655/655
f 659/659/659 656/656/656 657/657/657
f 655/655/655 658/658/658 660/660/660
f 661/661/661 659/659/659 657/657/657
f 658/658/658 662/662/662 660/660/660
f 663/663/663 659/659/659 661/661/661
f 660/660/660 662/662/662 664/664/664
f 665/665/665 663/663/663 661/661/661
f 662/662/662 666/666/666 664/664/664
f 667/667/667 663/663/663 665/665/665
f 664/664/664 666/666/666 668/668/668
f 669/669/669 667/667/667 665/665/665
f 666/666/666 670/670/670 668/668/668
f 670/670/670 667/667/667 669/669/669
f 668/668/668 670/670/670 669/669/669
f 673/673/673 672/672/672 671/671/671
f 672/672/672 674/674/674 671/671/671
f 675/675/675 672/672/672 673/673/673
f 671/671/671 674/674/674 676/676/676
f 677/677/677 675/675/675 673/673/673
f 674/674/674 678/678/678 676/676/676
f 679/679/679 675/675/675 677/677/677
f 676/676/676 678/678/678 680/680/680
f 681/681/681 679/679/679 677/677/677
f 678/678/678 682/682/682 680/680/680
f 683/683/683 679/679/679 681/681/681
f 680/680/680 682/682/682 684/684/684
f 685/685/685 683/683/683 681/681/681
f 682/682/682 686/686/686 684/684/684
f 686/686/686 683/683/683 685/685/685
f 684/684/684 686/686/686 685/685/685
f 689/689/689 688/688/688 687/687/687
f 688/688/688 690/690/690 687/687/687
f 691/691/691 688/688/688 689/689/689
f 687/687/687 690/690/690 692/692/692
f 693/693/693 691/691/691 689/689/689
f 690/690/690 694/694/694 692/692/692
f 695/695/695 691/691/691 693/693/693
f 692/692/692 694/694/694 696/696/696
f 697/697/697 695/695/695 693/693/693
f 694/694/694 698/698/698 696/696/696
f 699/699/699 695/695/695 697/697/697
f 696/696/696 698/698/698 700/700/700
f 701/701/701 699/699/699 697/697/697
f 698/698/698 702/702/702 700/700/700
f 702/702/702 699/699/699 701/701/701
f 700/700/700 702/702/702 701/701/701
f 705/705/705 704/704/704 703/703/703
f 704/704/704 706/706/706 703/703/703
f 707/707/707 704/704/704 705/705/705
f 703/703/703 706/706/706 708/708/708
f 709/709/709 707/707/707 705/705/705
f 706/706/706 710/710/710 708/708/708
f 711/711/711 707/707/707 709/709/709
f 708/708/708 710/710/710 712/712/712
f 713/713/713 711/711/711 709/709/709
f 710/710/710 714/714/714 712/712/712
f 715/715/715 711/711/711 713/713/713
f 712/712/712 714/714/714 716/716/716
f 717/717/717 715/715/715 713/713/713
f 714/714/714 718/718/718 716/716/716
f 718/718/718 715/715/715 717/717/717
f 716/716/716 718/718/718 717/717/717
f 721/721/721 720/720/720 719/719/719
f 720/720/720 722/722/722 719/719/719
f 723/723/723 720/720/720 721/721/721
f 719/719/719 722/722/722 724/724/724
f 725/725/725 723/723/723 721/721/721
f 722/722/722 726/726/726 724/724/724
f 727/727/727 723/723/723 725/725/725
f 724/724/724 726/726/726 728/728/728
f 729/729/729 727/727/727 725/725/725
f 726/726/726 730/730/730 728/728/728
f 731/731/731 727/727/727 729/729/729
f 728/728/728 730/730/730 732/732/732
f 733/733/733 731/731/731 729/729/729
f 730/730/730 734/734/734 732/732/732
f 734/734/734 731/731/731 733/733/733
f 732/732/732 734/734/734 733/733/733
f 737/737/737 736/736/736 735/735/735
f 736/736/736 738/738/738 735/735/735
f 739/739/739 736/736/736 737/737/737
f 735/735/735 738/738/738 740/740/740
f 741/741/741 739/739/739 737/737/737
f 738/738/738 742/742/742 740/740/740
f 743/743/743 739/739/739 741/741/741
f 740/740/740 742/742/742 744/744/744
f 745/745/745 743/743/743 741/741/741
f 742/742/742 746/746/746 744/744/744
f 747/747/747 743/743/743 745/745/745
f 744/744/744 746/746/746 748/748/748
f 749/749/749 747/747/747 745/745/745
f 746/746/746 750/750/750 748/748/748
f 750/750/750 747/747/747 749/749/749
f 748/748/748 750/750/750 749/749/749
f 753/753/753 752/752/752 751/751/751
f 752/752/752 754/754/754 751/751/751
f 755/755/755 752/752/752 753/753/753
f 751/751/751 754/754/754 756/756/756
f 757/757/757 755/755/755 753/753/753
f 754/754/754 758/758/758 756/756/756
f 759/759/759 755/755/755 757/757/757
f 756/756/756 758/758/758 760/760/760
f 761/761/761 759/759/759 757/757/757
f 758/758/758 762/762/762 760/760/760
f 763/763/763 759/759/759 761/761/761
f 760/760/760 762/762/762 764/764/764
f 765/765/765 763/763/763 761/761/761
f 762/762/762 766/766/766 764/764/764
f 766/766/766 763/763/763 765/765/765
f 764/764/764 766/766/766 765/765/765
f 769/769/769 768/768/768 767/767/767
f 768/768/768 770/770/770 767/767/767
f 771/771/771 768/768/768 769/769/769
f 767/767/767 770/770/770 772/772/772
f 773/773/773 771/771/771 769/769/769
f 770/770/770 774/774/774 772/772/772
f 775/775/775 771/771/771 773/773/773
f 772/772/772 774/774/774 776/776/776
f 777/777/777 775/775/775 773/773/773
f 774/774/774 778/778/778 776/776/776
f 779/779/779 775/775/775 777/777/777
f 776/776/776 778/778/778 780/780/780
f 781/781/781 779/779/779 777/777/777
f 778/778/778 782/782/782 780/780/780
f 782/782/782 779/779/779 781/781/781
f 780/780/780 782/782/782 781/781/781
f 785/785/785 784/784/784 783/783/783
f 784/784/784 786/786/786 783/783/783
f 787/787/787 784/784/784 785/785/785
f 783/783/783 786/786/786 788/788/788
f 789/789/789 787/787/787 785/785/785
f 786/786/786 790/790/790 788/788/788
f 791/791/791 787/787/787 789/789/789
f 788/788/788 790/790/790 792/792/792
f 793/793/793 791/791/791 789/789/789
f 790/790/790 794/794/794 792/792/792
f 795/795/795 791/791/791 793/793/793
f 792/792/792 794/794/794 796/796/796
f 797/797/797 795/795/795 793/793/793
f 794/794/794 798/798/798 796/796/796
f 798/798/798 795/795/795 797/797/797
f 796/796/796 798/798/798 797/797/797
f 801/801/801 800/800/800 799/799/799
f 800/800/800 802/802/802 799/799/799
f 803/803/803 800/800/800 801/801/801
f 799/799/799 802/802/802 804/804/804
f 805/805/805 803/803/803 801/801/801
f 802/802/802 806/806/806 804/804/804
f 807/807/807 803/803/803 805/805/805
f 804/804/804 806/806/806 808/808/808
f 809/809/809 807/807/807 805/805/805
f 806/806/806 810/810/810 808/808/808
f 811/811/811 807/807/807 809/809/809
f 808/808/808 810/810/810 812/812/812
f 813/813/813 811/811/811 809/809/809
f 810/810/810 814/814/814 812/812/812
f 814/814/814 811/811/811 813/813/813
f 812/812/812 814/814/814 813/813/813
f 817/817/817 816/816/816 815/815/815
f 818/818/818 817/817/817 815/815/815
f 815/815/815 816/816/816 819/819/819
f 820/820/820 817/817/817 818/818/818
f 816/816/816 821/821/821 819/819/819
f 822/822/822 820/820/820 818/818/818
f 819/819/819 821/821/821 823/823/823
f 824/824/824 820/820/820 822/822/822
f 821/821/821 825/825/825 823/823/823
f 826/826/826 824/824/824 822/822/822
f 823/823/823 825/825/825 827/827/827
f 828/828/828 824/824/824 826/826/826
f 825/825/825 829/829/829 827/827/827
f 830/830/830 828/828/828 826/826/826
f 827/827/827 829/829/829 830/830/830
f 829/829/829 828/828/828 830/830/830
f 833/833/833 832/832/832 831/831/831
f 834/834/834 833/833/833 831/831/831
f 831/831/831 832/832/832 835/835/835
f 836/836/836 833/833/833 834/834/834
f 832/832/832 837/837/837 835/835/835
f 838/838/838 836/836/836 834/834/834
f 835/835/835 837/837/837 839/839/839
f 840/840/840 836/836/836 838/838/838
f 837/837/837 841/841/841 839/839/839
f 842/842/842 840/840/840 838/838/838
f 839/839/839 841/841/841 843/843/843
f 844/844/844 840/840/840 842/842/842
f 841/841/841 845/845/845 843/843/843
f 846/846/846 844/844/844 842/842/842
f 843/843/843 845/845/845 846/846/846
f 845/845/845 844/844/844 846/846/846
f 849/849/849 848/848/848 847/847/847
f 850/850/850 849/849/849 847/847/847
f 847/847/847 848/848/848 851/851/851
f 852/852/852 849/849/849 850/850/850
f 848/848/848 853/853/853 851/851/851
f 854/854/854 852/852/852 850/850/850
f 851/851/851 853/853/853 855/855/855
f 856/856/856 852/852/852 854/854/854
f 853/853/853 857/857/857 855/855/855
f 858/858/858 856/856/856 854/854/854
f 855/855/855 857/857/857 859/859/859
f 860/860/860 856/856/856 858/858/858
f 857/857/857 861/861/861 859/859/859
f 862/862/862 860/860/860 858/858/858
f 859/859/859 861/861/861 862/862/862
f 861/861/861 860/860/860 862/862/862
