g P_Cross_B
v 0.0872019008 -0.329515159 0.0872023404
v 0.0476919077 -0.36902523 0.0872021243
v 0.0872026682 -0.36902535 0.0476925261
v 0.0476919077 -0.194620281 0.0872021243
v 0.0872019008 -0.234130278 0.0872023404
v 0.0872026682 -0.194620281 0.0476923361
v -0.0872031599 -0.234130189 0.0872021243
v -0.0476931669 -0.194620281 0.0872021243
v -0.0872023776 -0.194620088 0.0476923361
v -0.0476931669 -0.36902523 0.0872021243
v -0.0872031599 -0.32951507 0.0872021243
v -0.0872023776 -0.369025171 0.0476923361
v -0.0872031599 -0.32951498 -0.0872030035
v -0.0476927757 -0.36902535 -0.0872030035
v -0.0872023776 -0.369025171 -0.0476925373
v -0.0476929694 -0.194620088 -0.0872030035
v -0.0872031599 -0.234130189 -0.0872030035
v -0.0872023776 -0.194620088 -0.0476925373
v 0.087202087 -0.234130278 -0.0872028172
v 0.0476919077 -0.194620088 -0.0872030035
v 0.0872026682 -0.194620371 -0.0476924367
v 0.0476919077 -0.36902535 -0.0872030035
v 0.087202087 -0.329515159 -0.0872028172
v 0.0872026682 -0.36902535 -0.0476923361
v -0.0761765018 -0.143397793 -0.112500302
v -0.0505553894 -0.13440609 -0.0505555384
v -0.112500057 -0.143397793 -0.0761768445
v -0.112500057 -0.143397793 0.0761762634
v -0.0505553894 -0.134406134 0.0505549498
v -0.0761765018 -0.143397793 0.112499714
v 0.076176405 -0.143397793 0.112499714
v 0.0505551025 -0.134406134 0.0505549498
v 0.112499766 -0.143397793 0.0761762634
v 0.11249996 -0.143397793 -0.0761768445
v 0.0505551025 -0.13440609 -0.0505555384
v 0.076176405 -0.143397793 -0.112500302
v -0.138425022 -0.205646202 -0.112500302
v -0.169186518 -0.357999235 -0.112500302
v -0.138425022 -0.357999235 -0.112500302
v -0.169186518 -0.205646202 -0.112500302
v -0.138425022 -0.169322759 -0.0761768445
v -0.169186518 -0.169322759 -0.0761768445
v -0.138425022 -0.169322759 0.0761762634
v -0.169186518 -0.169322759 0.0761762634
v -0.169186518 -0.205646202 0.112499714
v -0.138425022 -0.205646202 0.112499714
v -0.138425022 -0.357999235 0.112499714
v -0.169186518 -0.357999235 0.112499714
v -0.138425022 -0.394322723 0.0761762634
v -0.169186518 -0.394322723 0.0761762634
v -0.138425022 -0.394322723 -0.0761768445
v -0.169186518 -0.394322723 -0.0761768445
v -0.138425022 -0.357999235 -0.112500302
v -0.169186518 -0.357999235 -0.112500302
v -0.112500057 -0.420247793 0.0761762634
v -0.112500057 -0.420247793 -0.0761768445
v -0.138425022 -0.394322723 -0.0761768445
v -0.138425022 -0.394322723 0.0761762634
v -0.0761763081 -0.420247793 -0.112500302
v 0.076176405 -0.420247793 -0.112500302
v 0.0761756301 -0.394322664 -0.138425604
v -0.0761774704 -0.394322664 -0.138425604
v 0.112500153 -0.420247793 -0.0761768445
v 0.112500153 -0.420247793 0.0761762634
v 0.138424933 -0.394322604 0.0761764497
v 0.138424933 -0.394322604 -0.0761766434
v 0.076176405 -0.420247793 0.112499714
v -0.0761763081 -0.420247793 0.112499714
v -0.0761776641 -0.394322723 0.138424397
v 0.0761752427 -0.394322723 0.138424397
v -0.0761765018 -0.143397793 0.112499714
v 0.076176405 -0.143397793 0.112499714
v 0.0761752427 -0.169322759 0.138424397
v -0.076177083 -0.169322759 0.13842459
v 0.112499766 -0.143397793 0.0761762634
v 0.11249996 -0.143397793 -0.0761768445
v 0.138424933 -0.169322655 -0.0761766434
v 0.138424933 -0.169322655 0.0761764497
v 0.076176405 -0.143397793 -0.112500302
v -0.0761765018 -0.143397793 -0.112500302
v -0.0761774704 -0.169322655 -0.138425618
v 0.0761756301 -0.169322655 -0.138425618
v -0.112500057 -0.143397793 -0.0761768445
v -0.112500057 -0.143397793 0.0761762634
v -0.138425022 -0.169322759 0.0761762634
v -0.138425022 -0.169322759 -0.0761768445
v 0.138424933 -0.205646172 0.112499923
v 0.138424933 -0.357999057 0.112499923
v 0.112498984 -0.357999235 0.138424397
v 0.112498984 -0.205646202 0.138424397
v 0.100392371 -0.181430578 0.100391939
v 0.0761752427 -0.169322759 0.138424397
v 0.138424933 -0.169322655 0.0761764497
v 0.076176405 -0.143397793 0.112499714
v 0.112499766 -0.143397793 0.0761762634
v -0.138425022 -0.357999235 0.112499714
v -0.138425022 -0.205646202 0.112499714
v -0.112501219 -0.205646202 0.138424397
v -0.112501219 -0.357999235 0.138424397
v 0.138424933 -0.357999057 -0.112500109
v 0.138424933 -0.205646172 -0.112500109
v 0.112498984 -0.205646202 -0.138425559
v 0.112498984 -0.357999116 -0.138425604
v 0.100392371 -0.382214963 -0.100392461
v 0.0761756301 -0.394322664 -0.138425604
v 0.138424933 -0.394322604 -0.0761766434
v 0.076176405 -0.420247793 -0.112500302
v 0.112500153 -0.420247793 -0.0761768445
v -0.138425022 -0.205646202 -0.112500302
v -0.138425022 -0.357999235 -0.112500302
v -0.112501025 -0.357999116 -0.138425604
v -0.112501025 -0.205646172 -0.138425618
v -0.100392073 -0.181430578 -0.100392461
v -0.0761774704 -0.169322655 -0.138425618
v -0.138425022 -0.169322759 -0.0761768445
v -0.0761765018 -0.143397793 -0.112500302
v -0.112500057 -0.143397793 -0.0761768445
v -0.188881055 -0.211903051 -0.140662432
v -0.21817714 -0.351156265 -0.139483824
v -0.188881055 -0.351742417 -0.140662432
v -0.21817714 -0.212488443 -0.139483824
v -0.188881055 -0.141160622 -0.0699200556
v -0.21817714 -0.142338693 -0.0693340451
v -0.188881055 -0.141160622 0.069919467
v -0.21817714 -0.142338693 0.0693338439
v -0.188881055 -0.211903051 0.140661865
v -0.21817714 -0.212488443 0.139483646
v -0.188881055 -0.351742417 0.140661865
v -0.21817714 -0.351156265 0.139483646
v -0.188881055 -0.422484845 0.069919467
v -0.21817714 -0.421305984 0.0693338588
v -0.188881055 -0.422484845 -0.0699200556
v -0.21817714 -0.421305984 -0.0693340376
v -0.188881055 -0.351742417 -0.140662432
v -0.21817714 -0.351156265 -0.139483824
v -0.228531152 -0.390880167 -0.0596224293
v -0.0872023776 -0.369025171 0.0476923361
v -0.228531152 -0.390880167 0.059622135
v -0.0872023776 -0.369025171 -0.0476925373
v -0.228531152 -0.341444552 -0.109058015
v -0.0872031599 -0.32951498 -0.0872030035
v -0.228531152 -0.222200096 -0.109058015
v -0.0872031599 -0.234130189 -0.0872030035
v -0.228531152 -0.17276451 -0.0596223287
v -0.0872023776 -0.194620088 -0.0476925373
v -0.228531152 -0.17276451 0.059622135
v -0.0872023776 -0.194620088 0.0476923361
v -0.228531152 -0.22220014 0.109057784
v -0.0872031599 -0.234130189 0.0872021243
v -0.228531152 -0.341444492 0.109057784
v -0.0872031599 -0.32951507 0.0872021243
v -0.228531152 -0.390880167 0.059622135
v -0.0872023776 -0.369025171 0.0476923361
v 0.138424933 -0.357999057 -0.112500109
v 0.169186443 -0.205646113 -0.112499915
v 0.138424933 -0.205646172 -0.112500109
v 0.169186443 -0.357998967 -0.112499915
v 0.138424933 -0.394322604 -0.0761766434
v 0.169186443 -0.394322544 -0.0761764497
v 0.138424933 -0.394322604 0.0761764497
v 0.169186443 -0.394322544 0.0761766434
v 0.169186443 -0.357998967 0.112500109
v 0.138424933 -0.357999057 0.112499923
v 0.138424933 -0.205646172 0.112499923
v 0.169186443 -0.205646113 0.112500109
v 0.138424933 -0.169322655 0.0761764497
v 0.169186443 -0.16932255 0.0761766508
v 0.138424933 -0.169322655 -0.0761766434
v 0.169186443 -0.169322565 -0.0761764497
v 0.138424933 -0.205646172 -0.112500109
v 0.169186443 -0.205646113 -0.112499915
v 0.18888095 -0.351742208 -0.140662044
v 0.218177021 -0.212488919 -0.139483437
v 0.18888095 -0.211902902 -0.140662059
v 0.218177021 -0.351156771 -0.139483437
v 0.18888095 -0.422484577 -0.0699196607
v 0.218177021 -0.421306521 -0.0693336576
v 0.18888095 -0.422484577 0.0699198544
v 0.218177021 -0.421306521 0.0693342388
v 0.18888095 -0.351742178 0.140662253
v 0.218177021 -0.351156771 0.139484018
v 0.18888095 -0.211902902 0.140662253
v 0.218177021 -0.212488919 0.139484018
v 0.18888095 -0.141160324 0.0699198619
v 0.218177021 -0.142339319 0.0693342388
v 0.18888095 -0.141160339 -0.0699196681
v 0.218177021 -0.142339319 -0.0693336576
v 0.18888095 -0.211902902 -0.140662059
v 0.218177021 -0.212488919 -0.139483437
v 0.228531063 -0.17276518 -0.0596220382
v 0.0872026682 -0.194620281 0.0476923361
v 0.228531063 -0.17276518 0.0596225262
v 0.0872026682 -0.194620371 -0.0476924367
v 0.228531063 -0.222200736 -0.109057635
v 0.087202087 -0.234130278 -0.0872028172
v 0.228531063 -0.341445148 -0.109057635
v 0.087202087 -0.329515159 -0.0872028172
v 0.228531063 -0.390880704 -0.0596219413
v 0.0872026682 -0.36902535 -0.0476923361
v 0.228531063 -0.390880704 0.059622515
v 0.0872026682 -0.36902535 0.0476925261
v 0.228531063 -0.341445148 0.109058172
v 0.0872019008 -0.329515159 0.0872023404
v 0.228531063 -0.222200736 0.109058172
v 0.0872019008 -0.234130278 0.0872023404
v 0.228531063 -0.17276518 0.0596225262
v 0.0872026682 -0.194620281 0.0476923361
v -0.0761763081 -0.420247793 -0.112500302
v 0.0761765987 -0.451009393 -0.112500302
v 0.076176405 -0.420247793 -0.112500302
v -0.0761763081 -0.451009393 -0.112500302
v -0.112500057 -0.420247793 -0.0761768445
v -0.112499863 -0.451009393 -0.0761768445
v -0.112500057 -0.420247793 0.0761762634
v -0.112499863 -0.451009393 0.0761762634
v -0.0761763081 -0.451009393 0.112499714
v -0.0761763081 -0.420247793 0.112499714
v 0.076176405 -0.420247793 0.112499714
v 0.0761765987 -0.451009393 0.112499714
v 0.112500153 -0.420247793 0.0761762634
v 0.112500153 -0.451009393 0.0761762634
v 0.112500153 -0.420247793 -0.0761768445
v 0.112500153 -0.451009393 -0.0761768445
v 0.076176405 -0.420247793 -0.112500302
v 0.0761765987 -0.451009393 -0.112500302
v -0.0699195191 -0.47070393 -0.140662432
v 0.0693337992 -0.5 -0.139483824
v 0.0699198097 -0.47070393 -0.140662432
v -0.0693340898 -0.5 -0.139483824
v -0.14066191 -0.47070393 -0.0699200556
v -0.139483884 -0.5 -0.0693340376
v -0.14066191 -0.47070393 0.069919467
v -0.139483884 -0.5 0.0693338588
v -0.0699195191 -0.47070393 0.140661851
v -0.0693340898 -0.5 0.139483646
v 0.0699198097 -0.47070393 0.140661851
v 0.0693337992 -0.5 0.139483646
v 0.140662387 -0.47070393 0.069919467
v 0.139483392 -0.5 0.0693338588
v 0.140662387 -0.47070393 -0.0699200556
v 0.139483392 -0.5 -0.0693340376
v 0.0699198097 -0.47070393 -0.140662432
v 0.0693337992 -0.5 -0.139483824
v 0.109057538 -0.510354042 -0.0596224293
v 0.0872026682 -0.36902535 0.0476925261
v 0.109057538 -0.510353982 0.059622135
v 0.0872026682 -0.36902535 -0.0476923361
v 0.0596219897 -0.510353982 -0.109058022
v 0.0476919077 -0.36902535 -0.0872030035
v -0.0596224777 -0.510353982 -0.109058022
v -0.0476927757 -0.36902535 -0.0872030035
v -0.109058015 -0.510353982 -0.059622325
v -0.0872023776 -0.369025171 -0.0476925373
v -0.109058015 -0.510353982 0.059622135
v -0.0872023776 -0.369025171 0.0476923361
v -0.0596224777 -0.510354042 0.109057784
v -0.0476931669 -0.36902523 0.0872021243
v 0.0596219897 -0.510354042 0.109057784
v 0.0476919077 -0.36902523 0.0872021243
v 0.109057538 -0.510353982 0.059622135
v 0.0872026682 -0.36902535 0.0476925261
v -0.112501219 -0.205646202 0.138424397
v -0.112502381 -0.357999235 0.169185504
v -0.112501219 -0.357999235 0.138424397
v -0.112502381 -0.205646202 0.169185504
v -0.076177083 -0.169322759 0.13842459
v -0.0761788264 -0.169322759 0.169185504
v 0.0761752427 -0.169322759 0.138424397
v 0.0761742741 -0.169322759 0.169185504
v 0.112497836 -0.205646202 0.169185504
v 0.112498984 -0.205646202 0.138424397
v 0.112498984 -0.357999235 0.138424397
v 0.112497836 -0.357999235 0.169185504
v 0.0761752427 -0.394322723 0.138424397
v 0.0761742741 -0.394322723 0.169185519
v -0.0761776641 -0.394322723 0.138424397
v -0.0761788264 -0.394322723 0.169185519
v -0.112501219 -0.357999235 0.138424397
v -0.112502381 -0.357999235 0.169185504
v -0.140664428 -0.211903051 0.188880041
v -0.139485821 -0.351156265 0.218176112
v -0.140664428 -0.351742417 0.188880026
v -0.139485821 -0.212488443 0.218176112
v -0.0699220374 -0.141160622 0.188880041
v -0.0693360269 -0.142338693 0.218176112
v 0.0699174851 -0.141160622 0.188880041
v 0.069331862 -0.142338693 0.218176112
v 0.140659869 -0.211903051 0.188880041
v 0.139481649 -0.212488443 0.218176112
v 0.140659869 -0.351742417 0.188880026
v 0.139481649 -0.351156265 0.218176112
v 0.0699174851 -0.422484845 0.188880041
v 0.069331862 -0.421305984 0.218176126
v -0.0699220374 -0.422484845 0.188880041
v -0.0693360269 -0.421305984 0.218176126
v -0.140664428 -0.351742417 0.188880026
v -0.139485821 -0.351156265 0.218176112
v -0.0596244149 -0.390880167 0.228530139
v 0.0476919077 -0.36902523 0.0872021243
v 0.0596200563 -0.390880167 0.228530139
v -0.0476931669 -0.36902523 0.0872021243
v -0.10905996 -0.341444492 0.228530139
v -0.0872031599 -0.32951507 0.0872021243
v -0.10905996 -0.222200081 0.228530139
v -0.0872031599 -0.234130189 0.0872021243
v -0.0596242175 -0.17276451 0.228530139
v -0.0476931669 -0.194620281 0.0872021243
v 0.0596200563 -0.17276451 0.228530139
v 0.0476919077 -0.194620281 0.0872021243
v 0.109055795 -0.22220014 0.228530139
v 0.0872019008 -0.234130278 0.0872023404
v 0.109055795 -0.341444492 0.228530139
v 0.0872019008 -0.329515159 0.0872023404
v 0.0596200563 -0.390880167 0.228530139
v 0.0476919077 -0.36902523 0.0872021243
v -0.112501025 -0.357999116 -0.138425604
v -0.112502001 -0.205646113 -0.169187427
v -0.112501025 -0.205646172 -0.138425618
v -0.112502001 -0.357998967 -0.169187441
v -0.0761774704 -0.394322664 -0.138425604
v -0.076178439 -0.394322544 -0.169187441
v 0.0761756301 -0.394322664 -0.138425604
v 0.0761746615 -0.394322544 -0.169187441
v 0.112498224 -0.357998967 -0.169187441
v 0.112498984 -0.357999116 -0.138425604
v 0.112498984 -0.205646202 -0.138425559
v 0.112498224 -0.205646113 -0.169187427
v 0.0761756301 -0.169322655 -0.138425618
v 0.0761746615 -0.169322565 -0.169187427
v -0.0761774704 -0.169322655 -0.138425618
v -0.076178439 -0.169322565 -0.169187427
v -0.112501025 -0.205646172 -0.138425618
v -0.112502001 -0.205646113 -0.169187427
v -0.140664041 -0.351742208 -0.188881978
v -0.139485419 -0.212488919 -0.218178064
v -0.140664041 -0.211902902 -0.188881978
v -0.139485419 -0.351156771 -0.218178064
v -0.06992165 -0.422484577 -0.188881978
v -0.0693356395 -0.421306521 -0.218178064
v 0.0699178725 -0.422484577 -0.188881978
v 0.0693322495 -0.421306521 -0.218178064
v 0.140660256 -0.351742208 -0.188881978
v 0.139482036 -0.351156771 -0.218178064
v 0.140660256 -0.211902902 -0.188881978
v 0.139482036 -0.212488919 -0.218178064
v 0.0699178725 -0.141160339 -0.188881978
v 0.0693322495 -0.142339319 -0.218178064
v -0.06992165 -0.141160339 -0.188881978
v -0.0693356395 -0.142339319 -0.218178064
v -0.140664041 -0.211902902 -0.188881978
v -0.139485419 -0.212488919 -0.218178064
v 0.0693322495 -0.421306521 -0.218178064
v -0.05962383 -0.390880704 -0.228532061
v -0.0693356395 -0.421306521 -0.218178064
v 0.0596204363 -0.390880704 -0.228532061
v 0.139482036 -0.351156771 -0.218178064
v 0.109056182 -0.341445148 -0.228532061
v 0.139482036 -0.212488919 -0.218178064
v 0.109056182 -0.222200736 -0.228532061
v 0.0693322495 -0.142339319 -0.218178064
v 0.0596204363 -0.17276518 -0.228532076
v -0.0693356395 -0.142339319 -0.218178064
v -0.0596240237 -0.17276518 -0.228532076
v -0.139485419 -0.212488919 -0.218178064
v -0.109059572 -0.222200736 -0.228532061
v -0.139485419 -0.351156771 -0.218178064
v -0.109059572 -0.341445148 -0.228532061
v -0.0693356395 -0.421306521 -0.218178064
v -0.05962383 -0.390880704 -0.228532061
v -0.109059572 -0.341445148 -0.228532061
v -0.139485419 -0.351156771 -0.218178064
v -0.0596240237 -0.17276518 -0.228532076
v 0.0476919077 -0.194620088 -0.0872030035
v 0.0596204363 -0.17276518 -0.228532076
v -0.0476929694 -0.194620088 -0.0872030035
v -0.109059572 -0.222200736 -0.228532061
v -0.0872031599 -0.234130189 -0.0872030035
v -0.109059572 -0.341445148 -0.228532061
v -0.0872031599 -0.32951498 -0.0872030035
v -0.05962383 -0.390880704 -0.228532061
v -0.0476927757 -0.36902535 -0.0872030035
v 0.0596204363 -0.390880704 -0.228532061
v 0.0476919077 -0.36902535 -0.0872030035
v 0.109056182 -0.341445148 -0.228532061
v 0.087202087 -0.329515159 -0.0872028172
v 0.109056182 -0.222200736 -0.228532061
v 0.087202087 -0.234130278 -0.0872028172
v 0.0596204363 -0.17276518 -0.228532076
v 0.0476919077 -0.194620088 -0.0872030035
v -0.0505553894 -0.13440609 -0.0505555384
v 0.0505551025 -0.13440609 -0.0505555384
v 0.0505551025 -0.134406134 0.0505549498
v -0.0505553894 -0.134406134 0.0505549498
v 0.0872026682 -0.194620281 0.0476923361
v -0.0476931669 -0.194620281 0.0872021243
v 0.0476919077 -0.194620281 0.0872021243
v -0.0872023776 -0.194620088 0.0476923361
v -0.0872023776 -0.194620088 -0.0476925373
v 0.0872026682 -0.194620371 -0.0476924367
v 0.0476919077 -0.194620088 -0.0872030035
v -0.0476929694 -0.194620088 -0.0872030035
v 0.076176405 -0.143397793 -0.112500302
v 0.0505551025 -0.13440609 -0.0505555384
v -0.0505553894 -0.13440609 -0.0505555384
v -0.0761765018 -0.143397793 -0.112500302
v -0.112500057 -0.143397793 -0.0761768445
v -0.0505553894 -0.13440609 -0.0505555384
v -0.0505553894 -0.134406134 0.0505549498
v -0.112500057 -0.143397793 0.0761762634
v -0.0761765018 -0.143397793 0.112499714
v -0.0505553894 -0.134406134 0.0505549498
v 0.0505551025 -0.134406134 0.0505549498
v 0.076176405 -0.143397793 0.112499714
v 0.112499766 -0.143397793 0.0761762634
v 0.0505551025 -0.134406134 0.0505549498
v 0.0505551025 -0.13440609 -0.0505555384
v 0.11249996 -0.143397793 -0.0761768445
v 0.125907481 -0.338912547 -0.500000775
v 0.0576618388 -0.407181531 -0.218751669
v 0.125907481 -0.338937134 -0.218750894
v 0.0576618388 -0.407156944 -0.50000155
v -0.0576621294 -0.407181531 -0.218751669
v -0.057661932 -0.407156944 -0.500000775
v -0.125906408 -0.338936687 -0.218752444
v -0.125906408 -0.33891204 -0.50000155
v 0.125907287 -0.223587379 -0.5
v 0.125907481 -0.338912547 -0.500000775
v 0.125907481 -0.338937134 -0.218750894
v 0.125907287 -0.223611996 -0.218750104
v 0.0576628111 -0.155343011 -0.5
v 0.125907287 -0.223587379 -0.5
v 0.125907287 -0.223611996 -0.218750104
v 0.0576628111 -0.155367672 -0.218750104
v -0.0576621294 -0.155343011 -0.5
v -0.0576623231 -0.155367672 -0.218750894
v -0.125906795 -0.223587573 -0.500000775
v -0.125906795 -0.223612189 -0.218751669
v -0.125906408 -0.33891204 -0.50000155
v -0.125906795 -0.223587573 -0.500000775
v -0.125906795 -0.223612189 -0.218751669
v -0.125906408 -0.338936687 -0.218752444
v -0.0944924355 -0.324525446 -0.500000775
v -0.0432447903 -0.375705183 -0.218750894
v -0.0944261625 -0.324521542 -0.218750894
v -0.0432752185 -0.375742555 -0.500000775
v 0.0432452783 -0.375705242 -0.218750894
v 0.043275699 -0.375742674 -0.500000775
v 0.0944268405 -0.321775615 -0.218750894
v 0.0944931209 -0.32177946 -0.500000775
v -0.0944922417 -0.237974167 -0.500000775
v -0.0944924355 -0.324525446 -0.500000775
v -0.0944261625 -0.324521542 -0.218750894
v -0.0944259614 -0.238027304 -0.218750894
v -0.043275021 -0.192754284 -0.500000775
v -0.0944922417 -0.237974167 -0.500000775
v -0.0944259614 -0.238027304 -0.218750894
v -0.0432446003 -0.192841008 -0.218750894
v 0.0432758927 -0.192754284 -0.500000775
v 0.0432454683 -0.192841008 -0.218750894
v 0.0944931209 -0.240721166 -0.500000775
v 0.0944268405 -0.240774333 -0.218750894
v 0.0944931209 -0.32177946 -0.500000775
v 0.0944931209 -0.240721166 -0.500000775
v 0.0944268405 -0.240774333 -0.218750894
v 0.0944268405 -0.321775615 -0.218750894
v 0.05766242 -0.407156825 0.499999404
v 0.05766261 -0.407181412 0.218749151
v -0.0576621294 -0.407181621 0.218748361
v -0.0576623231 -0.407157004 0.499998659
v -0.12590602 -0.338936955 0.218748361
v -0.125906602 -0.338912338 0.499998659
v 0.125906706 -0.338912427 0.499999404
v 0.1259069 -0.338937074 0.218749151
v 0.05766261 -0.407181412 0.218749151
v 0.05766242 -0.407156825 0.499999404
v 0.1259069 -0.223587304 0.499998629
v 0.125907093 -0.223611906 0.218748361
v 0.1259069 -0.338937074 0.218749151
v 0.125906706 -0.338912427 0.499999404
v 0.0576628111 -0.155342862 0.499997854
v 0.125907093 -0.223611906 0.218748361
v 0.1259069 -0.223587304 0.499998629
v 0.0576630011 -0.155367479 0.218747586
v -0.0576625131 -0.155342862 0.499998659
v -0.0576623231 -0.155367479 0.218748361
v -0.125906602 -0.223587781 0.499998629
v -0.12590602 -0.223612398 0.218748361
v -0.125906602 -0.338912338 0.499998659
v -0.12590602 -0.338936955 0.218748361
v -0.12590602 -0.223612398 0.218748361
v -0.125906602 -0.223587781 0.499998629
v -0.0942436233 -0.324411303 0.499998659
v -0.0943098888 -0.324464411 0.218748361
v -0.0431922749 -0.37558037 0.218748361
v -0.0431618504 -0.375493765 0.499998629
v 0.0431923717 -0.375580043 0.218748361
v 0.0431617536 -0.375493467 0.499998659
v 0.0943105668 -0.3244645 0.218748361
v 0.0942441002 -0.324411392 0.499998659
v -0.0942432284 -0.238088489 0.499999404
v -0.0943095013 -0.238084614 0.218749151
v -0.0943098888 -0.324464411 0.218748361
v -0.0942436233 -0.324411303 0.499998659
v -0.043161463 -0.187006339 0.499999404
v -0.0943095013 -0.238084614 0.218749151
v -0.0942432284 -0.238088489 0.499999404
v -0.0431918912 -0.186968833 0.218749151
v 0.0431611724 -0.187006533 0.499998659
v 0.0431917943 -0.186969027 0.218748361
v 0.0942441002 -0.238088578 0.499997854
v 0.0943105668 -0.238084719 0.218747586
v 0.0942441002 -0.324411392 0.499998659
v 0.0943105668 -0.3244645 0.218748361
v 0.0943105668 -0.238084719 0.218747586
v 0.0942441002 -0.238088578 0.499997854
v -0.499999255 -0.338912547 -0.125908107
v -0.218750149 -0.407181531 -0.0576624684
v -0.218749389 -0.338937134 -0.125908107
v -0.50000006 -0.407156944 -0.0576624684
v -0.218750149 -0.407181531 0.0576614924
v -0.499999255 -0.407156944 0.0576613024
v -0.218750954 -0.338936687 0.125905782
v -0.50000006 -0.33891204 0.125905782
v -0.49999845 -0.223587394 -0.125907913
v -0.499999255 -0.338912547 -0.125908107
v -0.218749389 -0.338937134 -0.125908107
v -0.218748629 -0.223611996 -0.125907913
v -0.49999845 -0.155343011 -0.0576634333
v -0.49999845 -0.223587394 -0.125907913
v -0.218748629 -0.223611996 -0.125907913
v -0.218748629 -0.155367672 -0.0576634333
v -0.49999845 -0.155343011 0.0576614924
v -0.218749389 -0.155367672 0.0576616935
v -0.499999255 -0.223587587 0.125906169
v -0.218750149 -0.223612189 0.125906169
v -0.50000006 -0.33891204 0.125905782
v -0.499999255 -0.223587587 0.125906169
v -0.218750149 -0.223612189 0.125906169
v -0.218750954 -0.338936687 0.125905782
v -0.499999255 -0.324525446 0.0944918022
v -0.218749389 -0.375705183 0.0432441719
v -0.218749389 -0.324521542 0.0944255218
v -0.499999255 -0.375742555 0.0432745926
v -0.218749389 -0.375705242 -0.0432459041
v -0.499999255 -0.375742674 -0.0432763286
v -0.218749389 -0.321775615 -0.0944274664
v -0.499999255 -0.32177946 -0.0944937468
v -0.499999255 -0.237974167 0.0944916233
v -0.499999255 -0.324525446 0.0944918022
v -0.218749389 -0.324521542 0.0944255218
v -0.218749389 -0.238027304 0.094425343
v -0.499999255 -0.192754284 0.0432743914
v -0.499999255 -0.237974167 0.0944916233
v -0.218749389 -0.238027304 0.094425343
v -0.218749389 -0.192841008 0.0432439707
v -0.499999255 -0.192754284 -0.0432765223
v -0.218749389 -0.192841008 -0.0432460979
v -0.499999255 -0.240721181 -0.0944937468
v -0.218749389 -0.240774319 -0.0944274664
v -0.499999255 -0.32177946 -0.0944937468
v -0.499999255 -0.240721181 -0.0944937468
v -0.218749389 -0.240774319 -0.0944274664
v -0.218749389 -0.321775615 -0.0944274664
v 0.500000894 -0.407156825 -0.0576630495
v 0.218750641 -0.407181412 -0.0576632395
v 0.218749881 -0.407181621 0.0576614924
v 0.500000119 -0.407157004 0.0576616861
v 0.218749881 -0.338936955 0.125905395
v 0.500000119 -0.338912338 0.125905976
v 0.500000894 -0.338912457 -0.125907332
v 0.218750641 -0.338937074 -0.125907525
v 0.218750641 -0.407181412 -0.0576632395
v 0.500000894 -0.407156825 -0.0576630495
v 0.500000119 -0.223587304 -0.125907525
v 0.218749881 -0.223611906 -0.125907719
v 0.218750641 -0.338937074 -0.125907525
v 0.500000894 -0.338912457 -0.125907332
v 0.499999374 -0.155342862 -0.0576634333
v 0.218749881 -0.223611906 -0.125907719
v 0.500000119 -0.223587304 -0.125907525
v 0.218749106 -0.155367464 -0.0576636307
v 0.500000119 -0.155342862 0.0576618835
v 0.218749881 -0.155367479 0.0576616935
v 0.500000119 -0.223587781 0.125905976
v 0.218749881 -0.223612383 0.12590538
v 0.500000119 -0.338912338 0.125905976
v 0.218749881 -0.338936955 0.125905395
v 0.218749881 -0.223612383 0.12590538
v 0.500000119 -0.223587781 0.125905976
v 0.500000119 -0.324411303 0.09424299
v 0.218749881 -0.324464411 0.094309248
v 0.218749881 -0.37558037 0.0431916416
v 0.500000119 -0.375493735 0.0431612208
v 0.218749881 -0.375580043 -0.043193005
v 0.500000119 -0.375493467 -0.0431623831
v 0.218749881 -0.3244645 -0.0943112001
v 0.500000119 -0.324411392 -0.094244726
v 0.500000894 -0.238088489 0.0942426026
v 0.218750641 -0.238084614 0.094308883
v 0.218749881 -0.324464411 0.094309248
v 0.500000119 -0.324411303 0.09424299
v 0.500000894 -0.187006339 0.0431608371
v 0.218750641 -0.238084614 0.094308883
v 0.500000894 -0.238088489 0.0942426026
v 0.218750641 -0.186968833 0.0431912616
v 0.500000119 -0.187006533 -0.043161802
v 0.218749881 -0.186969027 -0.0431924239
v 0.499999374 -0.238088578 -0.094244726
v 0.218749106 -0.238084719 -0.0943112001
v 0.500000119 -0.324411392 -0.094244726
v 0.218749881 -0.3244645 -0.0943112001
v 0.218749106 -0.238084719 -0.0943112001
v 0.499999374 -0.238088578 -0.094244726
v -0.100392073 -0.181430578 0.100391842
v -0.138425022 -0.169322759 0.0761762634
v -0.112500057 -0.143397793 0.0761762634
v -0.138425022 -0.205646202 0.112499714
v -0.0761765018 -0.143397793 0.112499714
v -0.112501219 -0.205646202 0.138424397
v -0.076177083 -0.169322759 0.13842459
v -0.138425022 -0.394322723 0.0761762634
v -0.138425022 -0.357999235 0.112499714
v -0.100392073 -0.382214934 0.100391842
v -0.112500057 -0.420247793 0.0761762634
v -0.112501219 -0.357999235 0.138424397
v -0.0761763081 -0.420247793 0.112499714
v -0.0761776641 -0.394322723 0.138424397
v -0.138425022 -0.357999235 -0.112500302
v -0.138425022 -0.394322723 -0.0761768445
v -0.100392073 -0.382214963 -0.100392461
v -0.112501025 -0.357999116 -0.138425604
v -0.112500057 -0.420247793 -0.0761768445
v -0.0761774704 -0.394322664 -0.138425604
v -0.0761763081 -0.420247793 -0.112500302
v 0.100392371 -0.181430578 -0.100392461
v 0.138424933 -0.169322655 -0.0761766434
v 0.11249996 -0.143397793 -0.0761768445
v 0.138424933 -0.205646172 -0.112500109
v 0.076176405 -0.143397793 -0.112500302
v 0.112498984 -0.205646202 -0.138425559
v 0.0761756301 -0.169322655 -0.138425618
v 0.0761752427 -0.394322723 0.138424397
v 0.112498984 -0.357999235 0.138424397
v 0.100392371 -0.382214934 0.100391939
v 0.076176405 -0.420247793 0.112499714
v 0.138424933 -0.357999057 0.112499923
v 0.112500153 -0.420247793 0.0761762634
v 0.138424933 -0.394322604 0.0761764497
v -0.50000006 -0.33891204 0.125905782
v -0.499999255 -0.237974167 0.0944916233
v -0.499999255 -0.223587587 0.125906169
v -0.499999255 -0.324525446 0.0944918022
v -0.499999255 -0.192754284 0.0432743914
v -0.499999255 -0.407156944 0.0576613024
v -0.49999845 -0.155343011 0.0576614924
v -0.499999255 -0.375742555 0.0432745926
v -0.499999255 -0.192754284 -0.0432765223
v -0.50000006 -0.407156944 -0.0576624684
v -0.49999845 -0.155343011 -0.0576634333
v -0.499999255 -0.375742674 -0.0432763286
v -0.499999255 -0.240721181 -0.0944937468
v -0.499999255 -0.338912547 -0.125908107
v -0.49999845 -0.223587394 -0.125907913
v -0.499999255 -0.32177946 -0.0944937468
v -0.125906408 -0.33891204 -0.50000155
v -0.0944922417 -0.237974167 -0.500000775
v -0.125906795 -0.223587573 -0.500000775
v -0.0944924355 -0.324525446 -0.500000775
v -0.043275021 -0.192754284 -0.500000775
v -0.057661932 -0.407156944 -0.500000775
v -0.0576621294 -0.155343011 -0.5
v -0.0432752185 -0.375742555 -0.500000775
v 0.0432758927 -0.192754284 -0.500000775
v 0.0576618388 -0.407156944 -0.50000155
v 0.0576628111 -0.155343011 -0.5
v 0.043275699 -0.375742674 -0.500000775
v 0.0944931209 -0.240721166 -0.500000775
v 0.125907481 -0.338912547 -0.500000775
v 0.125907287 -0.223587379 -0.5
v 0.0944931209 -0.32177946 -0.500000775
v -0.112502001 -0.357998967 -0.169187441
v -0.140664041 -0.211902902 -0.188881978
v -0.112502001 -0.205646113 -0.169187427
v -0.140664041 -0.351742208 -0.188881978
v -0.06992165 -0.141160339 -0.188881978
v -0.076178439 -0.394322544 -0.169187441
v -0.076178439 -0.169322565 -0.169187427
v -0.06992165 -0.422484577 -0.188881978
v 0.0699178725 -0.141160339 -0.188881978
v 0.0761746615 -0.394322544 -0.169187441
v 0.0761746615 -0.169322565 -0.169187427
v 0.0699178725 -0.422484577 -0.188881978
v 0.140660256 -0.211902902 -0.188881978
v 0.112498224 -0.357998967 -0.169187441
v 0.112498224 -0.205646113 -0.169187427
v 0.140660256 -0.351742208 -0.188881978
v -0.139485821 -0.212488443 0.218176112
v -0.10905996 -0.341444492 0.228530139
v -0.139485821 -0.351156265 0.218176112
v -0.10905996 -0.222200081 0.228530139
v -0.0596244149 -0.390880167 0.228530139
v -0.0693360269 -0.142338693 0.218176112
v -0.0693360269 -0.421305984 0.218176126
v -0.0596242175 -0.17276451 0.228530139
v 0.0596200563 -0.390880167 0.228530139
v 0.069331862 -0.142338693 0.218176112
v 0.069331862 -0.421305984 0.218176126
v 0.0596200563 -0.17276451 0.228530139
v 0.109055795 -0.341444492 0.228530139
v 0.139481649 -0.212488443 0.218176112
v 0.139481649 -0.351156265 0.218176112
v 0.109055795 -0.22220014 0.228530139
v -0.112502381 -0.205646202 0.169185504
v -0.140664428 -0.351742417 0.188880026
v -0.112502381 -0.357999235 0.169185504
v -0.140664428 -0.211903051 0.188880041
v -0.0699220374 -0.422484845 0.188880041
v -0.0761788264 -0.169322759 0.169185504
v -0.0761788264 -0.394322723 0.169185519
v -0.0699220374 -0.141160622 0.188880041
v 0.0699174851 -0.422484845 0.188880041
v 0.0761742741 -0.169322759 0.169185504
v 0.0761742741 -0.394322723 0.169185519
v 0.0699174851 -0.141160622 0.188880041
v 0.140659869 -0.351742417 0.188880026
v 0.112497836 -0.205646202 0.169185504
v 0.112497836 -0.357999235 0.169185504
v 0.140659869 -0.211903051 0.188880041
v -0.0693340898 -0.5 -0.139483824
v 0.0596219897 -0.510353982 -0.109058022
v 0.0693337992 -0.5 -0.139483824
v -0.0596224777 -0.510353982 -0.109058022
v 0.109057538 -0.510354042 -0.0596224293
v -0.139483884 -0.5 -0.0693340376
v 0.139483392 -0.5 -0.0693340376
v -0.109058015 -0.510353982 -0.059622325
v 0.109057538 -0.510353982 0.059622135
v -0.139483884 -0.5 0.0693338588
v 0.139483392 -0.5 0.0693338588
v -0.109058015 -0.510353982 0.059622135
v 0.0596219897 -0.510354042 0.109057784
v -0.0693340898 -0.5 0.139483646
v 0.0693337992 -0.5 0.139483646
v -0.0596224777 -0.510354042 0.109057784
v -0.0761763081 -0.451009393 -0.112500302
v 0.0699198097 -0.47070393 -0.140662432
v 0.0761765987 -0.451009393 -0.112500302
v -0.0699195191 -0.47070393 -0.140662432
v 0.140662387 -0.47070393 -0.0699200556
v -0.112499863 -0.451009393 -0.0761768445
v 0.112500153 -0.451009393 -0.0761768445
v -0.14066191 -0.47070393 -0.0699200556
v 0.140662387 -0.47070393 0.069919467
v -0.112499863 -0.451009393 0.0761762634
v 0.112500153 -0.451009393 0.0761762634
v -0.14066191 -0.47070393 0.069919467
v 0.0699198097 -0.47070393 0.140661851
v -0.0761763081 -0.451009393 0.112499714
v 0.0761765987 -0.451009393 0.112499714
v -0.0699195191 -0.47070393 0.140661851
v 0.218177021 -0.351156771 -0.139483437
v 0.228531063 -0.222200736 -0.109057635
v 0.218177021 -0.212488919 -0.139483437
v 0.228531063 -0.341445148 -0.109057635
v 0.228531063 -0.17276518 -0.0596220382
v 0.218177021 -0.421306521 -0.0693336576
v 0.218177021 -0.142339319 -0.0693336576
v 0.228531063 -0.390880704 -0.0596219413
v 0.228531063 -0.17276518 0.0596225262
v 0.218177021 -0.421306521 0.0693342388
v 0.218177021 -0.142339319 0.0693342388
v 0.228531063 -0.390880704 0.059622515
v 0.228531063 -0.222200736 0.109058172
v 0.218177021 -0.351156771 0.139484018
v 0.218177021 -0.212488919 0.139484018
v 0.228531063 -0.341445148 0.109058172
v 0.169186443 -0.357998967 -0.112499915
v 0.18888095 -0.211902902 -0.140662059
v 0.169186443 -0.205646113 -0.112499915
v 0.18888095 -0.351742208 -0.140662044
v 0.18888095 -0.141160339 -0.0699196681
v 0.169186443 -0.394322544 -0.0761764497
v 0.169186443 -0.169322565 -0.0761764497
v 0.18888095 -0.422484577 -0.0699196607
v 0.18888095 -0.141160324 0.0699198619
v 0.169186443 -0.394322544 0.0761766434
v 0.169186443 -0.16932255 0.0761766508
v 0.18888095 -0.422484577 0.0699198544
v 0.18888095 -0.211902902 0.140662253
v 0.169186443 -0.357998967 0.112500109
v 0.169186443 -0.205646113 0.112500109
v 0.18888095 -0.351742178 0.140662253
v -0.21817714 -0.212488443 -0.139483824
v -0.228531152 -0.341444552 -0.109058015
v -0.21817714 -0.351156265 -0.139483824
v -0.228531152 -0.222200096 -0.109058015
v -0.228531152 -0.390880167 -0.0596224293
v -0.21817714 -0.142338693 -0.0693340451
v -0.21817714 -0.421305984 -0.0693340376
v -0.228531152 -0.17276451 -0.0596223287
v -0.228531152 -0.390880167 0.059622135
v -0.21817714 -0.142338693 0.0693338439
v -0.21817714 -0.421305984 0.0693338588
v -0.228531152 -0.17276451 0.059622135
v -0.228531152 -0.341444492 0.109057784
v -0.21817714 -0.212488443 0.139483646
v -0.21817714 -0.351156265 0.139483646
v -0.228531152 -0.22220014 0.109057784
v -0.169186518 -0.205646202 -0.112500302
v -0.188881055 -0.351742417 -0.140662432
v -0.169186518 -0.357999235 -0.112500302
v -0.188881055 -0.211903051 -0.140662432
v -0.188881055 -0.422484845 -0.0699200556
v -0.169186518 -0.169322759 -0.0761768445
v -0.169186518 -0.394322723 -0.0761768445
v -0.188881055 -0.141160622 -0.0699200556
v -0.188881055 -0.422484845 0.069919467
v -0.169186518 -0.169322759 0.0761762634
v -0.169186518 -0.394322723 0.0761762634
v -0.188881055 -0.141160622 0.069919467
v -0.188881055 -0.351742417 0.140661865
v -0.169186518 -0.205646202 0.112499714
v -0.169186518 -0.357999235 0.112499714
v -0.188881055 -0.211903051 0.140661865
v 0.500000119 -0.223587781 0.125905976
v 0.500000894 -0.238088489 0.0942426026
v 0.500000119 -0.324411303 0.09424299
v 0.500000119 -0.338912338 0.125905976
v 0.500000119 -0.155342862 0.0576618835
v 0.500000119 -0.375493735 0.0431612208
v 0.500000894 -0.187006339 0.0431608371
v 0.500000119 -0.407157004 0.0576616861
v 0.499999374 -0.155342862 -0.0576634333
v 0.500000119 -0.375493467 -0.0431623831
v 0.500000119 -0.187006533 -0.043161802
v 0.500000894 -0.407156825 -0.0576630495
v 0.500000119 -0.223587304 -0.125907525
v 0.500000119 -0.324411392 -0.094244726
v 0.499999374 -0.238088578 -0.094244726
v 0.500000894 -0.338912457 -0.125907332
v -0.125906602 -0.223587781 0.499998629
v -0.0942432284 -0.238088489 0.499999404
v -0.0942436233 -0.324411303 0.499998659
v -0.125906602 -0.338912338 0.499998659
v -0.0576625131 -0.155342862 0.499998659
v -0.0431618504 -0.375493765 0.499998629
v -0.043161463 -0.187006339 0.499999404
v -0.0576623231 -0.407157004 0.499998659
v 0.0576628111 -0.155342862 0.499997854
v 0.0431617536 -0.375493467 0.499998659
v 0.0431611724 -0.187006533 0.499998659
v 0.05766242 -0.407156825 0.499999404
v 0.1259069 -0.223587304 0.499998629
v 0.0942441002 -0.324411392 0.499998659
v 0.0942441002 -0.238088578 0.499997854
v 0.125906706 -0.338912427 0.499999404
vt 0.303610355 0.557493865
vt 0.289743423 0.557493806
vt 0.303610355 0.543626904
vt 0.28974247 0.557508826
vt 0.303609401 0.543641865
vt 0.303609401 0.557508826
vt 0.303610295 0.543641925
vt 0.289743364 0.557508826
vt 0.303610295 0.557508886
vt 0.303609401 0.557493746
vt 0.303609401 0.543626785
vt 0.28974247 0.557493746
vt 0.303610355 0.543626785
vt 0.303610355 0.557493746
vt 0.289743364 0.557493746
vt 0.289743364 0.557508826
vt 0.303610295 0.557508826
vt 0.303610295 0.543641865
vt 0.303609401 0.543641865
vt 0.303609401 0.557508886
vt 0.289742351 0.557508826
vt 0.289743423 0.557508886
vt 0.303610355 0.557508826
vt 0.303610355 0.543641865
vt 0.194534019 0.521521568
vt 0.201188356 0.537650406
vt 0.185059592 0.530996025
vt 0.185059592 0.570734799
vt 0.201188356 0.564080477
vt 0.194534019 0.580209196
vt 0.234272793 0.580209196
vt 0.227618396 0.564080477
vt 0.243747205 0.570734799
vt 0.243747279 0.530996025
vt 0.22761853 0.537650406
vt 0.234272793 0.521521568
vt 0.368281573 0.491155148
vt 0.411386162 0.500348091
vt 0.411386162 0.491155148
vt 0.368281573 0.500348091
vt 0.354508102 0.491155148
vt 0.354508102 0.500348091
vt 0.311403632 0.491155148
vt 0.311403632 0.500348091
vt 0.297630072 0.500348091
vt 0.297630072 0.491155148
vt 0.254525572 0.491155148
vt 0.254525572 0.500348091
vt 0.24075219 0.491155148
vt 0.24075219 0.500348091
vt 0.197647512 0.491155148
vt 0.197647512 0.500348091
vt 0.183874145 0.491155148
vt 0.183874145 0.500348091
vt 0.35181424 0.574387252
vt 0.351812482 0.512232006
vt 0.341238648 0.512237966
vt 0.341238707 0.574387252
vt 0.35181424 0.574387252
vt 0.351812482 0.512232006
vt 0.341238648 0.512237966
vt 0.341238707 0.574387252
vt 0.35181424 0.574387252
vt 0.351812482 0.512232006
vt 0.341238648 0.512237966
vt 0.341238707 0.574387252
vt 0.35181424 0.574387252
vt 0.351812482 0.512232006
vt 0.341238648 0.512237966
vt 0.341238707 0.574387252
vt 0.341238648 0.512237966
vt 0.341238707 0.574387252
vt 0.35181424 0.574387252
vt 0.351812482 0.512232006
vt 0.341238588 0.512238503
vt 0.341238707 0.574387252
vt 0.35181424 0.574387252
vt 0.351811528 0.512241721
vt 0.341238767 0.512238622
vt 0.341238707 0.574387252
vt 0.35181424 0.574387252
vt 0.351816326 0.512244642
vt 0.341238767 0.512238204
vt 0.341238707 0.574387252
vt 0.35181424 0.574387252
vt 0.351816684 0.512235701
vt 0.351815194 0.574401379
vt 0.351811528 0.512241721
vt 0.341238588 0.512238503
vt 0.341217428 0.574401379
vt 0.346516341 0.58457464
vt 0.333793223 0.585203469
vt 0.359239519 0.585203469
vt 0.339092016 0.594105422
vt 0.353940427 0.594105422
vt 0.341238588 0.512238503
vt 0.341238707 0.574387252
vt 0.35181424 0.574387252
vt 0.351811528 0.512241721
vt 0.351820976 0.574407101
vt 0.351816684 0.512235701
vt 0.341238767 0.512238204
vt 0.34122327 0.57440722
vt 0.346522063 0.584580362
vt 0.333798856 0.58520925
vt 0.359245121 0.58520925
vt 0.339097708 0.594111264
vt 0.353946149 0.594111264
vt 0.351830453 0.574397564
vt 0.351811528 0.512241721
vt 0.341238588 0.512238503
vt 0.341232687 0.574397624
vt 0.346531421 0.584570944
vt 0.333808362 0.585199714
vt 0.359254688 0.585199714
vt 0.339107394 0.594101608
vt 0.353955775 0.594101608
vt 0.373407066 0.501248002
vt 0.406814426 0.510002971
vt 0.406814545 0.501248002
vt 0.373406947 0.510002971
vt 0.349936515 0.501248002
vt 0.349936336 0.510002971
vt 0.316529006 0.501248002
vt 0.316529006 0.510002971
vt 0.293058574 0.501248002
vt 0.293058574 0.510002971
vt 0.259651124 0.501248002
vt 0.259651244 0.510002971
vt 0.236180514 0.501248002
vt 0.236180589 0.510002971
vt 0.202773035 0.501248002
vt 0.202773035 0.510002971
vt 0.179302529 0.501248002
vt 0.179302394 0.510002971
vt 0.152341053 0.497526556
vt 0.182130128 0.492455095
vt 0.161560729 0.479605764
vt 0.174755573 0.506789386
vt 0.14836669 0.508656621
vt 0.171579778 0.515681386
vt 0.144152626 0.528369009
vt 0.168209895 0.531442225
vt 0.143230125 0.540147841
vt 0.167473018 0.54085964
vt 0.144305274 0.560265779
vt 0.168332502 0.556965053
vt 0.146478698 0.571876228
vt 0.170070559 0.566251397
vt 0.152762696 0.591022849
vt 0.17509748 0.581569314
vt 0.157894179 0.601665556
vt 0.179198623 0.59007591
vt 0.368281573 0.491155148
vt 0.411386162 0.500348091
vt 0.411386162 0.491155148
vt 0.368281573 0.500348091
vt 0.354508102 0.491155148
vt 0.354508102 0.500348091
vt 0.311403632 0.491155148
vt 0.311403632 0.500348091
vt 0.297630072 0.500348091
vt 0.297630072 0.491155148
vt 0.254525572 0.491155148
vt 0.254525572 0.500348091
vt 0.24075219 0.491155148
vt 0.24075219 0.500348091
vt 0.197647512 0.491155148
vt 0.197647512 0.500348091
vt 0.183874145 0.491155148
vt 0.183874145 0.500348091
vt 0.373407066 0.501248002
vt 0.406814426 0.510002971
vt 0.406814545 0.501248002
vt 0.373406947 0.510002971
vt 0.349936515 0.501248002
vt 0.349936336 0.510002971
vt 0.316529006 0.501248002
vt 0.316529006 0.510002971
vt 0.293058574 0.501248002
vt 0.293058574 0.510002971
vt 0.259651124 0.501248002
vt 0.259651244 0.510002971
vt 0.236180514 0.501248002
vt 0.236180589 0.510002971
vt 0.202773035 0.501248002
vt 0.202773035 0.510002971
vt 0.179302529 0.501248002
vt 0.179302394 0.510002971
vt 0.152341053 0.497526556
vt 0.182130128 0.492455095
vt 0.161560729 0.479605764
vt 0.174755573 0.506789386
vt 0.14836669 0.508656621
vt 0.171579778 0.515681386
vt 0.144152626 0.528369009
vt 0.168209895 0.531442225
vt 0.143230125 0.540147841
vt 0.167473018 0.54085964
vt 0.144305274 0.560265779
vt 0.168332502 0.556965053
vt 0.146478698 0.571876228
vt 0.170070559 0.566251397
vt 0.152762696 0.591022849
vt 0.17509748 0.581569314
vt 0.157894179 0.601665556
vt 0.179198623 0.59007591
vt 0.368281573 0.491155148
vt 0.411386162 0.500348091
vt 0.411386162 0.491155148
vt 0.368281573 0.500348091
vt 0.354508102 0.491155148
vt 0.354508102 0.500348091
vt 0.311403632 0.491155148
vt 0.311403632 0.500348091
vt 0.297630072 0.500348091
vt 0.297630072 0.491155148
vt 0.254525572 0.491155148
vt 0.254525572 0.500348091
vt 0.24075219 0.491155148
vt 0.24075219 0.500348091
vt 0.197647512 0.491155148
vt 0.197647512 0.500348091
vt 0.183874145 0.491155148
vt 0.183874145 0.500348091
vt 0.373407066 0.501248002
vt 0.406814426 0.510002971
vt 0.406814545 0.501248002
vt 0.373406947 0.510002971
vt 0.349936515 0.501248002
vt 0.349936336 0.510002971
vt 0.316529006 0.501248002
vt 0.316529006 0.510002971
vt 0.293058574 0.501248002
vt 0.293058574 0.510002971
vt 0.259651124 0.501248002
vt 0.259651244 0.510002971
vt 0.236180514 0.501248002
vt 0.236180589 0.510002971
vt 0.202773035 0.501248002
vt 0.202773035 0.510002971
vt 0.179302529 0.501248002
vt 0.179302394 0.510002971
vt 0.152341053 0.497526556
vt 0.182130128 0.492455095
vt 0.161560729 0.479605764
vt 0.174755573 0.506789386
vt 0.14836669 0.508656621
vt 0.171579778 0.515681386
vt 0.144152626 0.528369009
vt 0.168209895 0.531442225
vt 0.143230125 0.540147841
vt 0.167473018 0.54085964
vt 0.144305274 0.560265779
vt 0.168332502 0.556965053
vt 0.146478698 0.571876228
vt 0.170070559 0.566251397
vt 0.152762696 0.591022849
vt 0.17509748 0.581569314
vt 0.157894179 0.601665556
vt 0.179198623 0.59007591
vt 0.368281573 0.491155148
vt 0.411386162 0.500348091
vt 0.411386162 0.491155148
vt 0.368281573 0.500348091
vt 0.354508102 0.491155148
vt 0.354508102 0.500348091
vt 0.311403632 0.491155148
vt 0.311403632 0.500348091
vt 0.297630072 0.500348091
vt 0.297630072 0.491155148
vt 0.254525572 0.491155148
vt 0.254525572 0.500348091
vt 0.24075219 0.491155148
vt 0.24075219 0.500348091
vt 0.197647512 0.491155148
vt 0.197647512 0.500348091
vt 0.183874145 0.491155148
vt 0.183874145 0.500348091
vt 0.373407066 0.501248002
vt 0.406814426 0.510002971
vt 0.406814545 0.501248002
vt 0.373406947 0.510002971
vt 0.349936515 0.501248002
vt 0.349936336 0.510002971
vt 0.316529006 0.501248002
vt 0.316529006 0.510002971
vt 0.293058574 0.501248002
vt 0.293058574 0.510002971
vt 0.259651124 0.501248002
vt 0.259651244 0.510002971
vt 0.236180514 0.501248002
vt 0.236180589 0.510002971
vt 0.202773035 0.501248002
vt 0.202773035 0.510002971
vt 0.179302529 0.501248002
vt 0.179302394 0.510002971
vt 0.152341053 0.497526556
vt 0.182130128 0.492455095
vt 0.161560729 0.479605764
vt 0.174755573 0.506789386
vt 0.14836669 0.508656621
vt 0.171579778 0.515681386
vt 0.144152626 0.528369009
vt 0.168209895 0.531442225
vt 0.143230125 0.540147841
vt 0.167473018 0.54085964
vt 0.144305274 0.560265779
vt 0.168332502 0.556965053
vt 0.146478698 0.571876228
vt 0.170070559 0.566251397
vt 0.152762696 0.591022849
vt 0.17509748 0.581569314
vt 0.157894179 0.601665556
vt 0.179198623 0.59007591
vt 0.368281573 0.491155148
vt 0.411386162 0.500348091
vt 0.411386162 0.491155148
vt 0.368281573 0.500348091
vt 0.354508102 0.491155148
vt 0.354508102 0.500348091
vt 0.311403632 0.491155148
vt 0.311403632 0.500348091
vt 0.297630072 0.500348091
vt 0.297630072 0.491155148
vt 0.254525572 0.491155148
vt 0.254525572 0.500348091
vt 0.24075219 0.491155148
vt 0.24075219 0.500348091
vt 0.197647512 0.491155148
vt 0.197647512 0.500348091
vt 0.183874145 0.491155148
vt 0.183874145 0.500348091
vt 0.373407066 0.501248002
vt 0.406814426 0.510002971
vt 0.406814545 0.501248002
vt 0.373406947 0.510002971
vt 0.349936515 0.501248002
vt 0.349936336 0.510002971
vt 0.316529006 0.501248002
vt 0.316529006 0.510002971
vt 0.293058574 0.501248002
vt 0.293058574 0.510002971
vt 0.259651124 0.501248002
vt 0.259651244 0.510002971
vt 0.236180514 0.501248002
vt 0.236180589 0.510002971
vt 0.202773035 0.501248002
vt 0.202773035 0.510002971
vt 0.179302529 0.501248002
vt 0.179302394 0.510002971
vt 0.317598909 0.589793086
vt 0.279851258 0.581225514
vt 0.276932597 0.590739489
vt 0.314452112 0.581225216
vt 0.337506294 0.571227312
vt 0.328342587 0.567961812
vt 0.337477475 0.531570613
vt 0.328341633 0.534796238
vt 0.316963375 0.512740433
vt 0.314077348 0.521752238
vt 0.276716858 0.512825131
vt 0.279755771 0.522277772
vt 0.256649226 0.531641662
vt 0.2663908 0.534849763
vt 0.256652474 0.572351277
vt 0.266389251 0.569017589
vt 0.276932597 0.787721992
vt 0.279851258 0.797235966
vt 0.266389251 0.809443891
vt 0.256652474 0.806110203
vt 0.152341053 0.497526556
vt 0.182130128 0.492455095
vt 0.161560729 0.479605764
vt 0.174755573 0.506789386
vt 0.14836669 0.508656621
vt 0.171579778 0.515681386
vt 0.144152626 0.528369009
vt 0.168209895 0.531442225
vt 0.143230125 0.540147841
vt 0.167473018 0.54085964
vt 0.144305274 0.560265779
vt 0.168332502 0.556965053
vt 0.146478698 0.571876228
vt 0.170070559 0.566251397
vt 0.152762696 0.591022849
vt 0.17509748 0.581569314
vt 0.157894179 0.601665556
vt 0.179198623 0.59007591
vt 0.201188356 0.537650406
vt 0.22761853 0.537650406
vt 0.227618396 0.564080477
vt 0.201188356 0.564080477
vt 0.322065234 0.565958321
vt 0.282595873 0.57751894
vt 0.310504973 0.57751894
vt 0.271035403 0.5659585
vt 0.271035403 0.538049519
vt 0.322065234 0.538049459
vt 0.310504973 0.526489079
vt 0.282595873 0.526489139
vt 0.234272793 0.521521568
vt 0.22761853 0.537650406
vt 0.201188356 0.537650406
vt 0.194534019 0.521521568
vt 0.185059592 0.530996025
vt 0.201188356 0.537650406
vt 0.201188356 0.564080477
vt 0.185059592 0.570734799
vt 0.194534019 0.580209196
vt 0.201188356 0.564080477
vt 0.227618396 0.564080477
vt 0.234272793 0.580209196
vt 0.243747205 0.570734799
vt 0.227618396 0.564080477
vt 0.22761853 0.537650406
vt 0.243747279 0.530996025
vt 0.0871014819 0.569017589
vt 0.102861352 0.614354551
vt 0.0871014819 0.614354372
vt 0.102861352 0.569017589
vt 0.120393172 0.614354789
vt 0.120393172 0.569017589
vt 0.136139318 0.614354789
vt 0.136139318 0.569017589
vt 0.0694694519 0.569017589
vt 0.0871014819 0.569017589
vt 0.0871014819 0.614354372
vt 0.0694694519 0.614353716
vt 0.0536554232 0.569017589
vt 0.0694694519 0.569017589
vt 0.0694694519 0.614353716
vt 0.0536554232 0.614353538
vt 0.0363097563 0.569017589
vt 0.0363097563 0.614353061
vt 0.0207588784 0.569017589
vt 0.0207588784 0.614352882
vt 0.00336805894 0.569017589
vt 0.0207588784 0.569017589
vt 0.0207588784 0.614352882
vt 0.00336805894 0.614352703
vt 0.144560009 0.735112071
vt 0.157264173 0.689855278
vt 0.144577652 0.689853549
vt 0.157264173 0.735112071
vt 0.169070974 0.689855695
vt 0.169070974 0.735112071
vt 0.182457983 0.689856172
vt 0.182457983 0.735112071
vt 0.231968209 0.735112071
vt 0.243533179 0.735112071
vt 0.24352169 0.689858496
vt 0.231968209 0.689859509
vt 0.218569621 0.735112071
vt 0.231968209 0.735112071
vt 0.231968209 0.689859509
vt 0.218569621 0.689859092
vt 0.206768319 0.735112071
vt 0.206768319 0.689858675
vt 0.1940929 0.735112071
vt 0.1940929 0.689857364
vt 0.182457983 0.735112071
vt 0.1940929 0.735112071
vt 0.1940929 0.689857364
vt 0.182457983 0.689856172
vt 0.00336804357 0.764106929
vt 0.00336804357 0.809443891
vt 0.0207588784 0.809443891
vt 0.0207588784 0.764106691
vt 0.0363097563 0.809443891
vt 0.0363097563 0.764106691
vt 0.120393127 0.764107108
vt 0.120393127 0.809443891
vt 0.135994047 0.809443891
vt 0.135994047 0.764106929
vt 0.102861397 0.764107764
vt 0.102861397 0.809443891
vt 0.120393127 0.809443891
vt 0.120393127 0.764107108
vt 0.0871015564 0.764107943
vt 0.102861397 0.809443891
vt 0.102861397 0.764107764
vt 0.0871015564 0.809443891
vt 0.069469437 0.764108419
vt 0.069469437 0.809443891
vt 0.0536553785 0.764108598
vt 0.0536553785 0.809443891
vt 0.0363097563 0.764108777
vt 0.0363097563 0.809443891
vt 0.0536553785 0.809443891
vt 0.0536553785 0.764108598
vt 0.157264173 0.689855278
vt 0.157264173 0.735112071
vt 0.169070974 0.735112071
vt 0.169070974 0.689855695
vt 0.182457983 0.735112071
vt 0.182457983 0.689856172
vt 0.1940929 0.735112071
vt 0.1940929 0.689857364
vt 0.144577652 0.689853549
vt 0.144560009 0.735112071
vt 0.157264173 0.735112071
vt 0.157264173 0.689855278
vt 0.231968209 0.689859509
vt 0.243533179 0.735112071
vt 0.24352169 0.689858496
vt 0.231968209 0.735112071
vt 0.218569621 0.689859092
vt 0.218569621 0.735112071
vt 0.206768319 0.689858675
vt 0.206768319 0.735112071
vt 0.1940929 0.689857364
vt 0.1940929 0.735112071
vt 0.206768319 0.735112071
vt 0.206768319 0.689858675
vt 0.0871014819 0.569017589
vt 0.102861352 0.614354551
vt 0.0871014819 0.614354372
vt 0.102861352 0.569017589
vt 0.120393172 0.614354789
vt 0.120393172 0.569017589
vt 0.136139318 0.614354789
vt 0.136139318 0.569017589
vt 0.0694694519 0.569017589
vt 0.0871014819 0.569017589
vt 0.0871014819 0.614354372
vt 0.0694694519 0.614353716
vt 0.0536554232 0.569017589
vt 0.0694694519 0.569017589
vt 0.0694694519 0.614353716
vt 0.0536554232 0.614353538
vt 0.0363097563 0.569017589
vt 0.0363097563 0.614353061
vt 0.0207588784 0.569017589
vt 0.0207588784 0.614352882
vt 0.00336805894 0.569017589
vt 0.0207588784 0.569017589
vt 0.0207588784 0.614352882
vt 0.00336805894 0.614352703
vt 0.144560009 0.735112071
vt 0.157264173 0.689855278
vt 0.144577652 0.689853549
vt 0.157264173 0.735112071
vt 0.169070974 0.689855695
vt 0.169070974 0.735112071
vt 0.182457983 0.689856172
vt 0.182457983 0.735112071
vt 0.231968209 0.735112071
vt 0.243533179 0.735112071
vt 0.24352169 0.689858496
vt 0.231968209 0.689859509
vt 0.218569621 0.735112071
vt 0.231968209 0.735112071
vt 0.231968209 0.689859509
vt 0.218569621 0.689859092
vt 0.206768319 0.735112071
vt 0.206768319 0.689858675
vt 0.1940929 0.735112071
vt 0.1940929 0.689857364
vt 0.182457983 0.735112071
vt 0.1940929 0.735112071
vt 0.1940929 0.689857364
vt 0.182457983 0.689856172
vt 0.00336804357 0.764106929
vt 0.00336804357 0.809443891
vt 0.0207588784 0.809443891
vt 0.0207588784 0.764106691
vt 0.0363097563 0.809443891
vt 0.0363097563 0.764106691
vt 0.120393127 0.764107108
vt 0.120393127 0.809443891
vt 0.135994047 0.809443891
vt 0.135994047 0.764106929
vt 0.102861397 0.764107764
vt 0.102861397 0.809443891
vt 0.120393127 0.809443891
vt 0.120393127 0.764107108
vt 0.0871015564 0.764107943
vt 0.102861397 0.809443891
vt 0.102861397 0.764107764
vt 0.0871015564 0.809443891
vt 0.069469437 0.764108419
vt 0.069469437 0.809443891
vt 0.0536553785 0.764108598
vt 0.0536553785 0.809443891
vt 0.0363097563 0.764108777
vt 0.0363097563 0.809443891
vt 0.0536553785 0.809443891
vt 0.0536553785 0.764108598
vt 0.157264173 0.689855278
vt 0.157264173 0.735112071
vt 0.169070974 0.735112071
vt 0.169070974 0.689855695
vt 0.182457983 0.735112071
vt 0.182457983 0.689856172
vt 0.1940929 0.735112071
vt 0.1940929 0.689857364
vt 0.144577652 0.689853549
vt 0.144560009 0.735112071
vt 0.157264173 0.735112071
vt 0.157264173 0.689855278
vt 0.231968209 0.689859509
vt 0.243533179 0.735112071
vt 0.24352169 0.689858496
vt 0.231968209 0.735112071
vt 0.218569621 0.689859092
vt 0.218569621 0.735112071
vt 0.206768319 0.689858675
vt 0.206768319 0.735112071
vt 0.1940929 0.689857364
vt 0.1940929 0.735112071
vt 0.206768319 0.735112071
vt 0.206768319 0.689858675
vt 0.346525788 0.584565163
vt 0.359248966 0.585194051
vt 0.353950113 0.594095886
vt 0.351824701 0.574391842
vt 0.339101613 0.594095886
vt 0.341226995 0.574391842
vt 0.3338027 0.585194051
vt 0.359248966 0.585194051
vt 0.351824701 0.574391842
vt 0.346525788 0.584565163
vt 0.353950113 0.594095886
vt 0.341226995 0.574391842
vt 0.339101613 0.594095886
vt 0.3338027 0.585194051
vt 0.351830453 0.574397564
vt 0.359254688 0.585199714
vt 0.346531421 0.584570944
vt 0.341232687 0.574397624
vt 0.353955775 0.594101608
vt 0.333808362 0.585199714
vt 0.339107394 0.594101608
vt 0.346522063 0.584580362
vt 0.359245121 0.58520925
vt 0.353946149 0.594111264
vt 0.351820976 0.574407101
vt 0.339097708 0.594111264
vt 0.34122327 0.57440722
vt 0.333798856 0.58520925
vt 0.333793223 0.585203469
vt 0.341217428 0.574401379
vt 0.346516341 0.58457464
vt 0.339092016 0.594105422
vt 0.351815194 0.574401379
vt 0.353940427 0.594105422
vt 0.359239519 0.585203469
vt 0.243351296 0.893893063
vt 0.237342566 0.913127661
vt 0.243344903 0.915795267
vt 0.237288713 0.896663189
vt 0.227520749 0.92273128
vt 0.230309129 0.880872905
vt 0.230264947 0.928717196
vt 0.227547809 0.886895478
vt 0.211056277 0.92273128
vt 0.208310634 0.880853891
vt 0.208266318 0.928717196
vt 0.211069733 0.886900127
vt 0.20123066 0.91304642
vt 0.195211872 0.893904209
vt 0.195172146 0.915767908
vt 0.201286867 0.896702588
vt 0.243351296 0.893893063
vt 0.237342566 0.913127661
vt 0.243344903 0.915795267
vt 0.237288713 0.896663189
vt 0.227520749 0.92273128
vt 0.230309129 0.880872905
vt 0.230264947 0.928717196
vt 0.227547809 0.886895478
vt 0.211056277 0.92273128
vt 0.208310634 0.880853891
vt 0.208266318 0.928717196
vt 0.211069733 0.886900127
vt 0.20123066 0.91304642
vt 0.195211872 0.893904209
vt 0.195172146 0.915767908
vt 0.201286867 0.896702588
vt 0.236411393 0.583281577
vt 0.194903642 0.591282785
vt 0.193125963 0.583281577
vt 0.234633729 0.591282785
vt 0.174804702 0.57118398
vt 0.246731326 0.572961688
vt 0.182806045 0.572961688
vt 0.254732519 0.57118398
vt 0.174804702 0.531453848
vt 0.246731326 0.529676199
vt 0.182806045 0.529676199
vt 0.254732519 0.531453848
vt 0.194903642 0.511354983
vt 0.236411393 0.51935631
vt 0.193125963 0.51935631
vt 0.234633729 0.511354983
vt 0.256652474 0.572351277
vt 0.2663908 0.534849763
vt 0.256649226 0.531641662
vt 0.266389251 0.569017589
vt 0.279755771 0.522277772
vt 0.276932597 0.590739489
vt 0.276716858 0.512825131
vt 0.279851258 0.581225514
vt 0.314077348 0.521752238
vt 0.317598909 0.589793086
vt 0.316963375 0.512740433
vt 0.314452112 0.581225216
vt 0.328341633 0.534796238
vt 0.337506294 0.571227312
vt 0.337477475 0.531570613
vt 0.328342587 0.567961812
vt 0.236411393 0.583281577
vt 0.194903642 0.591282785
vt 0.193125963 0.583281577
vt 0.234633729 0.591282785
vt 0.174804702 0.57118398
vt 0.246731326 0.572961688
vt 0.182806045 0.572961688
vt 0.254732519 0.57118398
vt 0.174804702 0.531453848
vt 0.246731326 0.529676199
vt 0.182806045 0.529676199
vt 0.254732519 0.531453848
vt 0.194903642 0.511354983
vt 0.236411393 0.51935631
vt 0.193125963 0.51935631
vt 0.234633729 0.511354983
vt 0.256652474 0.572351277
vt 0.2663908 0.534849763
vt 0.256649226 0.531641662
vt 0.266389251 0.569017589
vt 0.279755771 0.522277772
vt 0.276932597 0.590739489
vt 0.276716858 0.512825131
vt 0.279851258 0.581225514
vt 0.314077348 0.521752238
vt 0.317598909 0.589793086
vt 0.316963375 0.512740433
vt 0.314452112 0.581225216
vt 0.328341633 0.534796238
vt 0.337506294 0.571227312
vt 0.337477475 0.531570613
vt 0.328342587 0.567961812
vt 0.236411393 0.583281577
vt 0.194903642 0.591282785
vt 0.193125963 0.583281577
vt 0.234633729 0.591282785
vt 0.174804702 0.57118398
vt 0.246731326 0.572961688
vt 0.182806045 0.572961688
vt 0.254732519 0.57118398
vt 0.174804702 0.531453848
vt 0.246731326 0.529676199
vt 0.182806045 0.529676199
vt 0.254732519 0.531453848
vt 0.194903642 0.511354983
vt 0.236411393 0.51935631
vt 0.193125963 0.51935631
vt 0.234633729 0.511354983
vt 0.256652474 0.572351277
vt 0.2663908 0.534849763
vt 0.256649226 0.531641662
vt 0.266389251 0.569017589
vt 0.279755771 0.522277772
vt 0.276932597 0.590739489
vt 0.276716858 0.512825131
vt 0.279851258 0.581225514
vt 0.314077348 0.521752238
vt 0.317598909 0.589793086
vt 0.316963375 0.512740433
vt 0.314452112 0.581225216
vt 0.328341633 0.534796238
vt 0.337506294 0.571227312
vt 0.337477475 0.531570613
vt 0.328342587 0.567961812
vt 0.236411393 0.583281577
vt 0.194903642 0.591282785
vt 0.193125963 0.583281577
vt 0.234633729 0.591282785
vt 0.174804702 0.57118398
vt 0.246731326 0.572961688
vt 0.182806045 0.572961688
vt 0.254732519 0.57118398
vt 0.174804702 0.531453848
vt 0.246731326 0.529676199
vt 0.182806045 0.529676199
vt 0.254732519 0.531453848
vt 0.194903642 0.511354983
vt 0.236411393 0.51935631
vt 0.193125963 0.51935631
vt 0.234633729 0.511354983
vt 0.256652474 0.572351277
vt 0.2663908 0.534849763
vt 0.256649226 0.531641662
vt 0.266389251 0.569017589
vt 0.279755771 0.522277772
vt 0.276932597 0.590739489
vt 0.276716858 0.512825131
vt 0.279851258 0.581225514
vt 0.314077348 0.521752238
vt 0.317598909 0.589793086
vt 0.316963375 0.512740433
vt 0.314452112 0.581225216
vt 0.328341633 0.534796238
vt 0.337506294 0.571227312
vt 0.337477475 0.531570613
vt 0.328342587 0.567961812
vt 0.236411393 0.583281577
vt 0.194903642 0.591282785
vt 0.193125963 0.583281577
vt 0.234633729 0.591282785
vt 0.174804702 0.57118398
vt 0.246731326 0.572961688
vt 0.182806045 0.572961688
vt 0.254732519 0.57118398
vt 0.174804702 0.531453848
vt 0.246731326 0.529676199
vt 0.182806045 0.529676199
vt 0.254732519 0.531453848
vt 0.194903642 0.511354983
vt 0.236411393 0.51935631
vt 0.193125963 0.51935631
vt 0.234633729 0.511354983
vt 0.195172146 0.915767908
vt 0.20123066 0.91304642
vt 0.201287389 0.896703184
vt 0.195211872 0.893904209
vt 0.208266318 0.928717196
vt 0.211069733 0.886900127
vt 0.211056277 0.92273128
vt 0.208310634 0.880853891
vt 0.230264947 0.928717196
vt 0.227547809 0.886895478
vt 0.227520749 0.92273128
vt 0.230309129 0.880872905
vt 0.243344903 0.915795267
vt 0.237288713 0.896663189
vt 0.237342566 0.913127661
vt 0.243351296 0.893893063
vt 0.195172146 0.915767908
vt 0.20123066 0.91304642
vt 0.201287389 0.896703184
vt 0.195211872 0.893904209
vt 0.208266318 0.928717196
vt 0.211069733 0.886900127
vt 0.211056277 0.92273128
vt 0.208310634 0.880853891
vt 0.230264947 0.928717196
vt 0.227547809 0.886895478
vt 0.227520749 0.92273128
vt 0.230309129 0.880872905
vt 0.243344903 0.915795267
vt 0.237288713 0.896663189
vt 0.237342566 0.913127661
vt 0.243351296 0.893893063
vn -0.577343583 0.577345133 -0.577362061
vn -0.577343643 0.577345073 -0.577362001
vn -0.576165438 0.576171279 -0.579706848
vn -0.577344596 -0.577347398 -0.577358723
vn -0.577344596 -0.577347398 -0.577358723
vn -0.0215994362 -0.888915241 -0.457562178
vn 0.576170325 -0.579706132 -0.576167107
vn 0.457559139 -0.88891685 -0.0215963144
vn 0.0216025487 -0.888916373 -0.457559854
vn 0.577354252 0.577351451 -0.577345073
vn 0.576171398 0.579705238 -0.576166928
vn 0.576174974 0.576168895 -0.579699814
vn 0.576172173 0.579705715 0.576165676
vn 0.579703629 0.576173842 0.576166153
vn 0.57617569 0.576170743 0.579697192
vn 0.457559407 -0.888916552 0.0216003526
vn 0.576171041 -0.579706132 0.576166391
vn 0.021603249 -0.8889184 0.457556009
vn -0.57617116 -0.579699397 0.576173007
vn -0.457561553 -0.88891536 0.0216059852
vn -0.0216028392 -0.888916314 0.457559973
vn -0.579701662 0.576170027 0.576171875
vn -0.576171279 0.579698801 0.576173544
vn -0.57616961 0.576172292 0.579701722
vn -0.101618886 0.989619672 -0.101619147
vn -0.101618864 0.989619672 -0.101619147
vn -0.101618864 0.989619672 -0.101619147
vn -0.101618342 0.989619792 0.101618618
vn -0.10161835 0.989619792 0.101618618
vn -0.10161835 0.989619792 0.101618618
vn 0.101618506 0.989619792 0.10161823
vn 0.101618506 0.989619792 0.101618223
vn 0.101618506 0.989619792 0.10161823
vn 0.101618677 0.989619792 -0.101618938
vn 0.101618677 0.989619792 -0.101618938
vn 0.101618677 0.989619792 -0.101618946
vn -0.302212417 0.464508504 -0.832405806
vn -0 -0.382683158 -0.923879623
vn -0.30221194 -0.464508057 -0.832406342
vn -0 0.382683426 -0.923879504
vn -0.30220443 0.832410932 -0.46450448
vn -0 0.923879504 -0.382683426
vn -0.302204192 0.832411051 0.4645046
vn -0 0.923879504 0.382683426
vn -0 0.382683426 0.923879504
vn -0.302209437 0.464507312 0.832407653
vn -0.302209824 -0.464506716 0.832407832
vn -0 -0.382683158 0.923879623
vn -0.302204996 -0.832410514 0.464504927
vn -0 -0.923879445 0.382683724
vn -0.302205235 -0.832410514 -0.464504749
vn -0 -0.923879445 -0.382683724
vn -0.30221194 -0.464508057 -0.832406342
vn -0 -0.382683158 -0.923879623
vn -0.832410038 -0.302206188 0.464505076
vn -0.832410038 -0.302206427 -0.464504927
vn -0.302205235 -0.832410514 -0.464504749
vn -0.302204996 -0.832410514 0.464504927
vn -0.464502394 -0.302211523 -0.83240962
vn 0.464502543 -0.302202523 -0.832412779
vn 0.464502037 -0.832406998 -0.302219272
vn -0.464505553 -0.832415879 -0.302189231
vn 0.832412183 -0.302201569 -0.464504331
vn 0.832411706 -0.302203536 0.464503825
vn 0.302206874 -0.832409799 0.464505076
vn 0.302212477 -0.832408071 -0.46450451
vn 0.464500964 -0.302197754 0.832415402
vn -0.464500695 -0.302209079 0.832411468
vn -0.464507192 -0.832415164 0.302188933
vn 0.464500129 -0.832405567 0.302226126
vn -0.495670468 0.540145457 0.680112958
vn 0.495671272 0.540136039 0.680119872
vn 0.464499801 0.832406044 0.302224994
vn -0.464500457 0.832418323 0.302190363
vn 0.680110693 0.540148795 0.495669901
vn 0.68011266 0.54014504 -0.495671451
vn 0.302205741 0.832410872 -0.464503944
vn 0.302199781 0.832412839 0.464504242
vn 0.495672703 0.540144086 -0.680112481
vn -0.495671511 0.540153801 -0.680105567
vn -0.464505702 0.832417488 -0.30218491
vn 0.464502484 0.832408607 -0.302214056
vn -0.680113077 0.540142953 -0.495672971
vn -0.680113077 0.540142715 0.495673388
vn -0.302204192 0.832411051 0.4645046
vn -0.30220443 0.832410932 -0.46450448
vn 0.30219245 0.464500129 0.832417727
vn 0.302195609 -0.464499146 0.83241713
vn 0.832401633 -0.464501977 0.302234143
vn 0.832401097 0.464502454 0.30223465
vn 0.577341199 0.577349722 0.577359855
vn 0.464499801 0.832406044 0.302224994
vn 0.302199781 0.832412839 0.464504242
vn 0.495671272 0.540136039 0.680119872
vn 0.680110693 0.540148795 0.495669901
vn -0.302209824 -0.464506716 0.832407832
vn -0.302209437 0.464507312 0.832407653
vn -0.832416654 0.464510947 0.302179009
vn -0.832417727 -0.464508355 0.302179962
vn 0.3022075 -0.464500248 -0.832412243
vn 0.302204877 0.464501083 -0.83241266
vn 0.832407534 0.464499354 -0.302221656
vn 0.832407176 -0.464498997 -0.302223444
vn 0.577347755 -0.577345967 -0.577357173
vn 0.464502037 -0.832406998 -0.302219272
vn 0.302212477 -0.832408071 -0.46450451
vn 0.464502543 -0.302202523 -0.832412779
vn 0.832412183 -0.302201569 -0.464504331
vn -0.302212417 0.464508504 -0.832405806
vn -0.30221194 -0.464508057 -0.832406342
vn -0.832418561 -0.46450606 -0.302181423
vn -0.832419097 0.464506984 -0.302178204
vn -0.577355146 0.577353597 -0.577342093
vn -0.464505702 0.832417488 -0.30218491
vn -0.30220443 0.832410932 -0.46450448
vn -0.495671511 0.540153801 -0.680105567
vn -0.680113077 0.540142953 -0.495672971
vn -0.0447731242 0.382977128 -0.922672093
vn -0.044778619 -0.381594241 -0.923244715
vn -0.0447832532 -0.382982343 -0.92266947
vn -0.0447685607 0.381599993 -0.923242807
vn -0.0447633415 0.922670066 -0.382983297
vn -0.0447586924 0.923245609 -0.381594062
vn -0.0447582752 0.922671378 0.382980645
vn -0.0447536781 0.923244834 0.381596953
vn -0.0447609425 0.382978529 0.922672212
vn -0.0447563604 0.381599009 0.923243701
vn -0.0447710752 -0.382983714 0.92266947
vn -0.0447664298 -0.381593317 0.923245609
vn -0.0447826311 -0.922671258 0.382977933
vn -0.0447780639 -0.923242807 0.38159883
vn -0.0447877049 -0.922670066 -0.382980615
vn -0.0447830893 -0.923243701 -0.38159591
vn -0.0447832532 -0.382982343 -0.92266947
vn -0.044778619 -0.381594241 -0.923244715
vn -0.172618642 0.908400297 0.380804062
vn 0.576174974 0.576168895 -0.579699814
vn -0.172619343 0.908399582 -0.380805343
vn 0.57617569 0.576170743 0.579697192
vn -0.172619253 0.380803853 0.908400297
vn 0.576172173 0.579705715 0.576165676
vn -0.172620714 -0.380805105 0.908399403
vn 0.576171041 -0.579706132 0.576166391
vn -0.172622293 -0.908400118 0.38080278
vn 0.021603249 -0.8889184 0.457556009
vn -0.172623187 -0.908399224 -0.380804688
vn 0.0216025487 -0.888916373 -0.457559854
vn -0.172623619 -0.380802512 -0.908399999
vn 0.576170325 -0.579706132 -0.576167107
vn -0.17262201 0.380801708 -0.908400595
vn 0.576171398 0.579705238 -0.576166928
vn -0.172619343 0.908399582 -0.380805343
vn 0.576174974 0.576168895 -0.579699814
vn 0.3022075 -0.464500248 -0.832412243
vn 4.91074206E-06 0.382683843 -0.923879445
vn 0.302204877 0.464501083 -0.83241266
vn 7.01797399E-06 -0.382682681 -0.923879802
vn 0.302212477 -0.832408071 -0.46450451
vn 5.31330079E-06 -0.923879743 -0.382683069
vn 0.302206874 -0.832409799 0.464505076
vn 4.93003483E-07 -0.92387861 0.382685602
vn -4.62100797E-06 -0.382681638 0.923880219
vn 0.302195609 -0.464499146 0.83241713
vn 0.30219245 0.464500129 0.832417727
vn -6.72823262E-06 0.3826828 0.923879802
vn 0.302199781 0.832412839 0.464504242
vn -5.02356716E-06 0.923878908 0.382684886
vn 0.302205741 0.832410872 -0.464503944
vn -2.03284117E-07 0.923880041 -0.382682353
vn 0.302204877 0.464501083 -0.83241266
vn 4.91074206E-06 0.382683843 -0.923879445
vn 0.0447731204 -0.382977486 -0.922671974
vn 0.044778619 0.381595254 -0.923244298
vn 0.044783242 0.38298133 -0.922669828
vn 0.0447685607 -0.381599605 -0.923242986
vn 0.0447624549 -0.922670066 -0.382983446
vn 0.0447578058 -0.923245847 -0.381593853
vn 0.0447573885 -0.922671378 0.382980824
vn 0.0447527841 -0.923244953 0.381596833
vn 0.0447609462 -0.382978857 0.922671974
vn 0.0447563715 -0.381598711 0.92324388
vn 0.0447710827 0.382982582 0.922669947
vn 0.044766441 0.38159427 0.923245251
vn 0.0447853059 0.922671378 0.382977486
vn 0.0447807573 0.923242509 0.381599277
vn 0.0447903723 0.922670066 -0.382980287
vn 0.0447857715 0.923243523 -0.381596386
vn 0.044783242 0.38298133 -0.922669828
vn 0.044778619 0.381595254 -0.923244298
vn 0.17261894 -0.908401012 0.380802214
vn -0.0215994362 -0.888915241 -0.457562178
vn 0.172620997 -0.908400118 -0.380803525
vn -0.0216028392 -0.888916314 0.457559973
vn 0.172617674 -0.380805671 0.90839982
vn -0.57617116 -0.579699397 0.576173007
vn 0.172618434 0.38080591 0.908399522
vn -0.576171279 0.579698801 0.576173544
vn 0.172620445 0.908400774 0.380802155
vn -0.57616961 0.576172292 0.579701722
vn 0.172622338 0.908399522 -0.380804211
vn -0.576165438 0.576171279 -0.579706848
vn 0.172623605 0.380803227 -0.908399701
vn -0.575850725 0.580331147 -0.575857401
vn 0.172623038 -0.380803645 -0.908399582
vn -0.575851977 -0.580332041 -0.575855196
vn 0.172620997 -0.908400118 -0.380803525
vn -0.0215994362 -0.888915241 -0.457562178
vn -0.464502394 -0.302211523 -0.83240962
vn 0.382683575 1.21165533E-06 -0.923879445
vn 0.464502543 -0.302202523 -0.832412779
vn -0.382682234 -1.21165124E-06 -0.923880041
vn -0.832410038 -0.302206427 -0.464504927
vn -0.923878789 -4.62098615E-06 -0.382685155
vn -0.832410038 -0.302206188 0.464505076
vn -0.923878789 -4.62098615E-06 0.382685155
vn -0.382682234 -1.21165124E-06 0.923880041
vn -0.464500695 -0.302209079 0.832411468
vn 0.464500964 -0.302197754 0.832415402
vn 0.382683575 1.21165533E-06 0.923879445
vn 0.832411706 -0.302203536 0.464503825
vn 0.923879027 1.21165249E-06 0.382684618
vn 0.832412183 -0.302201569 -0.464504331
vn 0.923879027 1.21165249E-06 -0.382684618
vn 0.464502543 -0.302202523 -0.832412779
vn 0.382683575 1.21165533E-06 -0.923879445
vn -0.382977486 -0.0447731353 -0.922671974
vn 0.381595254 -0.044778619 -0.923244298
vn 0.38298133 -0.044783242 -0.922669828
vn -0.381599605 -0.0447685607 -0.923242986
vn -0.922670066 -0.0447624549 -0.382983446
vn -0.923245847 -0.0447578058 -0.381593853
vn -0.922671378 -0.0447573885 0.382980824
vn -0.923244953 -0.0447527841 0.381596833
vn -0.382978797 -0.0447609499 0.922671974
vn -0.381598741 -0.0447563715 0.92324388
vn 0.382982582 -0.0447710678 0.922669947
vn 0.38159433 -0.0447664447 0.923245251
vn 0.922671378 -0.0447853059 0.382977486
vn 0.923242509 -0.0447807573 0.381599277
vn 0.922670066 -0.0447903723 -0.382980287
vn 0.923243523 -0.0447857715 -0.381596386
vn 0.38298133 -0.044783242 -0.922669828
vn 0.381595254 -0.044778619 -0.923244298
vn -0.90839988 -0.17261903 0.380804658
vn -0.576165438 0.576171279 -0.579706848
vn -0.908399105 -0.172619417 -0.380806506
vn -0.57616961 0.576172292 0.579701722
vn -0.38080433 -0.172619537 0.908399999
vn -0.579701662 0.576170027 0.576171875
vn 0.380806327 -0.17261982 0.908399105
vn 0.579703629 0.576173842 0.576166153
vn 0.908401012 -0.172621667 0.380801141
vn 0.57617569 0.576170743 0.579697192
vn 0.908400595 -0.17262198 -0.380801857
vn 0.576174974 0.576168895 -0.579699814
vn 0.380804479 -0.172622249 -0.908399403
vn 0.580335677 0.575852692 -0.575850725
vn -0.38080126 -0.172621757 -0.908400774
vn -0.580331981 0.575849414 -0.575857818
vn -0.908399105 -0.172619417 -0.380806506
vn -0.576165438 0.576171279 -0.579706848
vn -0.832416654 0.464510947 0.302179009
vn -0.923880756 -0.382680416 -3.49174261E-05
vn -0.832417727 -0.464508355 0.302179962
vn -0.923879802 0.382682651 -3.85392705E-05
vn -0.464500457 0.832418323 0.302190363
vn -0.382692754 0.92387563 -1.80834159E-05
vn 0.464499801 0.832406044 0.302224994
vn 0.382675648 0.923882782 1.32622954E-05
vn 0.923877597 0.382687956 3.37188139E-05
vn 0.832401097 0.464502454 0.30223465
vn 0.832401633 -0.464501977 0.302234143
vn 0.923877776 -0.382687628 3.37056335E-05
vn 0.464500129 -0.832405567 0.302226126
vn 0.382675916 -0.923882544 1.32491159E-05
vn -0.464507192 -0.832415164 0.302188933
vn -0.382690996 -0.923876345 -1.44613323E-05
vn -0.832417727 -0.464508355 0.302179962
vn -0.923880756 -0.382680416 -3.49174261E-05
vn -0.922672093 0.382977128 0.0447731242
vn -0.923244715 -0.381594241 0.0447786152
vn -0.92266947 -0.382982343 0.0447832532
vn -0.923242807 0.381599993 0.0447685607
vn -0.382983297 0.922670066 0.0447633415
vn -0.381594062 0.923245609 0.0447586924
vn 0.382980645 0.922671378 0.0447582752
vn 0.381596953 0.923244834 0.0447536781
vn 0.922672212 0.382978529 0.0447609425
vn 0.923243701 0.381599009 0.0447563604
vn 0.92266947 -0.382983714 0.0447710752
vn 0.923245609 -0.381593317 0.0447664298
vn 0.382977933 -0.922671258 0.0447826311
vn 0.38159883 -0.923242807 0.0447780639
vn -0.382980615 -0.922670066 0.0447877049
vn -0.38159591 -0.923243701 0.0447830893
vn -0.92266947 -0.382982343 0.0447832532
vn -0.923244715 -0.381594241 0.0447786152
vn 0.380806565 0.90839833 0.172623187
vn -0.580331981 0.575849414 -0.575857818
vn -0.380802274 0.908401668 0.172615111
vn 0.580335677 0.575852692 -0.575850725
vn 0.908399403 0.380801111 0.172629863
vn 0.576171398 0.579705238 -0.576166928
vn 0.908398151 -0.380803198 0.172631696
vn 0.576170325 -0.579706132 -0.576167107
vn 0.380804092 -0.908398509 0.172627941
vn 0.457559139 -0.88891685 -0.0215963144
vn -0.380801201 -0.908401191 0.172620431
vn -0.372570217 -0.91183871 0.172457322
vn -0.908400595 -0.380805641 0.172613755
vn -0.575851977 -0.580332041 -0.575855196
vn -0.908401489 0.380804479 0.172611609
vn -0.575850725 0.580331147 -0.575857401
vn -0.380802274 0.908401668 0.172615111
vn -0.580331981 0.575849414 -0.575857818
vn -0.832418561 -0.46450606 -0.302181423
vn -0.923880458 0.382681221 3.00058782E-05
vn -0.832419097 0.464506984 -0.302178204
vn -0.923880935 -0.382680118 2.78986918E-05
vn -0.464505553 -0.832415879 -0.302189231
vn -0.382690251 -0.923876643 9.14767134E-06
vn 0.464502037 -0.832406998 -0.302219272
vn 0.382677734 -0.923881948 -1.37550769E-05
vn 0.923879087 -0.38268429 -2.56877956E-05
vn 0.832407176 -0.464498997 -0.302223444
vn 0.832407534 0.464499354 -0.302221656
vn 0.92387861 0.382685632 -2.32776456E-05
vn 0.464502484 0.832408607 -0.302214056
vn 0.382677227 0.923882186 -7.93561048E-06
vn -0.464505702 0.832417488 -0.30218491
vn -0.382689655 0.923877001 1.46641496E-05
vn -0.832419097 0.464506984 -0.302178204
vn -0.923880458 0.382681221 3.00058782E-05
vn -0.922671974 -0.382977486 -0.0447731204
vn -0.923244298 0.381595254 -0.044778619
vn -0.922669828 0.38298136 -0.044783242
vn -0.923242986 -0.381599605 -0.0447685607
vn -0.382983446 -0.922670066 -0.0447624549
vn -0.381593853 -0.923245847 -0.0447578058
vn 0.382980824 -0.922671378 -0.0447573885
vn 0.381596833 -0.923244953 -0.0447527841
vn 0.922671974 -0.382978857 -0.0447609462
vn 0.92324388 -0.381598711 -0.0447563641
vn 0.922669947 0.382982612 -0.044771079
vn 0.923245251 0.38159427 -0.044766441
vn 0.382977486 0.922671378 -0.0447853059
vn 0.381599277 0.923242509 -0.0447807573
vn -0.382980287 0.922670066 -0.0447903723
vn -0.381596386 0.923243523 -0.0447857715
vn -0.922669828 0.38298136 -0.044783242
vn -0.923244298 0.381595254 -0.044778619
vn 0.114112347 -0.287219346 -0.951043308
vn -0.127133206 -0.282937944 -0.95067513
vn -0.114112347 -0.287219405 -0.951043308
vn 0.127133206 -0.282938004 -0.95067513
vn 0.287219375 -0.114112005 -0.951043427
vn 0.282937616 -0.127133831 -0.95067513
vn 0.287218899 0.114112318 -0.951043487
vn 0.282937258 0.127133355 -0.950675309
vn 0.114112087 0.287219226 -0.951043427
vn 0.127132818 0.282937795 -0.950675249
vn -0.114111885 0.287219554 -0.951043308
vn -0.127133623 0.282937825 -0.95067513
vn -0.287219197 0.114112481 -0.951043308
vn -0.282937735 0.127133489 -0.95067513
vn -0.287219405 -0.114112005 -0.951043308
vn -0.282937616 -0.127133846 -0.95067513
vn -0.114112347 -0.287219405 -0.951043308
vn -0.127133206 -0.282937944 -0.95067513
vn -0.282937616 -0.127133846 -0.95067513
vn -0.287219405 -0.114112005 -0.951043308
vn 0.380805463 -0.908399224 -0.172621086
vn -0.457561553 -0.88891536 0.0216059852
vn -0.380802155 -0.908401787 -0.172614753
vn 0.457559407 -0.888916552 0.0216003526
vn 0.908399403 -0.380802602 -0.172626525
vn 0.576171041 -0.579706132 0.576166391
vn 0.908398628 0.380803645 -0.172628015
vn 0.576172173 0.579705715 0.576165676
vn 0.380804688 0.908399045 -0.172624141
vn 0.579703629 0.576173842 0.576166153
vn -0.380801678 0.908401489 -0.17261745
vn -0.579701662 0.576170027 0.576171875
vn -0.908400595 0.38080585 -0.17261292
vn -0.576171279 0.579698801 0.576173544
vn -0.908401072 -0.380805343 -0.172611773
vn -0.57617116 -0.579699397 0.576173007
vn -0.380802155 -0.908401787 -0.172614753
vn -0.457561553 -0.88891536 0.0216059852
vn -0 1 4.7914574E-07
vn -0 1 4.7914574E-07
vn -0 1 4.7914574E-07
vn -0 1 4.7914574E-07
vn -7.18286685E-07 -1 -2.45240108E-06
vn -7.18286685E-07 -1 -2.45240108E-06
vn -7.18286685E-07 -1 -2.45240108E-06
vn -7.18286685E-07 -1 -2.45240108E-06
vn -1.38891232E-06 -1 5.07907373E-07
vn -1.38891232E-06 -1 5.07907373E-07
vn -1.07742926E-06 -1 -3.67849407E-06
vn -1.07742926E-06 -1 -3.67849429E-06
vn -0 0.989628434 -0.143651217
vn -0 0.989628434 -0.143651217
vn -0 0.989628434 -0.143651217
vn -0 0.989628434 -0.143651217
vn -0.143651053 0.989628434 1.89057857E-07
vn -0.143651053 0.989628434 1.89057857E-07
vn -0.143651053 0.989628434 1.89057857E-07
vn -0.143651053 0.989628434 1.89057857E-07
vn -0 0.989628553 0.143650457
vn -0 0.989628553 0.143650457
vn -0 0.989628553 0.143650472
vn -0 0.989628553 0.143650442
vn 0.143650815 0.989628434 2.99947089E-07
vn 0.143650815 0.989628434 2.99947089E-07
vn 0.143650815 0.989628434 2.99947089E-07
vn 0.143650845 0.989628434 2.99947089E-07
vn 0.707100272 -0.707113266 -6.18745544E-05
vn 0.382672578 -0.923883975 -8.08440163E-05
vn 0.707100272 -0.707113266 -6.18745544E-05
vn 0.382686496 -0.923878193 -8.08435288E-05
vn -0.38267675 -0.923882365 -8.09764824E-05
vn -0.382692695 -0.923875749 -8.09759003E-05
vn -0.707109272 -0.707104266 -6.21187573E-05
vn -0.707109272 -0.707104266 -6.21187573E-05
vn 1 1.68035024E-06 0
vn 1 1.68035001E-06 0
vn 1 1.68035024E-06 0
vn 1 1.68035001E-06 0
vn 0.382675469 0.923882782 8.09714475E-05
vn 0.707106113 0.707107365 6.19374259E-05
vn 0.707106173 0.707107306 6.19374332E-05
vn 0.382691443 0.923876286 8.09708727E-05
vn -0.382676631 0.923882365 8.0841106E-05
vn -0.382689178 0.92387706 8.08406548E-05
vn -0.70710659 0.707106888 6.16966281E-05
vn -0.70710659 0.707106888 6.16966281E-05
vn -1 -3.36072003E-06 0
vn -1 -3.36072048E-06 0
vn -1 -3.36072003E-06 0
vn -1 -3.36072048E-06 0
vn 0.7071141 0.707099438 -0.000173450069
vn 0.382677704 0.923881948 -0.00016583885
vn 0.7071141 0.707099438 -0.000173450069
vn 0.382699817 0.923872709 -0.000165840087
vn -0.394704491 0.918808162 -0.000167709557
vn -0.394726217 0.918798745 -0.000167710808
vn -0.725332439 0.688398778 -0.000175204535
vn -0.725332439 0.688398778 -0.000175204535
vn 1 -2.23970255E-06 -0.000235644809
vn 1 -2.23970278E-06 -0.000235644809
vn 1 -2.23970255E-06 -0.000235644809
vn 1 -2.23970255E-06 -0.000235644809
vn 0.353806138 -0.935318708 -0.000325296889
vn 0.661845744 -0.749639928 -0.000300175947
vn 0.661845744 -0.749639928 -0.000300175947
vn 0.353809506 -0.935317457 -0.00032529686
vn -0.367497295 -0.930024505 -0.000326516485
vn -0.367502868 -0.930022359 -0.000326516427
vn -0.683567405 -0.729887307 -0.000298999861
vn -0.683567405 -0.729887307 -0.000298999861
vn -1 0 -0.000235644635
vn -1 0 -0.000235644591
vn -1 0 -0.000235644591
vn -1 0 -0.000235644591
vn 0.382692754 -0.92387563 8.11075442E-05
vn 0.382676303 -0.923882484 8.11081263E-05
vn -0.382677734 -0.923881948 8.03184812E-05
vn -0.382691443 -0.923876286 8.03179719E-05
vn -0.707109809 -0.70710367 6.09032068E-05
vn -0.707109809 -0.70710367 6.09031995E-05
vn 0.707107306 -0.707106233 6.23624292E-05
vn 0.707107246 -0.707106233 6.23624292E-05
vn 0.382676303 -0.923882484 8.11081263E-05
vn 0.382692754 -0.92387563 8.11075442E-05
vn 1 -1.68034546E-06 6.89165518E-07
vn 1 -1.68034546E-06 6.89165404E-07
vn 1 -1.68034546E-06 6.89165518E-07
vn 1 -1.68034546E-06 6.89165404E-07
vn 0.382676989 0.923882186 -8.0580714E-05
vn 0.707108438 0.707105041 -6.13878146E-05
vn 0.707108438 0.707105041 -6.13878146E-05
vn 0.382692128 0.923875988 -8.0580161E-05
vn -0.382680297 0.923880816 -8.13719162E-05
vn -0.38269344 0.923875332 -8.13714505E-05
vn -0.707112074 0.707101464 -6.28497073E-05
vn -0.707112074 0.707101464 -6.28497073E-05
vn -1 0 -2.06705545E-06
vn -1 0 -2.06705545E-06
vn -1 0 -2.06705545E-06
vn -1 0 -2.06705545E-06
vn 0.707103431 0.707110107 -0.000297198741
vn 0.707103431 0.707110107 -0.0002971988
vn 0.382675588 0.923882663 -0.000327526388
vn 0.382683784 0.923879325 -0.000327526272
vn -0.382674515 0.9238832 -0.000327790243
vn -0.382682264 0.923879921 -0.000327790069
vn -0.707096636 0.707116783 -0.000297688239
vn -0.707096636 0.707116783 -0.000297688239
vn 1 -4.48621631E-06 -0.000235643922
vn 1 -4.48621631E-06 -0.000235643951
vn 1 -4.48621631E-06 -0.000235643922
vn 1 -4.48621631E-06 -0.000235643951
vn 0.382669181 -0.923885405 -0.000166088415
vn 0.707101703 -0.707111776 -0.000173567736
vn 0.707101703 -0.707111776 -0.000173567707
vn 0.382688999 -0.92387718 -0.000166089565
vn -0.382661939 -0.923888445 -0.000166349811
vn -0.382689029 -0.92387718 -0.000166351398
vn -0.707093 -0.707120478 -0.00017405214
vn -0.707092941 -0.707120478 -0.00017405214
vn -1 0 -0.000236333304
vn -1 0 -0.000236333304
vn -1 0 -0.000236333304
vn -1 0 -0.000236333304
vn -6.18745544E-05 -0.707113266 -0.707100272
vn -8.08440163E-05 -0.923883975 -0.382672578
vn -6.18745544E-05 -0.707113266 -0.707100272
vn -8.08435288E-05 -0.923878193 -0.382686496
vn -8.09764824E-05 -0.923882365 0.38267675
vn -8.09759003E-05 -0.923875749 0.382692695
vn -6.21187573E-05 -0.707104266 0.707109272
vn -6.21187573E-05 -0.707104266 0.707109272
vn -0 1.68035024E-06 -1
vn -0 1.68035001E-06 -1
vn -0 1.68035024E-06 -1
vn -0 1.68035001E-06 -1
vn 8.09714475E-05 0.923882782 -0.382675469
vn 6.19374259E-05 0.707107365 -0.707106113
vn 6.19374332E-05 0.707107306 -0.707106173
vn 8.09708727E-05 0.923876286 -0.382691443
vn 8.0841106E-05 0.923882365 0.382676631
vn 8.08406548E-05 0.92387706 0.382689178
vn 6.16966281E-05 0.707106888 0.70710659
vn 6.16966281E-05 0.707106888 0.70710659
vn -0 -3.36072003E-06 1
vn -0 -3.36072048E-06 1
vn -0 -3.36072003E-06 1
vn -0 -3.36072048E-06 1
vn -0.000173450069 0.707099438 -0.7071141
vn -0.00016583885 0.923881948 -0.382677704
vn -0.000173450069 0.707099438 -0.7071141
vn -0.000165840087 0.923872709 -0.382699817
vn -0.000167709557 0.918808162 0.394704491
vn -0.000167710808 0.918798745 0.394726217
vn -0.000175204535 0.688398778 0.725332439
vn -0.000175204535 0.688398778 0.725332439
vn -0.000235644809 -2.23970255E-06 -1
vn -0.000235644809 -2.23970278E-06 -1
vn -0.000235644809 -2.23970255E-06 -1
vn -0.000235644809 -2.23970255E-06 -1
vn -0.000325296889 -0.935318708 -0.353806138
vn -0.000300175947 -0.749639928 -0.661845744
vn -0.000300175947 -0.749639928 -0.661845744
vn -0.00032529686 -0.935317457 -0.353809506
vn -0.000326516485 -0.930024505 0.367497295
vn -0.000326516427 -0.930022359 0.367502868
vn -0.000298999861 -0.729887307 0.683567405
vn -0.000298999861 -0.729887307 0.683567405
vn -0.000235644635 0 1
vn -0.000235644591 0 1
vn -0.000235644591 0 1
vn -0.000235644591 0 1
vn 8.11075442E-05 -0.92387563 -0.382692754
vn 8.11081263E-05 -0.923882484 -0.382676303
vn 8.03184812E-05 -0.923881948 0.382677734
vn 8.03179719E-05 -0.923876286 0.382691443
vn 6.09032068E-05 -0.70710367 0.707109809
vn 6.09031995E-05 -0.70710367 0.707109809
vn 6.23624292E-05 -0.707106233 -0.707107306
vn 6.23624292E-05 -0.707106233 -0.707107246
vn 8.11081263E-05 -0.923882484 -0.382676303
vn 8.11075442E-05 -0.92387563 -0.382692754
vn 6.89165518E-07 -1.68034546E-06 -1
vn 6.89165404E-07 -1.68034546E-06 -1
vn 6.89165518E-07 -1.68034546E-06 -1
vn 6.89165404E-07 -1.68034546E-06 -1
vn -8.0580714E-05 0.923882186 -0.382676989
vn -6.13878146E-05 0.707105041 -0.707108438
vn -6.13878146E-05 0.707105041 -0.707108438
vn -8.0580161E-05 0.923875988 -0.382692128
vn -8.13719162E-05 0.923880816 0.382680297
vn -8.13714505E-05 0.923875332 0.38269344
vn -6.28497073E-05 0.707101464 0.707112074
vn -6.28497073E-05 0.707101464 0.707112074
vn -2.06705545E-06 0 1
vn -2.06705545E-06 0 1
vn -2.06705545E-06 0 1
vn -2.06705545E-06 0 1
vn -0.000297198741 0.707110107 -0.707103431
vn -0.0002971988 0.707110107 -0.707103431
vn -0.000327526388 0.923882663 -0.382675588
vn -0.000327526272 0.923879325 -0.382683784
vn -0.000327790243 0.9238832 0.382674515
vn -0.000327790069 0.923879921 0.382682264
vn -0.000297688239 0.707116783 0.707096636
vn -0.000297688239 0.707116783 0.707096636
vn -0.000235643922 -4.48621631E-06 -1
vn -0.000235643951 -4.48621631E-06 -1
vn -0.000235643922 -4.48621631E-06 -1
vn -0.000235643951 -4.48621631E-06 -1
vn -0.000166088415 -0.923885405 -0.382669181
vn -0.000173567736 -0.707111776 -0.707101703
vn -0.000173567707 -0.707111776 -0.707101703
vn -0.000166089565 -0.92387718 -0.382688999
vn -0.000166349811 -0.923888445 0.382661939
vn -0.000166351398 -0.92387718 0.382689029
vn -0.00017405214 -0.707120478 0.707093
vn -0.00017405214 -0.707120478 0.707092941
vn -0.000236333304 0 1
vn -0.000236333304 0 1
vn -0.000236333304 0 1
vn -0.000236333304 0 1
vn -0.577352822 0.577352822 0.577345133
vn -0.302204192 0.832411051 0.4645046
vn -0.680113077 0.540142715 0.495673388
vn -0.302209437 0.464507312 0.832407653
vn -0.495670468 0.540145457 0.680112958
vn -0.832416654 0.464510947 0.302179009
vn -0.464500457 0.832418323 0.302190363
vn -0.302204996 -0.832410514 0.464504927
vn -0.302209824 -0.464506716 0.832407832
vn -0.577354431 -0.577352643 0.577343643
vn -0.832410038 -0.302206188 0.464505076
vn -0.832417727 -0.464508355 0.302179962
vn -0.464500695 -0.302209079 0.832411468
vn -0.464507192 -0.832415164 0.302188933
vn -0.30221194 -0.464508057 -0.832406342
vn -0.302205235 -0.832410514 -0.464504749
vn -0.577354372 -0.577352643 -0.577343881
vn -0.832418561 -0.46450606 -0.302181423
vn -0.832410038 -0.302206427 -0.464504927
vn -0.464505553 -0.832415879 -0.302189231
vn -0.464502394 -0.302211523 -0.83240962
vn 0.577346563 0.577348709 -0.577355564
vn 0.302205741 0.832410872 -0.464503944
vn 0.68011266 0.54014504 -0.495671451
vn 0.302204877 0.464501083 -0.83241266
vn 0.495672703 0.540144086 -0.680112481
vn 0.832407534 0.464499354 -0.302221656
vn 0.464502484 0.832408607 -0.302214056
vn 0.464500129 -0.832405567 0.302226126
vn 0.832401633 -0.464501977 0.302234143
vn 0.577343166 -0.577346802 0.577360809
vn 0.464500964 -0.302197754 0.832415402
vn 0.302195609 -0.464499146 0.83241713
vn 0.832411706 -0.302203536 0.464503825
vn 0.302206874 -0.832409799 0.464505076
vn -1 4.55027612E-06 -1.20121476E-05
vn -1 7.53538916E-06 -4.09303357E-06
vn -1 7.6616052E-06 -3.8114606E-06
vn -1 4.51587402E-06 -1.20278974E-05
vn -1 1.59993469E-05 2.09337168E-06
vn -1 8.66659138E-06 -4.17591127E-06
vn -1 1.60886411E-05 2.05377023E-06
vn -1 8.84430938E-06 -3.78785353E-06
vn -1 1.81696796E-05 -7.64496781E-06
vn -1 1.17718037E-05 4.44310308E-06
vn -1 1.8236753E-05 -7.44387626E-06
vn -1 1.17954942E-05 4.41783595E-06
vn -1 9.5288724E-06 -1.37121187E-05
vn -1 7.92366427E-06 -2.87894363E-06
vn -1 1.03246912E-05 -1.39081121E-05
vn -1 7.37002574E-06 -4.19581693E-06
vn 1.20121476E-05 4.55027612E-06 -1
vn 4.09303357E-06 7.53538916E-06 -1
vn 3.8114606E-06 7.6616052E-06 -1
vn 1.20278974E-05 4.51587402E-06 -1
vn -2.09337168E-06 1.59993469E-05 -1
vn 4.17591127E-06 8.66659138E-06 -1
vn -2.05377023E-06 1.60886411E-05 -1
vn 3.78785353E-06 8.84430938E-06 -1
vn 7.64496781E-06 1.81696796E-05 -1
vn -4.44310308E-06 1.17718037E-05 -1
vn 7.44387626E-06 1.8236753E-05 -1
vn -4.41783595E-06 1.17954942E-05 -1
vn 1.37121187E-05 9.5288724E-06 -1
vn 2.87894363E-06 7.92366427E-06 -1
vn 1.39081121E-05 1.03246912E-05 -1
vn 4.19581693E-06 7.37002574E-06 -1
vn -0.586743295 -0.363901138 0.723400533
vn -0.590326548 0.181255072 0.786550105
vn -0.586742818 0.363900095 0.723401368
vn -0.590326905 -0.18125543 0.786549807
vn -0.181255028 0.590324461 0.786551714
vn -0.363901109 -0.586743295 0.723400533
vn -0.36390081 0.586741269 0.723402262
vn -0.181255415 -0.590326905 0.786549807
vn 0.181255028 0.590324461 0.786551714
vn 0.363901109 -0.586743295 0.723400533
vn 0.36390081 0.586741269 0.723402262
vn 0.181255415 -0.590326905 0.786549807
vn 0.590326548 0.181255072 0.786550105
vn 0.586743295 -0.363901138 0.723400533
vn 0.586742818 0.363900095 0.723401368
vn 0.590326905 -0.18125543 0.786549807
vn -0.287219346 0.114112109 0.951043308
vn -0.282937914 -0.127133474 0.95067513
vn -0.287219465 -0.114112347 0.951043308
vn -0.282937676 0.127133757 0.95067513
vn -0.127133831 -0.282937735 0.95067513
vn -0.114112414 0.287219584 0.951043189
vn -0.114112005 -0.287219554 0.951043308
vn -0.127133206 0.282938212 0.95067513
vn 0.127133042 -0.282937676 0.950675249
vn 0.1141124 0.287219584 0.951043308
vn 0.114112228 -0.287219226 0.951043427
vn 0.127133161 0.282938153 0.95067513
vn 0.282937527 -0.12713334 0.950675249
vn 0.287219286 0.114112161 0.951043427
vn 0.287219167 -0.114112169 0.951043427
vn 0.282937676 0.127133563 0.950675249
vn -0.586743057 0.363901287 -0.723400652
vn -0.590326726 -0.181255326 -0.786549985
vn -0.586742938 -0.36390084 -0.72340095
vn -0.590326667 0.181255147 -0.786550045
vn -0.181255192 -0.590325713 -0.78655076
vn -0.36390081 0.586742699 -0.723401189
vn -0.363900751 -0.586742461 -0.723401368
vn -0.181255236 0.590325892 -0.786550701
vn 0.181255192 -0.590325713 -0.78655076
vn 0.36390081 0.586742699 -0.723401189
vn 0.363900751 -0.586742461 -0.723401368
vn 0.181255236 0.590325892 -0.786550701
vn 0.590326726 -0.181255326 -0.786549985
vn 0.586743057 0.363901287 -0.723400652
vn 0.586742938 -0.36390084 -0.72340095
vn 0.590326667 0.181255147 -0.786550045
vn -0.114112169 -0.951043189 -0.287219822
vn 0.127133518 -0.95067513 -0.282937974
vn 0.114112578 -0.951043189 -0.287219495
vn -0.12713401 -0.950675011 -0.282938093
vn 0.282937855 -0.95067513 -0.127133623
vn -0.287219614 -0.951043189 -0.11411228
vn 0.287219614 -0.951043308 -0.114111885
vn -0.282938123 -0.950675011 -0.127133623
vn 0.282937795 -0.950675249 0.127133206
vn -0.287219614 -0.951043308 0.114112265
vn 0.287219346 -0.951043427 0.114111975
vn -0.282938033 -0.95067513 0.127133593
vn 0.127133399 -0.950675249 0.282937527
vn -0.114112079 -0.951043308 0.287219614
vn 0.114112385 -0.951043427 0.287219077
vn -0.127133921 -0.95067513 0.282937825
vn -0.363900572 0.723401368 -0.58674258
vn 0.18125473 0.786551118 -0.590325356
vn 0.363899499 0.723402321 -0.586742043
vn -0.181255132 0.78655076 -0.590325713
vn 0.590324163 0.786552012 -0.181254953
vn -0.586742818 0.72340095 -0.363901019
vn 0.586740732 0.723402798 -0.363900691
vn -0.590326667 0.786550045 -0.181255341
vn 0.590324163 0.786552012 0.181254968
vn -0.586742818 0.72340095 0.363901019
vn 0.586740732 0.723402739 0.363900661
vn -0.590326667 0.786550045 0.181255341
vn 0.181254759 0.786551058 0.590325415
vn -0.363900572 0.723401368 0.58674258
vn 0.363899529 0.723402321 0.586742043
vn -0.181255132 0.78655076 0.590325713
vn 0.951043189 -0.114112206 -0.287219822
vn 0.95067513 0.127133533 -0.282938093
vn 0.951043189 0.114112586 -0.287219495
vn 0.950675011 -0.12713401 -0.282938093
vn 0.95067513 0.282937855 -0.127133623
vn 0.951043189 -0.287219614 -0.11411228
vn 0.951043308 0.287219614 -0.114111885
vn 0.950675011 -0.282938093 -0.127133623
vn 0.950675249 0.282937795 0.127133206
vn 0.951043308 -0.287219614 0.114112265
vn 0.951043427 0.287219346 0.114111975
vn 0.95067513 -0.282938033 0.127133593
vn 0.950675249 0.127133414 0.282937527
vn 0.951043308 -0.114112072 0.287219584
vn 0.951043427 0.1141124 0.287219077
vn 0.95067513 -0.127133921 0.282937795
vn -0.723401368 -0.363900572 -0.58674258
vn -0.786551058 0.18125473 -0.590325534
vn -0.723402321 0.363899499 -0.586742043
vn -0.78655076 -0.181255147 -0.590325773
vn -0.786552012 0.590324163 -0.181254953
vn -0.72340095 -0.586742818 -0.363901019
vn -0.723402798 0.586740732 -0.363900691
vn -0.786550045 -0.590326667 -0.181255341
vn -0.786552012 0.590324163 0.181254953
vn -0.72340095 -0.586742818 0.363901019
vn -0.723402739 0.586740732 0.363900661
vn -0.786550045 -0.590326667 0.181255341
vn -0.786551118 0.18125473 0.590325356
vn -0.723401368 -0.363900572 0.58674258
vn -0.723402321 0.363899529 0.586742103
vn -0.78655076 -0.181255147 0.590325773
vn -0.951043189 0.11411231 -0.287219852
vn -0.950675011 -0.127133518 -0.282938212
vn -0.951043189 -0.114112474 -0.287219793
vn -0.950675011 0.127133906 -0.282938093
vn -0.95067513 -0.282937855 -0.127133846
vn -0.951043189 0.287219852 -0.11411234
vn -0.951043308 -0.287219554 -0.114112042
vn -0.950675011 0.282938272 -0.127133593
vn -0.950675249 -0.282937735 0.127133444
vn -0.951043189 0.287219733 0.11411228
vn -0.951043427 -0.287219346 0.114112124
vn -0.950675011 0.282938123 0.127133518
vn -0.950675249 -0.127133414 0.282937735
vn -0.951043308 0.114112258 0.287219495
vn -0.951043308 -0.114112273 0.287219316
vn -0.95067513 0.127133608 0.282937795
vn 0.723401427 0.363900721 -0.586742342
vn 0.78655082 -0.181254983 -0.590325654
vn 0.723401845 -0.363900304 -0.586742282
vn 0.78655082 0.181254849 -0.590325713
vn 0.786550999 -0.590325415 -0.181255117
vn 0.723401606 0.586742163 -0.363900691
vn 0.723401904 -0.586741984 -0.363900661
vn 0.78655082 0.590325594 -0.181255162
vn 0.786550999 -0.590325415 0.181255117
vn 0.723401606 0.586742163 0.363900691
vn 0.723401904 -0.586741984 0.363900661
vn 0.78655082 0.590325594 0.181255162
vn 0.78655082 -0.181254983 0.590325654
vn 0.723401427 0.363900721 0.586742342
vn 0.723401845 -0.363900304 0.586742282
vn 0.78655082 0.181254849 0.590325713
vn 1 6.79540108E-06 1.45867998E-05
vn 1 6.28029966E-06 1.44732076E-05
vn 1 -1.95802409E-06 6.23487813E-06
vn 1 -1.8620284E-06 5.92920151E-06
vn 1 2.05158121E-05 4.9334385E-06
vn 1 6.23477217E-06 1.9580159E-06
vn 1 2.07077846E-05 4.32230945E-06
vn 1 5.92928518E-06 1.86207831E-06
vn 1 1.18581984E-05 -3.72406566E-06
vn 1 1.44732294E-05 1.01964488E-05
vn 1 1.24696153E-05 -3.91608091E-06
vn 1 1.45868162E-05 1.05196077E-05
vn 1 3.72404998E-06 1.18585231E-05
vn 1 1.21544299E-05 2.07083158E-05
vn 1 3.91607E-06 1.24699754E-05
vn 1 1.23817636E-05 2.05162687E-05
vn -1.45867998E-05 6.79540108E-06 1
vn -1.44732076E-05 6.28029966E-06 1
vn -6.23487813E-06 -1.95802409E-06 1
vn -5.92920151E-06 -1.8620284E-06 1
vn -4.9334385E-06 2.05158121E-05 1
vn -1.9580159E-06 6.23477217E-06 1
vn -4.32230945E-06 2.07077846E-05 1
vn -1.86207831E-06 5.92928518E-06 1
vn 3.72406566E-06 1.18581984E-05 1
vn -1.01964488E-05 1.44732294E-05 1
vn 3.91608091E-06 1.24696153E-05 1
vn -1.05196077E-05 1.45868162E-05 1
vn -1.18585231E-05 3.72404998E-06 1
vn -2.07083158E-05 1.21544299E-05 1
vn -1.24699754E-05 3.91607E-06 1
vn -2.05162687E-05 1.23817636E-05 1
g P_Cross_B_0
f 3/3/3 2/2/2 1/1/1
f 6/6/6 5/5/5 4/4/4
f 9/9/9 8/8/8 7/7/7
f 12/12/12 11/11/11 10/10/10
f 15/15/15 14/14/14 13/13/13
f 18/18/18 17/17/17 16/16/16
f 21/21/21 20/20/20 19/19/19
f 24/24/24 23/23/23 22/22/22
f 27/27/27 26/26/26 25/25/25
f 30/30/30 29/29/29 28/28/28
f 33/33/33 32/32/32 31/31/31
f 36/36/36 35/35/35 34/34/34
f 39/39/39 38/38/38 37/37/37
f 38/38/38 40/40/40 37/37/37
f 41/41/41 37/37/37 40/40/40
f 42/42/42 41/41/41 40/40/40
f 41/41/41 42/42/42 43/43/43
f 42/42/42 44/44/44 43/43/43
f 44/44/44 45/45/45 43/43/43
f 45/45/45 46/46/46 43/43/43
f 46/46/46 45/45/45 47/47/47
f 45/45/45 48/48/48 47/47/47
f 49/49/49 47/47/47 48/48/48
f 50/50/50 49/49/49 48/48/48
f 49/49/49 50/50/50 51/51/51
f 50/50/50 52/52/52 51/51/51
f 53/53/53 51/51/51 52/52/52
f 54/54/54 53/53/53 52/52/52
f 57/57/57 56/56/56 55/55/55
f 58/58/58 57/57/57 55/55/55
f 61/61/61 60/60/60 59/59/59
f 62/62/62 61/61/61 59/59/59
f 65/65/65 64/64/64 63/63/63
f 66/66/66 65/65/65 63/63/63
f 69/69/69 68/68/68 67/67/67
f 70/70/70 69/69/69 67/67/67
f 73/73/73 72/72/72 71/71/71
f 74/74/74 73/73/73 71/71/71
f 77/77/77 76/76/76 75/75/75
f 78/78/78 77/77/77 75/75/75
f 81/81/81 80/80/80 79/79/79
f 82/82/82 81/81/81 79/79/79
f 85/85/85 84/84/84 83/83/83
f 86/86/86 85/85/85 83/83/83
f 89/89/89 88/88/88 87/87/87
f 90/90/90 89/89/89 87/87/87
f 87/87/87 91/91/91 90/90/90
f 91/91/91 92/92/92 90/90/90
f 91/91/91 87/87/87 93/93/93
f 94/94/94 92/92/92 91/91/91
f 95/95/95 91/91/91 93/93/93
f 91/91/91 95/95/95 94/94/94
f 98/98/98 97/97/97 96/96/96
f 99/99/99 98/98/98 96/96/96
f 102/102/102 101/101/101 100/100/100
f 103/103/103 102/102/102 100/100/100
f 103/103/103 100/100/100 104/104/104
f 104/104/104 105/105/105 103/103/103
f 104/104/104 100/100/100 106/106/106
f 105/105/105 104/104/104 107/107/107
f 108/108/108 104/104/104 106/106/106
f 108/108/108 107/107/107 104/104/104
f 111/111/111 110/110/110 109/109/109
f 112/112/112 111/111/111 109/109/109
f 109/109/109 113/113/113 112/112/112
f 114/114/114 112/112/112 113/113/113
f 113/113/113 109/109/109 115/115/115
f 116/116/116 114/114/114 113/113/113
f 117/117/117 113/113/113 115/115/115
f 113/113/113 117/117/117 116/116/116
f 120/120/120 119/119/119 118/118/118
f 119/119/119 121/121/121 118/118/118
f 118/118/118 121/121/121 122/122/122
f 121/121/121 123/123/123 122/122/122
f 122/122/122 123/123/123 124/124/124
f 123/123/123 125/125/125 124/124/124
f 124/124/124 125/125/125 126/126/126
f 125/125/125 127/127/127 126/126/126
f 126/126/126 127/127/127 128/128/128
f 127/127/127 129/129/129 128/128/128
f 128/128/128 129/129/129 130/130/130
f 129/129/129 131/131/131 130/130/130
f 130/130/130 131/131/131 132/132/132
f 131/131/131 133/133/133 132/132/132
f 132/132/132 133/133/133 134/134/134
f 133/133/133 135/135/135 134/134/134
f 138/138/138 137/137/137 136/136/136
f 137/137/137 139/139/139 136/136/136
f 136/136/136 139/139/139 140/140/140
f 139/139/139 141/141/141 140/140/140
f 140/140/140 141/141/141 142/142/142
f 141/141/141 143/143/143 142/142/142
f 142/142/142 143/143/143 144/144/144
f 143/143/143 145/145/145 144/144/144
f 144/144/144 145/145/145 146/146/146
f 145/145/145 147/147/147 146/146/146
f 146/146/146 147/147/147 148/148/148
f 147/147/147 149/149/149 148/148/148
f 148/148/148 149/149/149 150/150/150
f 149/149/149 151/151/151 150/150/150
f 150/150/150 151/151/151 152/152/152
f 151/151/151 153/153/153 152/152/152
f 156/156/156 155/155/155 154/154/154
f 155/155/155 157/157/157 154/154/154
f 158/158/158 154/154/154 157/157/157
f 159/159/159 158/158/158 157/157/157
f 158/158/158 159/159/159 160/160/160
f 159/159/159 161/161/161 160/160/160
f 161/161/161 162/162/162 160/160/160
f 162/162/162 163/163/163 160/160/160
f 163/163/163 162/162/162 164/164/164
f 162/162/162 165/165/165 164/164/164
f 166/166/166 164/164/164 165/165/165
f 167/167/167 166/166/166 165/165/165
f 166/166/166 167/167/167 168/168/168
f 167/167/167 169/169/169 168/168/168
f 170/170/170 168/168/168 169/169/169
f 171/171/171 170/170/170 169/169/169
f 174/174/174 173/173/173 172/172/172
f 173/173/173 175/175/175 172/172/172
f 172/172/172 175/175/175 176/176/176
f 175/175/175 177/177/177 176/176/176
f 176/176/176 177/177/177 178/178/178
f 177/177/177 179/179/179 178/178/178
f 178/178/178 179/179/179 180/180/180
f 179/179/179 181/181/181 180/180/180
f 180/180/180 181/181/181 182/182/182
f 181/181/181 183/183/183 182/182/182
f 182/182/182 183/183/183 184/184/184
f 183/183/183 185/185/185 184/184/184
f 184/184/184 185/185/185 186/186/186
f 185/185/185 187/187/187 186/186/186
f 186/186/186 187/187/187 188/188/188
f 187/187/187 189/189/189 188/188/188
f 192/192/192 191/191/191 190/190/190
f 191/191/191 193/193/193 190/190/190
f 190/190/190 193/193/193 194/194/194
f 193/193/193 195/195/195 194/194/194
f 194/194/194 195/195/195 196/196/196
f 195/195/195 197/197/197 196/196/196
f 196/196/196 197/197/197 198/198/198
f 197/197/197 199/199/199 198/198/198
f 198/198/198 199/199/199 200/200/200
f 199/199/199 201/201/201 200/200/200
f 200/200/200 201/201/201 202/202/202
f 201/201/201 203/203/203 202/202/202
f 202/202/202 203/203/203 204/204/204
f 203/203/203 205/205/205 204/204/204
f 204/204/204 205/205/205 206/206/206
f 205/205/205 207/207/207 206/206/206
f 210/210/210 209/209/209 208/208/208
f 209/209/209 211/211/211 208/208/208
f 212/212/212 208/208/208 211/211/211
f 213/213/213 212/212/212 211/211/211
f 212/212/212 213/213/213 214/214/214
f 213/213/213 215/215/215 214/214/214
f 215/215/215 216/216/216 214/214/214
f 216/216/216 217/217/217 214/214/214
f 217/217/217 216/216/216 218/218/218
f 216/216/216 219/219/219 218/218/218
f 220/220/220 218/218/218 219/219/219
f 221/221/221 220/220/220 219/219/219
f 220/220/220 221/221/221 222/222/222
f 221/221/221 223/223/223 222/222/222
f 224/224/224 222/222/222 223/223/223
f 225/225/225 224/224/224 223/223/223
f 228/228/228 227/227/227 226/226/226
f 227/227/227 229/229/229 226/226/226
f 226/226/226 229/229/229 230/230/230
f 229/229/229 231/231/231 230/230/230
f 230/230/230 231/231/231 232/232/232
f 231/231/231 233/233/233 232/232/232
f 232/232/232 233/233/233 234/234/234
f 233/233/233 235/235/235 234/234/234
f 234/234/234 235/235/235 236/236/236
f 235/235/235 237/237/237 236/236/236
f 236/236/236 237/237/237 238/238/238
f 237/237/237 239/239/239 238/238/238
f 238/238/238 239/239/239 240/240/240
f 239/239/239 241/241/241 240/240/240
f 240/240/240 241/241/241 242/242/242
f 241/241/241 243/243/243 242/242/242
f 246/246/246 245/245/245 244/244/244
f 245/245/245 247/247/247 244/244/244
f 244/244/244 247/247/247 248/248/248
f 247/247/247 249/249/249 248/248/248
f 248/248/248 249/249/249 250/250/250
f 249/249/249 251/251/251 250/250/250
f 250/250/250 251/251/251 252/252/252
f 251/251/251 253/253/253 252/252/252
f 252/252/252 253/253/253 254/254/254
f 253/253/253 255/255/255 254/254/254
f 254/254/254 255/255/255 256/256/256
f 255/255/255 257/257/257 256/256/256
f 256/256/256 257/257/257 258/258/258
f 257/257/257 259/259/259 258/258/258
f 258/258/258 259/259/259 260/260/260
f 259/259/259 261/261/261 260/260/260
f 264/264/264 263/263/263 262/262/262
f 263/263/263 265/265/265 262/262/262
f 266/266/266 262/262/262 265/265/265
f 267/267/267 266/266/266 265/265/265
f 266/266/266 267/267/267 268/268/268
f 267/267/267 269/269/269 268/268/268
f 269/269/269 270/270/270 268/268/268
f 270/270/270 271/271/271 268/268/268
f 271/271/271 270/270/270 272/272/272
f 270/270/270 273/273/273 272/272/272
f 274/274/274 272/272/272 273/273/273
f 275/275/275 274/274/274 273/273/273
f 274/274/274 275/275/275 276/276/276
f 275/275/275 277/277/277 276/276/276
f 278/278/278 276/276/276 277/277/277
f 279/279/279 278/278/278 277/277/277
f 282/282/282 281/281/281 280/280/280
f 281/281/281 283/283/283 280/280/280
f 280/280/280 283/283/283 284/284/284
f 283/283/283 285/285/285 284/284/284
f 284/284/284 285/285/285 286/286/286
f 285/285/285 287/287/287 286/286/286
f 286/286/286 287/287/287 288/288/288
f 287/287/287 289/289/289 288/288/288
f 288/288/288 289/289/289 290/290/290
f 289/289/289 291/291/291 290/290/290
f 290/290/290 291/291/291 292/292/292
f 291/291/291 293/293/293 292/292/292
f 292/292/292 293/293/293 294/294/294
f 293/293/293 295/295/295 294/294/294
f 294/294/294 295/295/295 296/296/296
f 295/295/295 297/297/297 296/296/296
f 300/300/300 299/299/299 298/298/298
f 299/299/299 301/301/301 298/298/298
f 298/298/298 301/301/301 302/302/302
f 301/301/301 303/303/303 302/302/302
f 302/302/302 303/303/303 304/304/304
f 303/303/303 305/305/305 304/304/304
f 304/304/304 305/305/305 306/306/306
f 305/305/305 307/307/307 306/306/306
f 306/306/306 307/307/307 308/308/308
f 307/307/307 309/309/309 308/308/308
f 308/308/308 309/309/309 310/310/310
f 309/309/309 311/311/311 310/310/310
f 310/310/310 311/311/311 312/312/312
f 311/311/311 313/313/313 312/312/312
f 312/312/312 313/313/313 314/314/314
f 313/313/313 315/315/315 314/314/314
f 318/318/318 317/317/317 316/316/316
f 317/317/317 319/319/319 316/316/316
f 320/320/320 316/316/316 319/319/319
f 321/321/321 320/320/320 319/319/319
f 320/320/320 321/321/321 322/322/322
f 321/321/321 323/323/323 322/322/322
f 323/323/323 324/324/324 322/322/322
f 324/324/324 325/325/325 322/322/322
f 325/325/325 324/324/324 326/326/326
f 324/324/324 327/327/327 326/326/326
f 328/328/328 326/326/326 327/327/327
f 329/329/329 328/328/328 327/327/327
f 328/328/328 329/329/329 330/330/330
f 329/329/329 331/331/331 330/330/330
f 332/332/332 330/330/330 331/331/331
f 333/333/333 332/332/332 331/331/331
f 336/336/336 335/335/335 334/334/334
f 335/335/335 337/337/337 334/334/334
f 334/334/334 337/337/337 338/338/338
f 337/337/337 339/339/339 338/338/338
f 338/338/338 339/339/339 340/340/340
f 339/339/339 341/341/341 340/340/340
f 340/340/340 341/341/341 342/342/342
f 341/341/341 343/343/343 342/342/342
f 342/342/342 343/343/343 344/344/344
f 343/343/343 345/345/345 344/344/344
f 344/344/344 345/345/345 346/346/346
f 345/345/345 347/347/347 346/346/346
f 346/346/346 347/347/347 348/348/348
f 347/347/347 349/349/349 348/348/348
f 348/348/348 349/349/349 350/350/350
f 349/349/349 351/351/351 350/350/350
f 354/354/354 353/353/353 352/352/352
f 353/353/353 355/355/355 352/352/352
f 352/352/352 355/355/355 356/356/356
f 355/355/355 357/357/357 356/356/356
f 356/356/356 357/357/357 358/358/358
f 357/357/357 359/359/359 358/358/358
f 358/358/358 359/359/359 360/360/360
f 359/359/359 361/361/361 360/360/360
f 360/360/360 361/361/361 362/362/362
f 361/361/361 363/363/363 362/362/362
f 362/362/362 363/363/363 364/364/364
f 363/363/363 365/365/365 364/364/364
f 364/364/364 365/365/365 366/366/366
f 365/365/365 367/367/367 366/366/366
f 370/370/370 369/369/369 368/368/368
f 371/371/371 370/370/370 368/368/368
f 374/374/374 373/373/373 372/372/372
f 373/373/373 375/375/375 372/372/372
f 372/372/372 375/375/375 376/376/376
f 375/375/375 377/377/377 376/376/376
f 376/376/376 377/377/377 378/378/378
f 377/377/377 379/379/379 378/378/378
f 378/378/378 379/379/379 380/380/380
f 379/379/379 381/381/381 380/380/380
f 380/380/380 381/381/381 382/382/382
f 381/381/381 383/383/383 382/382/382
f 382/382/382 383/383/383 384/384/384
f 383/383/383 385/385/385 384/384/384
f 384/384/384 385/385/385 386/386/386
f 385/385/385 387/387/387 386/386/386
f 386/386/386 387/387/387 388/388/388
f 387/387/387 389/389/389 388/388/388
f 392/392/392 391/391/391 390/390/390
f 393/393/393 392/392/392 390/390/390
f 396/396/396 395/395/395 394/394/394
f 395/395/395 397/397/397 394/394/394
f 397/397/397 398/398/398 394/394/394
f 398/398/398 399/399/399 394/394/394
f 400/400/400 399/399/399 398/398/398
f 401/401/401 400/400/400 398/398/398
f 404/404/404 403/403/403 402/402/402
f 405/405/405 404/404/404 402/402/402
f 408/408/408 407/407/407 406/406/406
f 409/409/409 408/408/408 406/406/406
f 412/412/412 411/411/411 410/410/410
f 413/413/413 412/412/412 410/410/410
f 416/416/416 415/415/415 414/414/414
f 417/417/417 416/416/416 414/414/414
f 420/420/420 419/419/419 418/418/418
f 419/419/419 421/421/421 418/418/418
f 419/419/419 422/422/422 421/421/421
f 422/422/422 423/423/423 421/421/421
f 422/422/422 424/424/424 423/423/423
f 424/424/424 425/425/425 423/423/423
f 428/428/428 427/427/427 426/426/426
f 429/429/429 428/428/428 426/426/426
f 432/432/432 431/431/431 430/430/430
f 433/433/433 432/432/432 430/430/430
f 433/433/433 430/430/430 434/434/434
f 435/435/435 433/433/433 434/434/434
f 435/435/435 434/434/434 436/436/436
f 437/437/437 435/435/435 436/436/436
f 440/440/440 439/439/439 438/438/438
f 441/441/441 440/440/440 438/438/438
f 444/444/444 443/443/443 442/442/442
f 443/443/443 445/445/445 442/442/442
f 443/443/443 446/446/446 445/445/445
f 446/446/446 447/447/447 445/445/445
f 446/446/446 448/448/448 447/447/447
f 448/448/448 449/449/449 447/447/447
f 452/452/452 451/451/451 450/450/450
f 453/453/453 452/452/452 450/450/450
f 456/456/456 455/455/455 454/454/454
f 457/457/457 456/456/456 454/454/454
f 457/457/457 454/454/454 458/458/458
f 459/459/459 457/457/457 458/458/458
f 459/459/459 458/458/458 460/460/460
f 461/461/461 459/459/459 460/460/460
f 464/464/464 463/463/463 462/462/462
f 465/465/465 464/464/464 462/462/462
f 468/468/468 467/467/467 466/466/466
f 469/469/469 468/468/468 466/466/466
f 470/470/470 468/468/468 469/469/469
f 471/471/471 470/470/470 469/469/469
f 474/474/474 473/473/473 472/472/472
f 475/475/475 474/474/474 472/472/472
f 478/478/478 477/477/477 476/476/476
f 479/479/479 478/478/478 476/476/476
f 482/482/482 481/481/481 480/480/480
f 481/481/481 483/483/483 480/480/480
f 480/480/480 483/483/483 484/484/484
f 483/483/483 485/485/485 484/484/484
f 484/484/484 485/485/485 486/486/486
f 485/485/485 487/487/487 486/486/486
f 490/490/490 489/489/489 488/488/488
f 491/491/491 490/490/490 488/488/488
f 494/494/494 493/493/493 492/492/492
f 495/495/495 494/494/494 492/492/492
f 496/496/496 494/494/494 495/495/495
f 497/497/497 496/496/496 495/495/495
f 498/498/498 496/496/496 497/497/497
f 499/499/499 498/498/498 497/497/497
f 502/502/502 501/501/501 500/500/500
f 503/503/503 502/502/502 500/500/500
f 506/506/506 505/505/505 504/504/504
f 505/505/505 507/507/507 504/504/504
f 504/504/504 507/507/507 508/508/508
f 507/507/507 509/509/509 508/508/508
f 508/508/508 509/509/509 510/510/510
f 509/509/509 511/511/511 510/510/510
f 514/514/514 513/513/513 512/512/512
f 515/515/515 514/514/514 512/512/512
f 518/518/518 517/517/517 516/516/516
f 517/517/517 519/519/519 516/516/516
f 517/517/517 520/520/520 519/519/519
f 520/520/520 521/521/521 519/519/519
f 520/520/520 522/522/522 521/521/521
f 522/522/522 523/523/523 521/521/521
f 526/526/526 525/525/525 524/524/524
f 527/527/527 526/526/526 524/524/524
f 530/530/530 529/529/529 528/528/528
f 531/531/531 530/530/530 528/528/528
f 531/531/531 528/528/528 532/532/532
f 533/533/533 531/531/531 532/532/532
f 533/533/533 532/532/532 534/534/534
f 535/535/535 533/533/533 534/534/534
f 538/538/538 537/537/537 536/536/536
f 539/539/539 538/538/538 536/536/536
f 542/542/542 541/541/541 540/540/540
f 541/541/541 543/543/543 540/540/540
f 541/541/541 544/544/544 543/543/543
f 544/544/544 545/545/545 543/543/543
f 544/544/544 546/546/546 545/545/545
f 546/546/546 547/547/547 545/545/545
f 550/550/550 549/549/549 548/548/548
f 551/551/551 550/550/550 548/548/548
f 554/554/554 553/553/553 552/552/552
f 555/555/555 554/554/554 552/552/552
f 555/555/555 552/552/552 556/556/556
f 557/557/557 555/555/555 556/556/556
f 557/557/557 556/556/556 558/558/558
f 559/559/559 557/557/557 558/558/558
f 562/562/562 561/561/561 560/560/560
f 563/563/563 562/562/562 560/560/560
f 566/566/566 565/565/565 564/564/564
f 567/567/567 566/566/566 564/564/564
f 568/568/568 566/566/566 567/567/567
f 569/569/569 568/568/568 567/567/567
f 572/572/572 571/571/571 570/570/570
f 573/573/573 572/572/572 570/570/570
f 576/576/576 575/575/575 574/574/574
f 577/577/577 576/576/576 574/574/574
f 580/580/580 579/579/579 578/578/578
f 579/579/579 581/581/581 578/578/578
f 578/578/578 581/581/581 582/582/582
f 581/581/581 583/583/583 582/582/582
f 582/582/582 583/583/583 584/584/584
f 583/583/583 585/585/585 584/584/584
f 588/588/588 587/587/587 586/586/586
f 589/589/589 588/588/588 586/586/586
f 592/592/592 591/591/591 590/590/590
f 593/593/593 592/592/592 590/590/590
f 594/594/594 592/592/592 593/593/593
f 595/595/595 594/594/594 593/593/593
f 596/596/596 594/594/594 595/595/595
f 597/597/597 596/596/596 595/595/595
f 600/600/600 599/599/599 598/598/598
f 601/601/601 600/600/600 598/598/598
f 604/604/604 603/603/603 602/602/602
f 603/603/603 605/605/605 602/602/602
f 602/602/602 605/605/605 606/606/606
f 605/605/605 607/607/607 606/606/606
f 606/606/606 607/607/607 608/608/608
f 607/607/607 609/609/609 608/608/608
f 612/612/612 611/611/611 610/610/610
f 613/613/613 612/612/612 610/610/610
f 616/616/616 615/615/615 614/614/614
f 614/614/614 615/615/615 617/617/617
f 614/614/614 618/618/618 616/616/616
f 619/619/619 614/614/614 617/617/617
f 618/618/618 614/614/614 620/620/620
f 619/619/619 620/620/620 614/614/614
f 623/623/623 622/622/622 621/621/621
f 621/621/621 624/624/624 623/623/623
f 622/622/622 623/623/623 625/625/625
f 623/623/623 624/624/624 626/626/626
f 623/623/623 627/627/627 625/625/625
f 623/623/623 626/626/626 627/627/627
f 630/630/630 629/629/629 628/628/628
f 631/631/631 630/630/630 628/628/628
f 629/629/629 630/630/630 632/632/632
f 630/630/630 631/631/631 633/633/633
f 630/630/630 634/634/634 632/632/632
f 633/633/633 634/634/634 630/630/630
f 637/637/637 636/636/636 635/635/635
f 635/635/635 636/636/636 638/638/638
f 635/635/635 639/639/639 637/637/637
f 640/640/640 635/635/635 638/638/638
f 639/639/639 635/635/635 641/641/641
f 635/635/635 640/640/640 641/641/641
f 644/644/644 643/643/643 642/642/642
f 644/644/644 642/642/642 645/645/645
f 646/646/646 643/643/643 644/644/644
f 644/644/644 645/645/645 647/647/647
f 644/644/644 648/648/648 646/646/646
f 648/648/648 644/644/644 647/647/647
f 651/651/651 650/650/650 649/649/649
f 650/650/650 652/652/652 649/649/649
f 653/653/653 650/650/650 651/651/651
f 649/649/649 652/652/652 654/654/654
f 655/655/655 653/653/653 651/651/651
f 652/652/652 656/656/656 654/654/654
f 657/657/657 653/653/653 655/655/655
f 654/654/654 656/656/656 658/658/658
f 659/659/659 657/657/657 655/655/655
f 656/656/656 660/660/660 658/658/658
f 661/661/661 657/657/657 659/659/659
f 658/658/658 660/660/660 662/662/662
f 663/663/663 661/661/661 659/659/659
f 660/660/660 664/664/664 662/662/662
f 664/664/664 661/661/661 663/663/663
f 662/662/662 664/664/664 663/663/663
f 667/667/667 666/666/666 665/665/665
f 666/666/666 668/668/668 665/665/665
f 669/669/669 666/666/666 667/667/667
f 665/665/665 668/668/668 670/670/670
f 671/671/671 669/669/669 667/667/667
f 668/668/668 672/672/672 670/670/670
f 673/673/673 669/669/669 671/671/671
f 670/670/670 672/672/672 674/674/674
f 675/675/675 673/673/673 671/671/671
f 672/672/672 676/676/676 674/674/674
f 677/677/677 673/673/673 675/675/675
f 674/674/674 676/676/676 678/678/678
f 679/679/679 677/677/677 675/675/675
f 676/676/676 680/680/680 678/678/678
f 680/680/680 677/677/677 679/679/679
f 678/678/678 680/680/680 679/679/679
f 683/683/683 682/682/682 681/681/681
f 682/682/682 684/684/684 681/681/681
f 685/685/685 682/682/682 683/683/683
f 681/681/681 684/684/684 686/686/686
f 687/687/687 685/685/685 683/683/683
f 684/684/684 688/688/688 686/686/686
f 689/689/689 685/685/685 687/687/687
f 686/686/686 688/688/688 690/690/690
f 691/691/691 689/689/689 687/687/687
f 688/688/688 692/692/692 690/690/690
f 693/693/693 689/689/689 691/691/691
f 690/690/690 692/692/692 694/694/694
f 695/695/695 693/693/693 691/691/691
f 692/692/692 696/696/696 694/694/694
f 696/696/696 693/693/693 695/695/695
f 694/694/694 696/696/696 695/695/695
f 699/699/699 698/698/698 697/697/697
f 698/698/698 700/700/700 697/697/697
f 701/701/701 698/698/698 699/699/699
f 697/697/697 700/700/700 702/702/702
f 703/703/703 701/701/701 699/699/699
f 700/700/700 704/704/704 702/702/702
f 705/705/705 701/701/701 703/703/703
f 702/702/702 704/704/704 706/706/706
f 707/707/707 705/705/705 703/703/703
f 704/704/704 708/708/708 706/706/706
f 709/709/709 705/705/705 707/707/707
f 706/706/706 708/708/708 710/710/710
f 711/711/711 709/709/709 707/707/707
f 708/708/708 712/712/712 710/710/710
f 712/712/712 709/709/709 711/711/711
f 710/710/710 712/712/712 711/711/711
f 715/715/715 714/714/714 713/713/713
f 714/714/714 716/716/716 713/713/713
f 717/717/717 714/714/714 715/715/715
f 713/713/713 716/716/716 718/718/718
f 719/719/719 717/717/717 715/715/715
f 716/716/716 720/720/720 718/718/718
f 721/721/721 717/717/717 719/719/719
f 718/718/718 720/720/720 722/722/722
f 723/723/723 721/721/721 719/719/719
f 720/720/720 724/724/724 722/722/722
f 725/725/725 721/721/721 723/723/723
f 722/722/722 724/724/724 726/726/726
f 727/727/727 725/725/725 723/723/723
f 724/724/724 728/728/728 726/726/726
f 728/728/728 725/725/725 727/727/727
f 726/726/726 728/728/728 727/727/727
f 731/731/731 730/730/730 729/729/729
f 730/730/730 732/732/732 729/729/729
f 733/733/733 730/730/730 731/731/731
f 729/729/729 732/732/732 734/734/734
f 735/735/735 733/733/733 731/731/731
f 732/732/732 736/736/736 734/734/734
f 737/737/737 733/733/733 735/735/735
f 734/734/734 736/736/736 738/738/738
f 739/739/739 737/737/737 735/735/735
f 736/736/736 740/740/740 738/738/738
f 741/741/741 737/737/737 739/739/739
f 738/738/738 740/740/740 742/742/742
f 743/743/743 741/741/741 739/739/739
f 740/740/740 744/744/744 742/742/742
f 744/744/744 741/741/741 743/743/743
f 742/742/742 744/744/744 743/743/743
f 747/747/747 746/746/746 745/745/745
f 746/746/746 748/748/748 745/745/745
f 749/749/749 746/746/746 747/747/747
f 745/745/745 748/748/748 750/750/750
f 751/751/751 749/749/749 747/747/747
f 748/748/748 752/752/752 750/750/750
f 753/753/753 749/749/749 751/751/751
f 750/750/750 752/752/752 754/754/754
f 755/755/755 753/753/753 751/751/751
f 752/752/752 756/756/756 754/754/754
f 757/757/757 753/753/753 755/755/755
f 754/754/754 756/756/756 758/758/758
f 759/759/759 757/757/757 755/755/755
f 756/756/756 760/760/760 758/758/758
f 760/760/760 757/757/757 759/759/759
f 758/758/758 760/760/760 759/759/759
f 763/763/763 762/762/762 761/761/761
f 762/762/762 764/764/764 761/761/761
f 765/765/765 762/762/762 763/763/763
f 761/761/761 764/764/764 766/766/766
f 767/767/767 765/765/765 763/763/763
f 764/764/764 768/768/768 766/766/766
f 769/769/769 765/765/765 767/767/767
f 766/766/766 768/768/768 770/770/770
f 771/771/771 769/769/769 767/767/767
f 768/768/768 772/772/772 770/770/770
f 773/773/773 769/769/769 771/771/771
f 770/770/770 772/772/772 774/774/774
f 775/775/775 773/773/773 771/771/771
f 772/772/772 776/776/776 774/774/774
f 776/776/776 773/773/773 775/775/775
f 774/774/774 776/776/776 775/775/775
f 779/779/779 778/778/778 777/777/777
f 778/778/778 780/780/780 777/777/777
f 781/781/781 778/778/778 779/779/779
f 777/777/777 780/780/780 782/782/782
f 783/783/783 781/781/781 779/779/779
f 780/780/780 784/784/784 782/782/782
f 785/785/785 781/781/781 783/783/783
f 782/782/782 784/784/784 786/786/786
f 787/787/787 785/785/785 783/783/783
f 784/784/784 788/788/788 786/786/786
f 789/789/789 785/785/785 787/787/787
f 786/786/786 788/788/788 790/790/790
f 791/791/791 789/789/789 787/787/787
f 788/788/788 792/792/792 790/790/790
f 792/792/792 789/789/789 791/791/791
f 790/790/790 792/792/792 791/791/791
f 795/795/795 794/794/794 793/793/793
f 794/794/794 796/796/796 793/793/793
f 797/797/797 794/794/794 795/795/795
f 793/793/793 796/796/796 798/798/798
f 799/799/799 797/797/797 795/795/795
f 796/796/796 800/800/800 798/798/798
f 801/801/801 797/797/797 799/799/799
f 798/798/798 800/800/800 802/802/802
f 803/803/803 801/801/801 799/799/799
f 800/800/800 804/804/804 802/802/802
f 805/805/805 801/801/801 803/803/803
f 802/802/802 804/804/804 806/806/806
f 807/807/807 805/805/805 803/803/803
f 804/804/804 808/808/808 806/806/806
f 808/808/808 805/805/805 807/807/807
f 806/806/806 808/808/808 807/807/807
f 811/811/811 810/810/810 809/809/809
f 810/810/810 812/812/812 809/809/809
f 813/813/813 810/810/810 811/811/811
f 809/809/809 812/812/812 814/814/814
f 815/815/815 813/813/813 811/811/811
f 812/812/812 816/816/816 814/814/814
f 817/817/817 813/813/813 815/815/815
f 814/814/814 816/816/816 818/818/818
f 819/819/819 817/817/817 815/815/815
f 816/816/816 820/820/820 818/818/818
f 821/821/821 817/817/817 819/819/819
f 818/818/818 820/820/820 822/822/822
f 823/823/823 821/821/821 819/819/819
f 820/820/820 824/824/824 822/822/822
f 824/824/824 821/821/821 823/823/823
f 822/822/822 824/824/824 823/823/823
f 827/827/827 826/826/826 825/825/825
f 828/828/828 827/827/827 825/825/825
f 825/825/825 826/826/826 829/829/829
f 830/830/830 827/827/827 828/828/828
f 826/826/826 831/831/831 829/829/829
f 832/832/832 830/830/830 828/828/828
f 829/829/829 831/831/831 833/833/833
f 834/834/834 830/830/830 832/832/832
f 831/831/831 835/835/835 833/833/833
f 836/836/836 834/834/834 832/832/832
f 833/833/833 835/835/835 837/837/837
f 838/838/838 834/834/834 836/836/836
f 835/835/835 839/839/839 837/837/837
f 840/840/840 838/838/838 836/836/836
f 837/837/837 839/839/839 840/840/840
f 839/839/839 838/838/838 840/840/840
f 843/843/843 842/842/842 841/841/841
f 844/844/844 843/843/843 841/841/841
f 841/841/841 842/842/842 845/845/845
f 846/846/846 843/843/843 844/844/844
f 842/842/842 847/847/847 845/845/845
f 848/848/848 846/846/846 844/844/844
f 845/845/845 847/847/847 849/849/849
f 850/850/850 846/846/846 848/848/848
f 847/847/847 851/851/851 849/849/849
f 852/852/852 850/850/850 848/848/848
f 849/849/849 851/851/851 853/853/853
f 854/854/854 850/850/850 852/852/852
f 851/851/851 855/855/855 853/853/853
f 856/856/856 854/854/854 852/852/852
f 853/853/853 855/855/855 856/856/856
f 855/855/855 854/854/854 856/856/856
