g P_Cross_PlusUp_B
v 0.0872028619 -0.329514772 0.0872035027
v 0.0476928689 -0.369024843 0.087203294
v 0.0872036368 -0.369024962 0.0476936884
v 0.0476928689 -0.19461973 0.0872033015
v 0.0872028619 -0.234129861 0.0872034878
v 0.0872036368 -0.19461982 0.0476936996
v -0.0872021839 -0.234129742 0.087203294
v -0.0476921946 -0.19461973 0.0872033015
v -0.087201409 -0.194619626 0.0476934984
v -0.0476921946 -0.369024843 0.087203294
v -0.0872021839 -0.329514682 0.087203294
v -0.087201409 -0.369024754 0.0476934984
v -0.0872021839 -0.329514563 -0.0872018412
v -0.0476918072 -0.369024962 -0.0872018412
v -0.087201409 -0.369024754 -0.0476913713
v -0.0476920009 -0.19461979 -0.0872018412
v -0.0872021839 -0.234129742 -0.0872018412
v -0.087201409 -0.194619626 -0.0476913713
v 0.0872030631 -0.234129861 -0.0872016475
v 0.0476928689 -0.19461979 -0.0872018412
v 0.0872036368 -0.19461982 -0.0476911776
v 0.0476928689 -0.369024962 -0.0872018412
v 0.0872030631 -0.329514772 -0.0872016475
v 0.0872036368 -0.369024962 -0.0476911739
v -0.138424054 -0.2056458 -0.11249914
v -0.169185564 -0.357998759 -0.11249914
v -0.138424054 -0.357998759 -0.11249914
v -0.169185564 -0.2056458 -0.11249914
v -0.138424054 -0.169322312 -0.0761756748
v -0.169185564 -0.169322312 -0.0761756748
v -0.138424054 -0.169322312 0.0761774257
v -0.169185564 -0.169322312 0.0761774257
v -0.169185564 -0.2056458 0.112500884
v -0.138424054 -0.2056458 0.112500884
v -0.138424054 -0.357998788 0.112500876
v -0.169185564 -0.357998788 0.112500876
v -0.138424054 -0.394322336 0.0761774257
v -0.169185564 -0.394322336 0.0761774257
v -0.138424054 -0.394322336 -0.0761756748
v -0.169185564 -0.394322336 -0.0761756748
v -0.138424054 -0.357998759 -0.11249914
v -0.169185564 -0.357998759 -0.11249914
v -0.112499088 -0.420247406 0.0761774257
v -0.112499088 -0.420247406 -0.0761756748
v -0.138424054 -0.394322336 -0.0761756748
v -0.138424054 -0.394322336 0.0761774257
v -0.0761753395 -0.420247406 -0.11249914
v 0.0761773735 -0.420247406 -0.11249914
v 0.0761765987 -0.394322276 -0.138424441
v -0.0761765018 -0.394322276 -0.138424441
v 0.112501122 -0.420247406 -0.0761756748
v 0.112501122 -0.420247406 0.0761774257
v 0.138425902 -0.394322246 0.0761776119
v 0.138425902 -0.394322246 -0.0761754811
v 0.0761773735 -0.420247406 0.112500876
v -0.0761753395 -0.420247406 0.112500876
v -0.0761766955 -0.394322336 0.138425559
v 0.0761762112 -0.394322336 0.138425559
v -0.0761755332 -0.143397331 0.112500884
v 0.0761773735 -0.143397331 0.112500884
v 0.0761762112 -0.169322312 0.138425559
v -0.0761761144 -0.169322312 0.138425753
v 0.112500936 -0.143397331 0.0761774257
v 0.112500936 -0.143397331 -0.0761756748
v 0.138425902 -0.169322222 -0.0761754811
v 0.138425902 -0.169322222 0.0761776119
v 0.0761773735 -0.143397331 -0.11249914
v -0.0761755332 -0.143397331 -0.11249914
v -0.0761765018 -0.169322222 -0.138424456
v 0.0761765987 -0.169322222 -0.138424456
v -0.112499088 -0.143397331 -0.0761756748
v -0.112499088 -0.143397331 0.0761774257
v -0.138424054 -0.169322312 0.0761774257
v -0.138424054 -0.169322312 -0.0761756748
v 0.138425902 -0.20564574 0.112501077
v 0.138425902 -0.357998699 0.112501085
v 0.11249996 -0.357998788 0.138425559
v 0.11249996 -0.2056458 0.138425574
v 0.100393333 -0.181430161 0.100393102
v 0.0761762112 -0.169322312 0.138425559
v 0.138425902 -0.169322222 0.0761776119
v 0.0761773735 -0.143397331 0.112500884
v 0.112500936 -0.143397331 0.0761774257
v -0.138424054 -0.357998788 0.112500876
v -0.138424054 -0.2056458 0.112500884
v -0.112500258 -0.2056458 0.138425574
v -0.112500258 -0.357998788 0.138425559
v 0.138425902 -0.357998699 -0.112498946
v 0.138425902 -0.20564574 -0.112498946
v 0.11249996 -0.205645785 -0.138424397
v 0.11249996 -0.357998639 -0.138424441
v 0.100393333 -0.382214576 -0.100391299
v 0.0761765987 -0.394322276 -0.138424441
v 0.138425902 -0.394322246 -0.0761754811
v 0.0761773735 -0.420247406 -0.11249914
v 0.112501122 -0.420247406 -0.0761756748
v -0.138424054 -0.2056458 -0.11249914
v -0.138424054 -0.357998759 -0.11249914
v -0.112500057 -0.357998639 -0.138424441
v -0.112500057 -0.20564574 -0.138424456
v -0.100391112 -0.181430146 -0.100391299
v -0.0761765018 -0.169322222 -0.138424456
v -0.138424054 -0.169322312 -0.0761756748
v -0.0761755332 -0.143397331 -0.11249914
v -0.112499088 -0.143397331 -0.0761756748
v -0.188880071 -0.211902618 -0.140661269
v -0.218176156 -0.351155877 -0.139482662
v -0.188880071 -0.35174197 -0.140661269
v -0.218176156 -0.212488011 -0.139482662
v -0.188880071 -0.141160205 -0.0699188858
v -0.218176156 -0.142338261 -0.0693328828
v -0.188880071 -0.141160205 0.0699206367
v -0.218176156 -0.142338261 0.0693350136
v -0.188880071 -0.211902618 0.140663013
v -0.218176156 -0.212488011 0.139484793
v -0.188880071 -0.351741999 0.140663013
v -0.218176156 -0.351155877 0.139484808
v -0.188880071 -0.422484457 0.0699206367
v -0.218176156 -0.421305567 0.0693349987
v -0.188880071 -0.422484457 -0.0699188858
v -0.218176156 -0.421305567 -0.0693328753
v -0.188880071 -0.35174197 -0.140661269
v -0.218176156 -0.351155877 -0.139482662
v -0.228530198 -0.390879691 -0.059621267
v -0.087201409 -0.369024754 0.0476934984
v -0.228530198 -0.39087975 0.0596232973
v -0.087201409 -0.369024754 -0.0476913713
v -0.228530198 -0.341444075 -0.10905686
v -0.0872021839 -0.329514563 -0.0872018412
v -0.228530198 -0.222199678 -0.10905686
v -0.0872021839 -0.234129742 -0.0872018412
v -0.228530198 -0.172764063 -0.0596211664
v -0.087201409 -0.194619626 -0.0476913713
v -0.228530198 -0.172764048 0.0596232973
v -0.087201409 -0.194619626 0.0476934984
v -0.228530198 -0.222199708 0.109058946
v -0.0872021839 -0.234129742 0.087203294
v -0.228530198 -0.341444075 0.109058946
v -0.0872021839 -0.329514682 0.087203294
v -0.228530198 -0.39087975 0.0596232973
v -0.087201409 -0.369024754 0.0476934984
v 0.0761773735 -0.143397331 -0.11249914
v -0.0761755332 -0.112635814 -0.11249914
v -0.0761755332 -0.143397331 -0.11249914
v 0.0761773735 -0.112635814 -0.11249914
v 0.112500936 -0.143397331 -0.0761756748
v 0.112500936 -0.112635814 -0.0761756748
v 0.112500936 -0.143397331 0.0761774257
v 0.112500936 -0.112635814 0.0761774257
v 0.0761773735 -0.112635799 0.112500884
v 0.0761773735 -0.143397331 0.112500884
v -0.0761755332 -0.143397331 0.112500884
v -0.0761755332 -0.112635799 0.112500884
v -0.112499088 -0.143397331 0.0761774257
v -0.112499088 -0.112635814 0.0761774257
v -0.112499088 -0.143397331 -0.0761756748
v -0.112499088 -0.112635814 -0.0761756748
v -0.0761755332 -0.143397331 -0.11249914
v -0.0761755332 -0.112635814 -0.11249914
v 0.0699205846 -0.0929412693 -0.140661269
v -0.0693327338 -0.0636451915 -0.139482662
v -0.0699187443 -0.0929412693 -0.140661269
v 0.0693351552 -0.0636451915 -0.139482662
v 0.140662968 -0.0929412693 -0.0699188858
v 0.139484942 -0.0636451915 -0.0693328828
v 0.140662968 -0.0929412693 0.0699206367
v 0.139484942 -0.0636451915 0.0693350136
v 0.0699205846 -0.0929412693 0.140663013
v 0.0693351552 -0.0636451915 0.139484808
v -0.0699187443 -0.0929412693 0.140663013
v -0.0693327338 -0.0636451915 0.139484808
v -0.140661329 -0.0929412693 0.0699206367
v -0.139482319 -0.0636451915 0.0693350136
v -0.140661329 -0.0929412693 -0.0699188858
v -0.139482319 -0.0636451915 -0.0693328828
v -0.0699187443 -0.0929412693 -0.140661269
v -0.0693327338 -0.0636451915 -0.139482662
v -0.109056473 -0.0532911755 -0.059621267
v -0.087201409 -0.194619626 0.0476934984
v -0.109056473 -0.0532911755 0.0596232973
v -0.087201409 -0.194619626 -0.0476913713
v -0.0596209243 -0.0532911755 -0.10905686
v -0.0476920009 -0.19461979 -0.0872018412
v 0.0596235394 -0.0532911755 -0.10905686
v 0.0476928689 -0.19461979 -0.0872018412
v 0.10905908 -0.0532911755 -0.0596211664
v 0.0872036368 -0.19461982 -0.0476911776
v 0.10905908 -0.0532911755 0.0596232973
v 0.0872036368 -0.19461982 0.0476936996
v 0.0596235394 -0.0532911755 0.109058939
v 0.0476928689 -0.19461973 0.0872033015
v -0.0596209243 -0.0532911755 0.109058939
v -0.0476921946 -0.19461973 0.0872033015
v -0.109056473 -0.0532911755 0.0596232973
v -0.087201409 -0.194619626 0.0476934984
v 0.138425902 -0.357998699 -0.112498946
v 0.169187397 -0.205645666 -0.112498745
v 0.138425902 -0.20564574 -0.112498946
v 0.169187397 -0.35799858 -0.112498745
v 0.138425902 -0.394322246 -0.0761754811
v 0.169187397 -0.394322157 -0.0761752948
v 0.138425902 -0.394322246 0.0761776119
v 0.169187397 -0.394322157 0.0761778057
v 0.169187397 -0.35799858 0.112501279
v 0.138425902 -0.357998699 0.112501085
v 0.138425902 -0.20564574 0.112501077
v 0.169187397 -0.205645666 0.112501279
v 0.138425902 -0.169322222 0.0761776119
v 0.169187397 -0.169322118 0.0761778057
v 0.138425902 -0.169322222 -0.0761754811
v 0.169187397 -0.169322118 -0.0761752948
v 0.138425902 -0.20564574 -0.112498946
v 0.169187397 -0.205645666 -0.112498745
v 0.188881934 -0.351741791 -0.140660882
v 0.218178019 -0.212488472 -0.139482275
v 0.188881934 -0.211902454 -0.140660897
v 0.218178019 -0.351156384 -0.139482275
v 0.188881934 -0.422484189 -0.0699184984
v 0.218178019 -0.421306133 -0.0693324953
v 0.188881934 -0.422484189 0.0699210167
v 0.218178019 -0.421306133 0.0693354011
v 0.188881934 -0.351741791 0.140663415
v 0.218178019 -0.351156384 0.13948518
v 0.188881934 -0.211902454 0.140663415
v 0.218178019 -0.212488472 0.13948518
v 0.188881934 -0.141159877 0.0699210241
v 0.218178019 -0.142338887 0.0693354011
v 0.188881934 -0.141159892 -0.0699185058
v 0.218178019 -0.142338887 -0.0693324953
v 0.188881934 -0.211902454 -0.140660897
v 0.218178019 -0.212488472 -0.139482275
v 0.228532016 -0.172764733 -0.0596208759
v 0.0872036368 -0.19461982 0.0476936996
v 0.228532016 -0.172764733 0.0596236885
v 0.0872036368 -0.19461982 -0.0476911776
v 0.228532016 -0.222200289 -0.109056473
v 0.0872030631 -0.234129861 -0.0872016475
v 0.228532016 -0.341444761 -0.109056473
v 0.0872030631 -0.329514772 -0.0872016475
v 0.228532016 -0.390880316 -0.059620779
v 0.0872036368 -0.369024962 -0.0476911739
v 0.228532016 -0.390880316 0.0596236773
v 0.0872036368 -0.369024962 0.0476936884
v 0.228532016 -0.341444761 0.109059334
v 0.0872028619 -0.329514772 0.0872035027
v 0.228532016 -0.222200289 0.109059334
v 0.0872028619 -0.234129861 0.0872034878
v 0.228532016 -0.172764733 0.0596236885
v 0.0872036368 -0.19461982 0.0476936996
v -0.0761753395 -0.420247406 -0.11249914
v 0.0761775672 -0.451008976 -0.11249914
v 0.0761773735 -0.420247406 -0.11249914
v -0.0761753395 -0.451008976 -0.11249914
v -0.112499088 -0.420247406 -0.0761756748
v -0.112498894 -0.451008976 -0.0761756748
v -0.112499088 -0.420247406 0.0761774257
v -0.112498894 -0.451008976 0.0761774257
v -0.0761753395 -0.451008976 0.112500876
v -0.0761753395 -0.420247406 0.112500876
v 0.0761773735 -0.420247406 0.112500876
v 0.0761775672 -0.451008976 0.112500876
v 0.112501122 -0.420247406 0.0761774257
v 0.112501122 -0.451008976 0.0761774257
v 0.112501122 -0.420247406 -0.0761756748
v 0.112501122 -0.451008976 -0.0761756748
v 0.0761773735 -0.420247406 -0.11249914
v 0.0761775672 -0.451008976 -0.11249914
v -0.0699185506 -0.470703542 -0.140661269
v 0.0693347678 -0.499999613 -0.139482662
v 0.0699207783 -0.470703542 -0.140661269
v -0.0693331212 -0.499999613 -0.139482662
v -0.140660942 -0.470703542 -0.0699188858
v -0.139482901 -0.499999613 -0.0693328753
v -0.140660942 -0.470703542 0.0699206367
v -0.139482901 -0.499999613 0.0693349987
v -0.0699185506 -0.470703542 0.140663028
v -0.0693331212 -0.499999613 0.139484778
v 0.0699207783 -0.470703542 0.140663028
v 0.0693347678 -0.499999613 0.139484778
v 0.14066337 -0.470703542 0.0699206367
v 0.139484361 -0.499999613 0.0693349987
v 0.14066337 -0.470703542 -0.0699188858
v 0.139484361 -0.499999613 -0.0693328753
v 0.0699207783 -0.470703542 -0.140661269
v 0.0693347678 -0.499999613 -0.139482662
v 0.109058514 -0.510353625 -0.059621267
v 0.0872036368 -0.369024962 0.0476936884
v 0.109058514 -0.510353625 0.0596232973
v 0.0872036368 -0.369024962 -0.0476911739
v 0.0596229583 -0.510353625 -0.10905686
v 0.0476928689 -0.369024962 -0.0872018412
v -0.0596215054 -0.510353625 -0.10905686
v -0.0476918072 -0.369024962 -0.0872018412
v -0.109057054 -0.510353625 -0.0596211627
v -0.087201409 -0.369024754 -0.0476913713
v -0.109057054 -0.510353625 0.0596232973
v -0.087201409 -0.369024754 0.0476934984
v -0.0596215054 -0.510353625 0.109058946
v -0.0476921946 -0.369024843 0.087203294
v 0.0596229583 -0.510353625 0.109058946
v 0.0476928689 -0.369024843 0.087203294
v 0.109058514 -0.510353625 0.0596232973
v 0.0872036368 -0.369024962 0.0476936884
v -0.112500258 -0.2056458 0.138425574
v -0.112501413 -0.357998788 0.169186667
v -0.112500258 -0.357998788 0.138425559
v -0.112501413 -0.2056458 0.169186667
v -0.0761761144 -0.169322312 0.138425753
v -0.0761778578 -0.169322312 0.169186667
v 0.0761762112 -0.169322312 0.138425559
v 0.0761752427 -0.169322312 0.169186667
v 0.112498797 -0.2056458 0.169186667
v 0.11249996 -0.2056458 0.138425574
v 0.11249996 -0.357998788 0.138425559
v 0.112498797 -0.357998788 0.169186667
v 0.0761762112 -0.394322336 0.138425559
v 0.0761752427 -0.394322336 0.169186667
v -0.0761766955 -0.394322336 0.138425559
v -0.0761778578 -0.394322336 0.169186667
v -0.112500258 -0.357998788 0.138425559
v -0.112501413 -0.357998788 0.169186667
v -0.14066346 -0.211902618 0.188881204
v -0.139484838 -0.351155877 0.218177289
v -0.14066346 -0.351741999 0.188881189
v -0.139484838 -0.212488011 0.218177289
v -0.0699210688 -0.141160205 0.188881189
v -0.0693350583 -0.142338261 0.218177274
v 0.0699184537 -0.141160205 0.188881189
v 0.0693328306 -0.142338261 0.218177274
v 0.140660837 -0.211902618 0.188881204
v 0.139482617 -0.212488011 0.218177289
v 0.140660837 -0.351741999 0.188881189
v 0.139482617 -0.351155877 0.218177289
v 0.0699184537 -0.422484457 0.188881189
v 0.0693328306 -0.421305567 0.218177289
v -0.0699210688 -0.422484457 0.188881189
v -0.0693350583 -0.421305567 0.218177289
v -0.14066346 -0.351741999 0.188881189
v -0.139484838 -0.351155877 0.218177289
v -0.0596234389 -0.39087975 0.228531301
v 0.0476928689 -0.369024843 0.087203294
v 0.0596210174 -0.39087975 0.228531301
v -0.0476921946 -0.369024843 0.087203294
v -0.109058991 -0.341444075 0.228531301
v -0.0872021839 -0.329514682 0.087203294
v -0.109058991 -0.222199678 0.228531301
v -0.0872021839 -0.234129742 0.087203294
v -0.0596232489 -0.172764048 0.228531301
v -0.0476921946 -0.19461973 0.0872033015
v 0.0596210174 -0.172764048 0.228531301
v 0.0476928689 -0.19461973 0.0872033015
v 0.109056756 -0.222199708 0.228531301
v 0.0872028619 -0.234129861 0.0872034878
v 0.109056756 -0.341444075 0.228531301
v 0.0872028619 -0.329514772 0.0872035027
v 0.0596210174 -0.39087975 0.228531301
v 0.0476928689 -0.369024843 0.087203294
v -0.112500057 -0.357998639 -0.138424441
v -0.112501025 -0.205645666 -0.169186279
v -0.112500057 -0.20564574 -0.138424456
v -0.112501025 -0.35799858 -0.169186279
v -0.0761765018 -0.394322276 -0.138424441
v -0.0761774704 -0.394322157 -0.169186279
v 0.0761765987 -0.394322276 -0.138424441
v 0.0761756301 -0.394322157 -0.169186279
v 0.112499185 -0.35799858 -0.169186279
v 0.11249996 -0.357998639 -0.138424441
v 0.11249996 -0.205645785 -0.138424397
v 0.112499185 -0.205645666 -0.169186279
v 0.0761765987 -0.169322222 -0.138424456
v 0.0761756301 -0.169322118 -0.169186279
v -0.0761765018 -0.169322222 -0.138424456
v -0.0761774704 -0.169322118 -0.169186279
v -0.112500057 -0.20564574 -0.138424456
v -0.112501025 -0.205645666 -0.169186279
v -0.140663072 -0.351741791 -0.188880801
v -0.139484465 -0.212488472 -0.218176901
v -0.140663072 -0.211902454 -0.188880801
v -0.139484465 -0.351156384 -0.218176901
v -0.0699206814 -0.422484189 -0.188880801
v -0.0693346709 -0.421306133 -0.218176901
v 0.0699188411 -0.422484189 -0.188880801
v 0.069333218 -0.421306133 -0.218176901
v 0.140661225 -0.351741791 -0.188880801
v 0.139483005 -0.351156384 -0.218176901
v 0.140661225 -0.211902454 -0.188880801
v 0.139483005 -0.212488472 -0.218176901
v 0.0699188411 -0.141159892 -0.188880801
v 0.069333218 -0.142338887 -0.218176901
v -0.0699206814 -0.141159892 -0.188880801
v -0.0693346709 -0.142338887 -0.218176901
v -0.140663072 -0.211902454 -0.188880801
v -0.139484465 -0.212488472 -0.218176901
v -0.0596230552 -0.172764733 -0.228530914
v 0.0476928689 -0.19461979 -0.0872018412
v 0.0596214086 -0.172764733 -0.228530914
v -0.0476920009 -0.19461979 -0.0872018412
v -0.109058604 -0.222200289 -0.228530914
v -0.0872021839 -0.234129742 -0.0872018412
v -0.109058604 -0.341444731 -0.228530914
v -0.0872021839 -0.329514563 -0.0872018412
v -0.0596228577 -0.390880316 -0.228530914
v -0.0476918072 -0.369024962 -0.0872018412
v 0.0596214086 -0.390880316 -0.228530914
v 0.0476928689 -0.369024962 -0.0872018412
v 0.109057151 -0.341444731 -0.228530914
v 0.0872030631 -0.329514772 -0.0872016475
v 0.109057151 -0.222200289 -0.228530914
v 0.0872030631 -0.234129861 -0.0872016475
v 0.0596214086 -0.172764733 -0.228530914
v 0.0476928689 -0.19461979 -0.0872018412
v 0.125907362 -0.338912457 -0.500000775
v 0.0576617122 -0.407181352 -0.218751669
v 0.125907362 -0.338937074 -0.218750894
v 0.0576617122 -0.407156825 -0.50000155
v -0.0576622486 -0.407181352 -0.218751669
v -0.0576620549 -0.407156825 -0.500000775
v -0.125906527 -0.338936567 -0.218752444
v -0.125906527 -0.338911951 -0.50000155
v 0.125907168 -0.22358726 -0.5
v 0.125907362 -0.338912457 -0.500000775
v 0.125907362 -0.338937074 -0.218750894
v 0.125907168 -0.223611847 -0.218750104
v 0.057662677 -0.155342862 -0.5
v 0.125907168 -0.22358726 -0.5
v 0.125907168 -0.223611847 -0.218750104
v 0.057662677 -0.155367523 -0.218750104
v -0.0576622486 -0.155342862 -0.5
v -0.0576624423 -0.155367523 -0.218750894
v -0.125906929 -0.223587453 -0.500000775
v -0.125906929 -0.223612055 -0.218751669
v -0.125906527 -0.338911951 -0.50000155
v -0.125906929 -0.223587453 -0.500000775
v -0.125906929 -0.223612055 -0.218751669
v -0.125906527 -0.338936567 -0.218752444
v -0.0944925547 -0.324525326 -0.500000775
v -0.0432449132 -0.375704944 -0.218750894
v -0.0944262892 -0.324521363 -0.218750894
v -0.0432753377 -0.375742435 -0.500000775
v 0.0432451516 -0.375705063 -0.218750894
v 0.0432755761 -0.375742555 -0.500000775
v 0.0944267139 -0.321775377 -0.218750894
v 0.0944929868 -0.3217794 -0.500000775
v -0.0944923684 -0.237974003 -0.500000775
v -0.0944925547 -0.324525326 -0.500000775
v -0.0944262892 -0.324521363 -0.218750894
v -0.0944260955 -0.23802714 -0.218750894
v -0.043275144 -0.192754135 -0.500000775
v -0.0944923684 -0.237974003 -0.500000775
v -0.0944260955 -0.23802714 -0.218750894
v -0.0432447195 -0.192840859 -0.218750894
v 0.0432757661 -0.192754135 -0.500000775
v 0.0432453416 -0.192840859 -0.218750894
v 0.0944929868 -0.240721047 -0.500000775
v 0.0944267139 -0.240774184 -0.218750894
v 0.0944929868 -0.3217794 -0.500000775
v 0.0944929868 -0.240721047 -0.500000775
v 0.0944267139 -0.240774184 -0.218750894
v 0.0944267139 -0.321775377 -0.218750894
v 0.0576622933 -0.407156736 0.499999374
v 0.057662487 -0.407181233 0.218749151
v -0.0576622486 -0.407181412 0.218748361
v -0.0576624423 -0.407156885 0.499998629
v -0.12590614 -0.338936836 0.218748361
v -0.125906736 -0.338912278 0.499998659
v 0.125906572 -0.338912338 0.499999404
v 0.125906765 -0.338936955 0.218749151
v 0.057662487 -0.407181233 0.218749151
v 0.0576622933 -0.407156736 0.499999374
v 0.125906765 -0.22358714 0.499998659
v 0.125906974 -0.223611757 0.218748361
v 0.125906765 -0.338936955 0.218749151
v 0.125906572 -0.338912338 0.499999404
v 0.057662677 -0.155342713 0.499997854
v 0.125906974 -0.223611757 0.218748361
v 0.125906765 -0.22358714 0.499998659
v 0.0576628782 -0.15536733 0.218747586
v -0.0576626398 -0.155342713 0.499998629
v -0.0576624423 -0.15536733 0.218748361
v -0.125906736 -0.223587647 0.499998659
v -0.12590614 -0.223612249 0.218748361
v -0.125906736 -0.338912278 0.499998659
v -0.12590614 -0.338936836 0.218748361
v -0.12590614 -0.223612249 0.218748361
v -0.125906736 -0.223587647 0.499998659
v -0.0942437351 -0.324411184 0.499998659
v -0.0943100154 -0.324464172 0.218748361
v -0.0431923941 -0.375580162 0.218748361
v -0.0431619734 -0.375493616 0.499998659
v 0.0431922413 -0.375579894 0.218748361
v 0.0431616306 -0.375493348 0.499998629
v 0.0943104401 -0.324464291 0.218748361
v 0.0942439735 -0.324411303 0.499998659
v -0.0942433551 -0.23808834 0.499999404
v -0.0943096206 -0.23808448 0.218749151
v -0.0943100154 -0.324464172 0.218748361
v -0.0942437351 -0.324411184 0.499998659
v -0.0431615822 -0.18700619 0.499999404
v -0.0943096206 -0.23808448 0.218749151
v -0.0942433551 -0.23808834 0.499999404
v -0.0431920104 -0.186968684 0.218749151
v 0.0431610495 -0.187006399 0.499998629
v 0.0431916602 -0.186968878 0.218748361
v 0.0942439735 -0.238088444 0.499997854
v 0.0943104401 -0.238084555 0.218747586
v 0.0942439735 -0.324411303 0.499998659
v 0.0943104401 -0.324464291 0.218748361
v 0.0943104401 -0.238084555 0.218747586
v 0.0942439735 -0.238088444 0.499997854
v -0.500000179 -0.407156825 -0.0576624684
v -0.218750283 -0.407181352 0.0576614924
v -0.218750283 -0.407181352 -0.0576624684
v -0.499999404 -0.407156825 0.0576613024
v -0.218751058 -0.338936567 0.125905782
v -0.500000179 -0.338911951 0.125905782
v -0.499999404 -0.338912457 -0.125908107
v -0.500000179 -0.407156825 -0.0576624684
v -0.218750283 -0.407181352 -0.0576624684
v -0.218749493 -0.338937074 -0.125908107
v -0.499998629 -0.223587245 -0.125907913
v -0.499999404 -0.338912457 -0.125908107
v -0.218749493 -0.338937074 -0.125908107
v -0.218748733 -0.223611847 -0.125907913
v -0.499998629 -0.155342862 -0.0576634333
v -0.499998629 -0.223587245 -0.125907913
v -0.218748733 -0.223611847 -0.125907913
v -0.218748733 -0.155367523 -0.0576634333
v -0.499998629 -0.155342862 0.0576614924
v -0.218749493 -0.155367523 0.0576616935
v -0.499999404 -0.223587438 0.125906169
v -0.218750283 -0.223612055 0.125906169
v -0.500000179 -0.338911951 0.125905782
v -0.499999404 -0.223587438 0.125906169
v -0.218750283 -0.223612055 0.125906169
v -0.218751058 -0.338936567 0.125905782
v -0.499999404 -0.324525326 0.0944918022
v -0.218749493 -0.375704944 0.0432441719
v -0.218749493 -0.324521363 0.0944255218
v -0.499999404 -0.375742435 0.0432745926
v -0.218749493 -0.375705063 -0.0432459041
v -0.499999404 -0.375742555 -0.0432763286
v -0.218749493 -0.321775377 -0.0944274664
v -0.499999404 -0.3217794 -0.0944937468
v -0.499999404 -0.237974003 0.0944916233
v -0.499999404 -0.324525326 0.0944918022
v -0.218749493 -0.324521363 0.0944255218
v -0.218749493 -0.23802714 0.094425343
v -0.499999404 -0.192754149 0.0432743914
v -0.499999404 -0.237974003 0.0944916233
v -0.218749493 -0.23802714 0.094425343
v -0.218749493 -0.192840859 0.0432439707
v -0.499999404 -0.192754149 -0.0432765223
v -0.218749493 -0.192840859 -0.0432460979
v -0.499999404 -0.240721032 -0.0944937468
v -0.218749493 -0.240774184 -0.0944274664
v -0.499999404 -0.3217794 -0.0944937468
v -0.499999404 -0.240721032 -0.0944937468
v -0.218749493 -0.240774184 -0.0944274664
v -0.218749493 -0.321775377 -0.0944274664
v 0.500000775 -0.407156736 -0.0576630495
v 0.218750536 -0.407181233 -0.0576632395
v 0.218749747 -0.407181412 0.0576614924
v 0.5 -0.407156944 0.0576616861
v 0.218749747 -0.338936836 0.125905395
v 0.5 -0.338912278 0.125905976
v 0.500000775 -0.338912338 -0.125907332
v 0.218750536 -0.338936955 -0.125907525
v 0.218750536 -0.407181233 -0.0576632395
v 0.500000775 -0.407156736 -0.0576630495
v 0.5 -0.22358714 -0.125907525
v 0.218749747 -0.223611757 -0.125907719
v 0.218750536 -0.338936955 -0.125907525
v 0.500000775 -0.338912338 -0.125907332
v 0.499999225 -0.155342728 -0.0576634333
v 0.218749747 -0.223611757 -0.125907719
v 0.5 -0.22358714 -0.125907525
v 0.218748972 -0.15536733 -0.0576636307
v 0.5 -0.155342713 0.0576618835
v 0.218749747 -0.15536733 0.0576616935
v 0.5 -0.223587617 0.125905976
v 0.218749747 -0.223612249 0.12590538
v 0.5 -0.338912278 0.125905976
v 0.218749747 -0.338936836 0.125905395
v 0.218749747 -0.223612249 0.12590538
v 0.5 -0.223587617 0.125905976
v 0.5 -0.324411184 0.09424299
v 0.218749747 -0.324464172 0.094309248
v 0.218749747 -0.375580162 0.0431916416
v 0.5 -0.375493646 0.0431612208
v 0.218749747 -0.375579864 -0.043193005
v 0.5 -0.375493348 -0.0431623831
v 0.218749747 -0.324464291 -0.0943112001
v 0.5 -0.324411303 -0.094244726
v 0.500000775 -0.23808834 0.0942426026
v 0.218750536 -0.238084465 0.094308883
v 0.218749747 -0.324464172 0.094309248
v 0.5 -0.324411184 0.09424299
v 0.500000775 -0.18700619 0.0431608371
v 0.218750536 -0.238084465 0.094308883
v 0.500000775 -0.23808834 0.0942426026
v 0.218750536 -0.186968699 0.0431912616
v 0.5 -0.187006399 -0.043161802
v 0.218749747 -0.186968893 -0.0431924239
v 0.499999225 -0.238088444 -0.094244726
v 0.218748972 -0.238084555 -0.0943112001
v 0.5 -0.324411303 -0.094244726
v 0.218749747 -0.324464291 -0.0943112001
v 0.218748972 -0.238084555 -0.0943112001
v 0.499999225 -0.238088444 -0.094244726
v 0.125524342 0.500000656 -0.057663057
v 0.125548899 -0.0628824607 -0.0576632395
v 0.125549093 -0.0628832355 0.0576614998
v 0.125524536 0.499999911 0.0576616935
v 0.057304468 -0.0628832355 0.125905395
v 0.0572798513 0.499999911 0.125905976
v 0.0572799481 0.500000656 -0.125907317
v 0.0573045611 -0.0628824607 -0.125907525
v 0.125548899 -0.0628824607 -0.0576632395
v 0.125524342 0.500000656 -0.057663057
v -0.0580452196 0.499999911 -0.125907511
v -0.0580206104 -0.0628832355 -0.125907719
v 0.0573045611 -0.0628824607 -0.125907525
v 0.0572799481 0.500000656 -0.125907317
v -0.126289651 0.499999106 -0.0576634407
v -0.0580206104 -0.0628832355 -0.125907719
v -0.0580452196 0.499999911 -0.125907511
v -0.126265034 -0.0628840178 -0.0576636307
v -0.126289651 0.499999911 0.0576618835
v -0.126265034 -0.0628832355 0.0576616898
v -0.0580447391 0.499999911 0.125905976
v -0.0580201223 -0.0628832355 0.125905395
v 0.0572798513 0.499999911 0.125905976
v 0.057304468 -0.0628832355 0.125905395
v -0.0580201223 -0.0628832355 0.125905395
v -0.0580447391 0.499999911 0.125905976
v 0.0427788012 0.499999911 0.09424299
v 0.0428318493 -0.0628832355 0.094309248
v 0.0939478204 -0.0628832355 0.0431916453
v 0.0938612446 0.499999911 0.0431612208
v 0.0939475298 -0.0628832355 -0.0431930013
v 0.0938609615 0.499999911 -0.0431623831
v 0.0428319462 -0.0628832355 -0.0943112001
v 0.0427789018 0.499999911 -0.094244726
v -0.0435440242 0.500000656 0.0942426026
v -0.0435478948 -0.0628824607 0.0943088681
v 0.0428318493 -0.0628832355 0.094309248
v 0.0427788012 0.499999911 0.09424299
v -0.0946261734 0.500000656 0.0431608371
v -0.0435478948 -0.0628824607 0.0943088681
v -0.0435440242 0.500000656 0.0942426026
v -0.0946636721 -0.0628824607 0.0431912616
v -0.0946259871 0.499999911 -0.0431618094
v -0.0946634859 -0.0628832355 -0.0431924202
v -0.0435439236 0.499999106 -0.094244726
v -0.0435478017 -0.0628840178 -0.0943112001
v 0.0427789018 0.499999911 -0.094244726
v 0.0428319462 -0.0628832355 -0.0943112001
v -0.0435478017 -0.0628840178 -0.0943112001
v -0.0435439236 0.499999106 -0.094244726
v -0.100391112 -0.181430161 0.100393005
v -0.138424054 -0.169322312 0.0761774257
v -0.112499088 -0.143397331 0.0761774257
v -0.138424054 -0.2056458 0.112500884
v -0.0761755332 -0.143397331 0.112500884
v -0.112500258 -0.2056458 0.138425574
v -0.0761761144 -0.169322312 0.138425753
v -0.138424054 -0.394322336 0.0761774257
v -0.138424054 -0.357998788 0.112500876
v -0.100391112 -0.382214546 0.100393005
v -0.112499088 -0.420247406 0.0761774257
v -0.112500258 -0.357998788 0.138425559
v -0.0761753395 -0.420247406 0.112500876
v -0.0761766955 -0.394322336 0.138425559
v -0.138424054 -0.357998759 -0.11249914
v -0.138424054 -0.394322336 -0.0761756748
v -0.100391112 -0.382214576 -0.100391299
v -0.112500057 -0.357998639 -0.138424441
v -0.112499088 -0.420247406 -0.0761756748
v -0.0761765018 -0.394322276 -0.138424441
v -0.0761753395 -0.420247406 -0.11249914
v 0.0761765987 -0.169322222 -0.138424456
v 0.11249996 -0.205645785 -0.138424397
v 0.100393333 -0.181430146 -0.100391299
v 0.0761773735 -0.143397331 -0.11249914
v 0.138425902 -0.20564574 -0.112498946
v 0.112500936 -0.143397331 -0.0761756748
v 0.138425902 -0.169322222 -0.0761754811
v 0.0761762112 -0.394322336 0.138425559
v 0.11249996 -0.357998788 0.138425559
v 0.100393333 -0.382214546 0.100393102
v 0.0761773735 -0.420247406 0.112500876
v 0.138425902 -0.357998699 0.112501085
v 0.112501122 -0.420247406 0.0761774257
v 0.138425902 -0.394322246 0.0761776119
v -0.500000179 -0.338911951 0.125905782
v -0.499999404 -0.237974003 0.0944916233
v -0.499999404 -0.223587438 0.125906169
v -0.499999404 -0.324525326 0.0944918022
v -0.499999404 -0.192754149 0.0432743914
v -0.499999404 -0.407156825 0.0576613024
v -0.499998629 -0.155342862 0.0576614924
v -0.499999404 -0.375742435 0.0432745926
v -0.499999404 -0.192754149 -0.0432765223
v -0.500000179 -0.407156825 -0.0576624684
v -0.499998629 -0.155342862 -0.0576634333
v -0.499999404 -0.375742555 -0.0432763286
v -0.499999404 -0.240721032 -0.0944937468
v -0.499999404 -0.338912457 -0.125908107
v -0.499998629 -0.223587245 -0.125907913
v -0.499999404 -0.3217794 -0.0944937468
v -0.125906527 -0.338911951 -0.50000155
v -0.0944923684 -0.237974003 -0.500000775
v -0.125906929 -0.223587453 -0.500000775
v -0.0944925547 -0.324525326 -0.500000775
v -0.043275144 -0.192754135 -0.500000775
v -0.0576620549 -0.407156825 -0.500000775
v -0.0576622486 -0.155342862 -0.5
v -0.0432753377 -0.375742435 -0.500000775
v 0.0432757661 -0.192754135 -0.500000775
v 0.0576617122 -0.407156825 -0.50000155
v 0.057662677 -0.155342862 -0.5
v 0.0432755761 -0.375742555 -0.500000775
v 0.0944929868 -0.240721047 -0.500000775
v 0.125907362 -0.338912457 -0.500000775
v 0.125907168 -0.22358726 -0.5
v 0.0944929868 -0.3217794 -0.500000775
v -0.139484465 -0.351156384 -0.218176901
v -0.109058604 -0.222200289 -0.228530914
v -0.139484465 -0.212488472 -0.218176901
v -0.109058604 -0.341444731 -0.228530914
v -0.0596230552 -0.172764733 -0.228530914
v -0.0693346709 -0.421306133 -0.218176901
v -0.0693346709 -0.142338887 -0.218176901
v -0.0596228577 -0.390880316 -0.228530914
v 0.0596214086 -0.172764733 -0.228530914
v 0.069333218 -0.421306133 -0.218176901
v 0.069333218 -0.142338887 -0.218176901
v 0.0596214086 -0.390880316 -0.228530914
v 0.109057151 -0.222200289 -0.228530914
v 0.139483005 -0.351156384 -0.218176901
v 0.139483005 -0.212488472 -0.218176901
v 0.109057151 -0.341444731 -0.228530914
v -0.112501025 -0.35799858 -0.169186279
v -0.140663072 -0.211902454 -0.188880801
v -0.112501025 -0.205645666 -0.169186279
v -0.140663072 -0.351741791 -0.188880801
v -0.0699206814 -0.141159892 -0.188880801
v -0.0761774704 -0.394322157 -0.169186279
v -0.0761774704 -0.169322118 -0.169186279
v -0.0699206814 -0.422484189 -0.188880801
v 0.0699188411 -0.141159892 -0.188880801
v 0.0761756301 -0.394322157 -0.169186279
v 0.0761756301 -0.169322118 -0.169186279
v 0.0699188411 -0.422484189 -0.188880801
v 0.140661225 -0.211902454 -0.188880801
v 0.112499185 -0.35799858 -0.169186279
v 0.112499185 -0.205645666 -0.169186279
v 0.140661225 -0.351741791 -0.188880801
v -0.139484838 -0.212488011 0.218177289
v -0.109058991 -0.341444075 0.228531301
v -0.139484838 -0.351155877 0.218177289
v -0.109058991 -0.222199678 0.228531301
v -0.0596234389 -0.39087975 0.228531301
v -0.0693350583 -0.142338261 0.218177274
v -0.0693350583 -0.421305567 0.218177289
v -0.0596232489 -0.172764048 0.228531301
v 0.0596210174 -0.39087975 0.228531301
v 0.0693328306 -0.142338261 0.218177274
v 0.0693328306 -0.421305567 0.218177289
v 0.0596210174 -0.172764048 0.228531301
v 0.109056756 -0.341444075 0.228531301
v 0.139482617 -0.212488011 0.218177289
v 0.139482617 -0.351155877 0.218177289
v 0.109056756 -0.222199708 0.228531301
v -0.112501413 -0.2056458 0.169186667
v -0.14066346 -0.351741999 0.188881189
v -0.112501413 -0.357998788 0.169186667
v -0.14066346 -0.211902618 0.188881204
v -0.0699210688 -0.422484457 0.188881189
v -0.0761778578 -0.169322312 0.169186667
v -0.0761778578 -0.394322336 0.169186667
v -0.0699210688 -0.141160205 0.188881189
v 0.0699184537 -0.422484457 0.188881189
v 0.0761752427 -0.169322312 0.169186667
v 0.0761752427 -0.394322336 0.169186667
v 0.0699184537 -0.141160205 0.188881189
v 0.140660837 -0.351741999 0.188881189
v 0.112498797 -0.2056458 0.169186667
v 0.112498797 -0.357998788 0.169186667
v 0.140660837 -0.211902618 0.188881204
v -0.0693331212 -0.499999613 -0.139482662
v 0.0596229583 -0.510353625 -0.10905686
v 0.0693347678 -0.499999613 -0.139482662
v -0.0596215054 -0.510353625 -0.10905686
v 0.109058514 -0.510353625 -0.059621267
v -0.139482901 -0.499999613 -0.0693328753
v 0.139484361 -0.499999613 -0.0693328753
v -0.109057054 -0.510353625 -0.0596211627
v 0.109058514 -0.510353625 0.0596232973
v -0.139482901 -0.499999613 0.0693349987
v 0.139484361 -0.499999613 0.0693349987
v -0.109057054 -0.510353625 0.0596232973
v 0.0596229583 -0.510353625 0.109058946
v -0.0693331212 -0.499999613 0.139484778
v 0.0693347678 -0.499999613 0.139484778
v -0.0596215054 -0.510353625 0.109058946
v -0.0761753395 -0.451008976 -0.11249914
v 0.0699207783 -0.470703542 -0.140661269
v 0.0761775672 -0.451008976 -0.11249914
v -0.0699185506 -0.470703542 -0.140661269
v 0.14066337 -0.470703542 -0.0699188858
v -0.112498894 -0.451008976 -0.0761756748
v 0.112501122 -0.451008976 -0.0761756748
v -0.140660942 -0.470703542 -0.0699188858
v 0.14066337 -0.470703542 0.0699206367
v -0.112498894 -0.451008976 0.0761774257
v 0.112501122 -0.451008976 0.0761774257
v -0.140660942 -0.470703542 0.0699206367
v 0.0699207783 -0.470703542 0.140663028
v -0.0761753395 -0.451008976 0.112500876
v 0.0761775672 -0.451008976 0.112500876
v -0.0699185506 -0.470703542 0.140663028
v 0.218178019 -0.351156384 -0.139482275
v 0.228532016 -0.222200289 -0.109056473
v 0.218178019 -0.212488472 -0.139482275
v 0.228532016 -0.341444761 -0.109056473
v 0.228532016 -0.172764733 -0.0596208759
v 0.218178019 -0.421306133 -0.0693324953
v 0.218178019 -0.142338887 -0.0693324953
v 0.228532016 -0.390880316 -0.059620779
v 0.228532016 -0.172764733 0.0596236885
v 0.218178019 -0.421306133 0.0693354011
v 0.218178019 -0.142338887 0.0693354011
v 0.228532016 -0.390880316 0.0596236773
v 0.228532016 -0.222200289 0.109059334
v 0.218178019 -0.351156384 0.13948518
v 0.218178019 -0.212488472 0.13948518
v 0.228532016 -0.341444761 0.109059334
v 0.169187397 -0.35799858 -0.112498745
v 0.188881934 -0.211902454 -0.140660897
v 0.169187397 -0.205645666 -0.112498745
v 0.188881934 -0.351741791 -0.140660882
v 0.188881934 -0.141159892 -0.0699185058
v 0.169187397 -0.394322157 -0.0761752948
v 0.169187397 -0.169322118 -0.0761752948
v 0.188881934 -0.422484189 -0.0699184984
v 0.188881934 -0.141159877 0.0699210241
v 0.169187397 -0.394322157 0.0761778057
v 0.169187397 -0.169322118 0.0761778057
v 0.188881934 -0.422484189 0.0699210167
v 0.188881934 -0.211902454 0.140663415
v 0.169187397 -0.35799858 0.112501279
v 0.169187397 -0.205645666 0.112501279
v 0.188881934 -0.351741791 0.140663415
v 0.0693351552 -0.0636451915 -0.139482662
v -0.0596209243 -0.0532911755 -0.10905686
v -0.0693327338 -0.0636451915 -0.139482662
v 0.0596235394 -0.0532911755 -0.10905686
v -0.109056473 -0.0532911755 -0.059621267
v 0.139484942 -0.0636451915 -0.0693328828
v -0.139482319 -0.0636451915 -0.0693328828
v 0.10905908 -0.0532911755 -0.0596211664
v -0.109056473 -0.0532911755 0.0596232973
v 0.139484942 -0.0636451915 0.0693350136
v -0.139482319 -0.0636451915 0.0693350136
v 0.10905908 -0.0532911755 0.0596232973
v -0.0596209243 -0.0532911755 0.109058939
v 0.0693351552 -0.0636451915 0.139484808
v -0.0693327338 -0.0636451915 0.139484808
v 0.0596235394 -0.0532911755 0.109058939
v 0.0761773735 -0.112635814 -0.11249914
v -0.0699187443 -0.0929412693 -0.140661269
v -0.0761755332 -0.112635814 -0.11249914
v 0.0699205846 -0.0929412693 -0.140661269
v -0.140661329 -0.0929412693 -0.0699188858
v 0.112500936 -0.112635814 -0.0761756748
v -0.112499088 -0.112635814 -0.0761756748
v 0.140662968 -0.0929412693 -0.0699188858
v -0.140661329 -0.0929412693 0.0699206367
v 0.112500936 -0.112635814 0.0761774257
v -0.112499088 -0.112635814 0.0761774257
v 0.140662968 -0.0929412693 0.0699206367
v -0.0699187443 -0.0929412693 0.140663013
v 0.0761773735 -0.112635799 0.112500884
v -0.0761755332 -0.112635799 0.112500884
v 0.0699205846 -0.0929412693 0.140663013
v -0.218176156 -0.212488011 -0.139482662
v -0.228530198 -0.341444075 -0.10905686
v -0.218176156 -0.351155877 -0.139482662
v -0.228530198 -0.222199678 -0.10905686
v -0.228530198 -0.390879691 -0.059621267
v -0.218176156 -0.142338261 -0.0693328828
v -0.218176156 -0.421305567 -0.0693328753
v -0.228530198 -0.172764063 -0.0596211664
v -0.228530198 -0.39087975 0.0596232973
v -0.218176156 -0.142338261 0.0693350136
v -0.218176156 -0.421305567 0.0693349987
v -0.228530198 -0.172764048 0.0596232973
v -0.228530198 -0.341444075 0.109058946
v -0.218176156 -0.212488011 0.139484793
v -0.218176156 -0.351155877 0.139484808
v -0.228530198 -0.222199708 0.109058946
v -0.169185564 -0.2056458 -0.11249914
v -0.188880071 -0.35174197 -0.140661269
v -0.169185564 -0.357998759 -0.11249914
v -0.188880071 -0.211902618 -0.140661269
v -0.188880071 -0.422484457 -0.0699188858
v -0.169185564 -0.169322312 -0.0761756748
v -0.169185564 -0.394322336 -0.0761756748
v -0.188880071 -0.141160205 -0.0699188858
v -0.188880071 -0.422484457 0.0699206367
v -0.169185564 -0.169322312 0.0761774257
v -0.169185564 -0.394322336 0.0761774257
v -0.188880071 -0.141160205 0.0699206367
v -0.188880071 -0.351741999 0.140663013
v -0.169185564 -0.2056458 0.112500884
v -0.169185564 -0.357998788 0.112500876
v -0.188880071 -0.211902618 0.140663013
v -0.0580447391 0.499999911 0.125905976
v -0.0435440242 0.500000656 0.0942426026
v 0.0427788012 0.499999911 0.09424299
v 0.0572798513 0.499999911 0.125905976
v -0.126289651 0.499999911 0.0576618835
v 0.0938612446 0.499999911 0.0431612208
v -0.0946261734 0.500000656 0.0431608371
v 0.125524536 0.499999911 0.0576616935
v -0.126289651 0.499999106 -0.0576634407
v 0.0938609615 0.499999911 -0.0431623831
v -0.0946259871 0.499999911 -0.0431618094
v 0.125524342 0.500000656 -0.057663057
v -0.0580452196 0.499999911 -0.125907511
v 0.0427789018 0.499999911 -0.094244726
v -0.0435439236 0.499999106 -0.094244726
v 0.0572799481 0.500000656 -0.125907317
v 0.5 -0.223587617 0.125905976
v 0.500000775 -0.23808834 0.0942426026
v 0.5 -0.324411184 0.09424299
v 0.5 -0.338912278 0.125905976
v 0.5 -0.155342713 0.0576618835
v 0.5 -0.375493646 0.0431612208
v 0.500000775 -0.18700619 0.0431608371
v 0.5 -0.407156944 0.0576616861
v 0.499999225 -0.155342728 -0.0576634333
v 0.5 -0.375493348 -0.0431623831
v 0.5 -0.187006399 -0.043161802
v 0.500000775 -0.407156736 -0.0576630495
v 0.5 -0.22358714 -0.125907525
v 0.5 -0.324411303 -0.094244726
v 0.499999225 -0.238088444 -0.094244726
v 0.500000775 -0.338912338 -0.125907332
v -0.125906736 -0.223587647 0.499998659
v -0.0942433551 -0.23808834 0.499999404
v -0.0942437351 -0.324411184 0.499998659
v -0.125906736 -0.338912278 0.499998659
v -0.0576626398 -0.155342713 0.499998629
v -0.0431619734 -0.375493616 0.499998659
v -0.0431615822 -0.18700619 0.499999404
v -0.0576624423 -0.407156885 0.499998629
v 0.057662677 -0.155342713 0.499997854
v 0.0431616306 -0.375493348 0.499998629
v 0.0431610495 -0.187006399 0.499998629
v 0.0576622933 -0.407156736 0.499999374
v 0.125906765 -0.22358714 0.499998659
v 0.0942439735 -0.324411303 0.499998659
v 0.0942439735 -0.238088444 0.499997854
v 0.125906572 -0.338912338 0.499999404
vt 0.303610355 0.557493865
vt 0.289743423 0.557493806
vt 0.303610355 0.543626904
vt 0.28974247 0.557508826
vt 0.303609401 0.543641865
vt 0.303609401 0.557508826
vt 0.303610295 0.543641925
vt 0.289743364 0.557508826
vt 0.303610295 0.557508886
vt 0.303609401 0.557493746
vt 0.303609401 0.543626785
vt 0.28974247 0.557493746
vt 0.303610355 0.543626785
vt 0.303610355 0.557493746
vt 0.289743364 0.557493746
vt 0.289743364 0.557508826
vt 0.303610295 0.557508826
vt 0.303610295 0.543641865
vt 0.303609401 0.543641865
vt 0.303609401 0.557508886
vt 0.289742351 0.557508826
vt 0.289743423 0.557508886
vt 0.303610355 0.557508826
vt 0.303610355 0.543641865
vt 0.368281573 0.491155148
vt 0.411386162 0.500348091
vt 0.411386162 0.491155148
vt 0.368281573 0.500348091
vt 0.354508102 0.491155148
vt 0.354508102 0.500348091
vt 0.311403632 0.491155148
vt 0.311403632 0.500348091
vt 0.297630072 0.500348091
vt 0.297630072 0.491155148
vt 0.254525572 0.491155148
vt 0.254525572 0.500348091
vt 0.24075219 0.491155148
vt 0.24075219 0.500348091
vt 0.197647512 0.491155148
vt 0.197647512 0.500348091
vt 0.183874145 0.491155148
vt 0.183874145 0.500348091
vt 0.35181424 0.574387252
vt 0.351812482 0.512232006
vt 0.341238648 0.512237966
vt 0.341238707 0.574387252
vt 0.35181424 0.574387252
vt 0.351812482 0.512232006
vt 0.341238648 0.512237966
vt 0.341238707 0.574387252
vt 0.35181424 0.574387252
vt 0.351812482 0.512232006
vt 0.341238648 0.512237966
vt 0.341238707 0.574387252
vt 0.35181424 0.574387252
vt 0.351812482 0.512232006
vt 0.341238648 0.512237966
vt 0.341238707 0.574387252
vt 0.341238648 0.512237966
vt 0.341238707 0.574387252
vt 0.35181424 0.574387252
vt 0.351812482 0.512232006
vt 0.341238588 0.512238503
vt 0.341238707 0.574387252
vt 0.35181424 0.574387252
vt 0.351811528 0.512241721
vt 0.341238767 0.512238622
vt 0.341238707 0.574387252
vt 0.35181424 0.574387252
vt 0.351816326 0.512244642
vt 0.341238767 0.512238204
vt 0.341238707 0.574387252
vt 0.35181424 0.574387252
vt 0.351816684 0.512235701
vt 0.351815194 0.574401379
vt 0.351811528 0.512241721
vt 0.341238588 0.512238503
vt 0.341217428 0.574401379
vt 0.346516341 0.58457464
vt 0.333793223 0.585203469
vt 0.359239519 0.585203469
vt 0.339092016 0.594105422
vt 0.353940427 0.594105422
vt 0.341238588 0.512238503
vt 0.341238707 0.574387252
vt 0.35181424 0.574387252
vt 0.351811528 0.512241721
vt 0.351820976 0.574407101
vt 0.351816684 0.512235701
vt 0.341238767 0.512238204
vt 0.34122327 0.57440722
vt 0.346522063 0.584580362
vt 0.333798856 0.58520925
vt 0.359245121 0.58520925
vt 0.339097708 0.594111264
vt 0.353946149 0.594111264
vt 0.351830453 0.574397564
vt 0.351811528 0.512241721
vt 0.341238588 0.512238503
vt 0.341232687 0.574397624
vt 0.346531421 0.584570944
vt 0.333808362 0.585199714
vt 0.359254688 0.585199714
vt 0.339107394 0.594101608
vt 0.353955775 0.594101608
vt 0.373407066 0.501248002
vt 0.406814426 0.510002971
vt 0.406814545 0.501248002
vt 0.373406947 0.510002971
vt 0.349936515 0.501248002
vt 0.349936336 0.510002971
vt 0.316529006 0.501248002
vt 0.316529006 0.510002971
vt 0.293058574 0.501248002
vt 0.293058574 0.510002971
vt 0.259651124 0.501248002
vt 0.259651244 0.510002971
vt 0.236180514 0.501248002
vt 0.236180589 0.510002971
vt 0.202773035 0.501248002
vt 0.202773035 0.510002971
vt 0.179302529 0.501248002
vt 0.179302394 0.510002971
vt 0.152341053 0.497526556
vt 0.182130128 0.492455095
vt 0.161560729 0.479605764
vt 0.174755573 0.506789386
vt 0.14836669 0.508656621
vt 0.171579778 0.515681386
vt 0.144152626 0.528369009
vt 0.168209895 0.531442225
vt 0.143230125 0.540147841
vt 0.167473018 0.54085964
vt 0.144305274 0.560265779
vt 0.168332502 0.556965053
vt 0.146478698 0.571876228
vt 0.170070559 0.566251397
vt 0.152762696 0.591022849
vt 0.17509748 0.581569314
vt 0.157894179 0.601665556
vt 0.179198623 0.59007591
vt 0.368281573 0.491155148
vt 0.411386162 0.500348091
vt 0.411386162 0.491155148
vt 0.368281573 0.500348091
vt 0.354508102 0.491155148
vt 0.354508102 0.500348091
vt 0.311403632 0.491155148
vt 0.311403632 0.500348091
vt 0.297630072 0.500348091
vt 0.297630072 0.491155148
vt 0.254525572 0.491155148
vt 0.254525572 0.500348091
vt 0.24075219 0.491155148
vt 0.24075219 0.500348091
vt 0.197647512 0.491155148
vt 0.197647512 0.500348091
vt 0.183874145 0.491155148
vt 0.183874145 0.500348091
vt 0.373407066 0.501248002
vt 0.406814426 0.510002971
vt 0.406814545 0.501248002
vt 0.373406947 0.510002971
vt 0.349936515 0.501248002
vt 0.349936336 0.510002971
vt 0.316529006 0.501248002
vt 0.316529006 0.510002971
vt 0.293058574 0.501248002
vt 0.293058574 0.510002971
vt 0.259651124 0.501248002
vt 0.259651244 0.510002971
vt 0.236180514 0.501248002
vt 0.236180589 0.510002971
vt 0.202773035 0.501248002
vt 0.202773035 0.510002971
vt 0.179302529 0.501248002
vt 0.179302394 0.510002971
vt 0.152341053 0.497526556
vt 0.182130128 0.492455095
vt 0.161560729 0.479605764
vt 0.174755573 0.506789386
vt 0.14836669 0.508656621
vt 0.171579778 0.515681386
vt 0.144152626 0.528369009
vt 0.168209895 0.531442225
vt 0.143230125 0.540147841
vt 0.167473018 0.54085964
vt 0.144305274 0.560265779
vt 0.168332502 0.556965053
vt 0.146478698 0.571876228
vt 0.170070559 0.566251397
vt 0.152762696 0.591022849
vt 0.17509748 0.581569314
vt 0.157894179 0.601665556
vt 0.179198623 0.59007591
vt 0.368281573 0.491155148
vt 0.411386162 0.500348091
vt 0.411386162 0.491155148
vt 0.368281573 0.500348091
vt 0.354508102 0.491155148
vt 0.354508102 0.500348091
vt 0.311403632 0.491155148
vt 0.311403632 0.500348091
vt 0.297630072 0.500348091
vt 0.297630072 0.491155148
vt 0.254525572 0.491155148
vt 0.254525572 0.500348091
vt 0.24075219 0.491155148
vt 0.24075219 0.500348091
vt 0.197647512 0.491155148
vt 0.197647512 0.500348091
vt 0.183874145 0.491155148
vt 0.183874145 0.500348091
vt 0.373407066 0.501248002
vt 0.406814426 0.510002971
vt 0.406814545 0.501248002
vt 0.373406947 0.510002971
vt 0.349936515 0.501248002
vt 0.349936336 0.510002971
vt 0.316529006 0.501248002
vt 0.316529006 0.510002971
vt 0.293058574 0.501248002
vt 0.293058574 0.510002971
vt 0.259651124 0.501248002
vt 0.259651244 0.510002971
vt 0.236180514 0.501248002
vt 0.236180589 0.510002971
vt 0.202773035 0.501248002
vt 0.202773035 0.510002971
vt 0.179302529 0.501248002
vt 0.179302394 0.510002971
vt 0.152341053 0.497526556
vt 0.182130128 0.492455095
vt 0.161560729 0.479605764
vt 0.174755573 0.506789386
vt 0.14836669 0.508656621
vt 0.171579778 0.515681386
vt 0.144152626 0.528369009
vt 0.168209895 0.531442225
vt 0.143230125 0.540147841
vt 0.167473018 0.54085964
vt 0.144305274 0.560265779
vt 0.168332502 0.556965053
vt 0.146478698 0.571876228
vt 0.170070559 0.566251397
vt 0.152762696 0.591022849
vt 0.17509748 0.581569314
vt 0.157894179 0.601665556
vt 0.179198623 0.59007591
vt 0.368281573 0.491155148
vt 0.411386162 0.500348091
vt 0.411386162 0.491155148
vt 0.368281573 0.500348091
vt 0.354508102 0.491155148
vt 0.354508102 0.500348091
vt 0.311403632 0.491155148
vt 0.311403632 0.500348091
vt 0.297630072 0.500348091
vt 0.297630072 0.491155148
vt 0.254525572 0.491155148
vt 0.254525572 0.500348091
vt 0.24075219 0.491155148
vt 0.24075219 0.500348091
vt 0.197647512 0.491155148
vt 0.197647512 0.500348091
vt 0.183874145 0.491155148
vt 0.183874145 0.500348091
vt 0.373407066 0.501248002
vt 0.406814426 0.510002971
vt 0.406814545 0.501248002
vt 0.373406947 0.510002971
vt 0.349936515 0.501248002
vt 0.349936336 0.510002971
vt 0.316529006 0.501248002
vt 0.316529006 0.510002971
vt 0.293058574 0.501248002
vt 0.293058574 0.510002971
vt 0.259651124 0.501248002
vt 0.259651244 0.510002971
vt 0.236180514 0.501248002
vt 0.236180589 0.510002971
vt 0.202773035 0.501248002
vt 0.202773035 0.510002971
vt 0.179302529 0.501248002
vt 0.179302394 0.510002971
vt 0.152341053 0.497526556
vt 0.182130128 0.492455095
vt 0.161560729 0.479605764
vt 0.174755573 0.506789386
vt 0.14836669 0.508656621
vt 0.171579778 0.515681386
vt 0.144152626 0.528369009
vt 0.168209895 0.531442225
vt 0.143230125 0.540147841
vt 0.167473018 0.54085964
vt 0.144305274 0.560265779
vt 0.168332502 0.556965053
vt 0.146478698 0.571876228
vt 0.170070559 0.566251397
vt 0.152762696 0.591022849
vt 0.17509748 0.581569314
vt 0.157894179 0.601665556
vt 0.179198623 0.59007591
vt 0.368281573 0.491155148
vt 0.411386162 0.500348091
vt 0.411386162 0.491155148
vt 0.368281573 0.500348091
vt 0.354508102 0.491155148
vt 0.354508102 0.500348091
vt 0.311403632 0.491155148
vt 0.311403632 0.500348091
vt 0.297630072 0.500348091
vt 0.297630072 0.491155148
vt 0.254525572 0.491155148
vt 0.254525572 0.500348091
vt 0.24075219 0.491155148
vt 0.24075219 0.500348091
vt 0.197647512 0.491155148
vt 0.197647512 0.500348091
vt 0.183874145 0.491155148
vt 0.183874145 0.500348091
vt 0.373407066 0.501248002
vt 0.406814426 0.510002971
vt 0.406814545 0.501248002
vt 0.373406947 0.510002971
vt 0.349936515 0.501248002
vt 0.349936336 0.510002971
vt 0.316529006 0.501248002
vt 0.316529006 0.510002971
vt 0.293058574 0.501248002
vt 0.293058574 0.510002971
vt 0.259651124 0.501248002
vt 0.259651244 0.510002971
vt 0.236180514 0.501248002
vt 0.236180589 0.510002971
vt 0.202773035 0.501248002
vt 0.202773035 0.510002971
vt 0.179302529 0.501248002
vt 0.179302394 0.510002971
vt 0.152341053 0.497526556
vt 0.182130128 0.492455095
vt 0.161560729 0.479605764
vt 0.174755573 0.506789386
vt 0.14836669 0.508656621
vt 0.171579778 0.515681386
vt 0.144152626 0.528369009
vt 0.168209895 0.531442225
vt 0.143230125 0.540147841
vt 0.167473018 0.54085964
vt 0.144305274 0.560265779
vt 0.168332502 0.556965053
vt 0.146478698 0.571876228
vt 0.170070559 0.566251397
vt 0.152762696 0.591022849
vt 0.17509748 0.581569314
vt 0.157894179 0.601665556
vt 0.179198623 0.59007591
vt 0.368281573 0.491155148
vt 0.411386162 0.500348091
vt 0.411386162 0.491155148
vt 0.368281573 0.500348091
vt 0.354508102 0.491155148
vt 0.354508102 0.500348091
vt 0.311403632 0.491155148
vt 0.311403632 0.500348091
vt 0.297630072 0.500348091
vt 0.297630072 0.491155148
vt 0.254525572 0.491155148
vt 0.254525572 0.500348091
vt 0.24075219 0.491155148
vt 0.24075219 0.500348091
vt 0.197647512 0.491155148
vt 0.197647512 0.500348091
vt 0.183874145 0.491155148
vt 0.183874145 0.500348091
vt 0.373407066 0.501248002
vt 0.406814426 0.510002971
vt 0.406814545 0.501248002
vt 0.373406947 0.510002971
vt 0.349936515 0.501248002
vt 0.349936336 0.510002971
vt 0.316529006 0.501248002
vt 0.316529006 0.510002971
vt 0.293058574 0.501248002
vt 0.293058574 0.510002971
vt 0.259651124 0.501248002
vt 0.259651244 0.510002971
vt 0.236180514 0.501248002
vt 0.236180589 0.510002971
vt 0.202773035 0.501248002
vt 0.202773035 0.510002971
vt 0.179302529 0.501248002
vt 0.179302394 0.510002971
vt 0.152341053 0.497526556
vt 0.182130128 0.492455095
vt 0.161560729 0.479605764
vt 0.174755573 0.506789386
vt 0.14836669 0.508656621
vt 0.171579778 0.515681386
vt 0.144152626 0.528369009
vt 0.168209895 0.531442225
vt 0.143230125 0.540147841
vt 0.167473018 0.54085964
vt 0.144305274 0.560265779
vt 0.168332502 0.556965053
vt 0.146478698 0.571876228
vt 0.170070559 0.566251397
vt 0.152762696 0.591022849
vt 0.17509748 0.581569314
vt 0.157894179 0.601665556
vt 0.179198623 0.59007591
vt 0.0871014819 0.569017589
vt 0.102861352 0.614354551
vt 0.0871014819 0.614354372
vt 0.102861352 0.569017589
vt 0.120393172 0.614354789
vt 0.120393172 0.569017589
vt 0.136139318 0.614354789
vt 0.136139318 0.569017589
vt 0.0694694519 0.569017589
vt 0.0871014819 0.569017589
vt 0.0871014819 0.614354372
vt 0.0694694519 0.614353716
vt 0.0536554232 0.569017589
vt 0.0694694519 0.569017589
vt 0.0694694519 0.614353716
vt 0.0536554232 0.614353538
vt 0.0363097563 0.569017589
vt 0.0363097563 0.614353061
vt 0.0207588784 0.569017589
vt 0.0207588784 0.614352882
vt 0.00336805894 0.569017589
vt 0.0207588784 0.569017589
vt 0.0207588784 0.614352882
vt 0.00336805894 0.614352703
vt 0.144560009 0.735112071
vt 0.157264173 0.689855278
vt 0.144577652 0.689853549
vt 0.157264173 0.735112071
vt 0.169070974 0.689855695
vt 0.169070974 0.735112071
vt 0.182457983 0.689856172
vt 0.182457983 0.735112071
vt 0.231968209 0.735112071
vt 0.243533179 0.735112071
vt 0.24352169 0.689858496
vt 0.231968209 0.689859509
vt 0.218569621 0.735112071
vt 0.231968209 0.735112071
vt 0.231968209 0.689859509
vt 0.218569621 0.689859092
vt 0.206768319 0.735112071
vt 0.206768319 0.689858675
vt 0.1940929 0.735112071
vt 0.1940929 0.689857364
vt 0.182457983 0.735112071
vt 0.1940929 0.735112071
vt 0.1940929 0.689857364
vt 0.182457983 0.689856172
vt 0.00336804357 0.764106929
vt 0.00336804357 0.809443891
vt 0.0207588784 0.809443891
vt 0.0207588784 0.764106691
vt 0.0363097563 0.809443891
vt 0.0363097563 0.764106691
vt 0.120393127 0.764107108
vt 0.120393127 0.809443891
vt 0.135994047 0.809443891
vt 0.135994047 0.764106929
vt 0.102861397 0.764107764
vt 0.102861397 0.809443891
vt 0.120393127 0.809443891
vt 0.120393127 0.764107108
vt 0.0871015564 0.764107943
vt 0.102861397 0.809443891
vt 0.102861397 0.764107764
vt 0.0871015564 0.809443891
vt 0.069469437 0.764108419
vt 0.069469437 0.809443891
vt 0.0536553785 0.764108598
vt 0.0536553785 0.809443891
vt 0.0363097563 0.764108777
vt 0.0363097563 0.809443891
vt 0.0536553785 0.809443891
vt 0.0536553785 0.764108598
vt 0.157264173 0.689855278
vt 0.157264173 0.735112071
vt 0.169070974 0.735112071
vt 0.169070974 0.689855695
vt 0.182457983 0.735112071
vt 0.182457983 0.689856172
vt 0.1940929 0.735112071
vt 0.1940929 0.689857364
vt 0.144577652 0.689853549
vt 0.144560009 0.735112071
vt 0.157264173 0.735112071
vt 0.157264173 0.689855278
vt 0.231968209 0.689859509
vt 0.243533179 0.735112071
vt 0.24352169 0.689858496
vt 0.231968209 0.735112071
vt 0.218569621 0.689859092
vt 0.218569621 0.735112071
vt 0.206768319 0.689858675
vt 0.206768319 0.735112071
vt 0.1940929 0.689857364
vt 0.1940929 0.735112071
vt 0.206768319 0.735112071
vt 0.206768319 0.689858675
vt 0.00336804357 0.809443891
vt 0.0207588784 0.764106691
vt 0.00336804357 0.764106929
vt 0.0207588784 0.809443891
vt 0.0363097563 0.764106691
vt 0.0363097563 0.809443891
vt 0.120393127 0.809443891
vt 0.135994047 0.809443891
vt 0.135994047 0.764106929
vt 0.120393127 0.764107108
vt 0.102861397 0.809443891
vt 0.120393127 0.809443891
vt 0.120393127 0.764107108
vt 0.102861397 0.764107764
vt 0.0871015564 0.809443891
vt 0.102861397 0.809443891
vt 0.102861397 0.764107764
vt 0.0871015564 0.764107943
vt 0.069469437 0.809443891
vt 0.069469437 0.764108419
vt 0.0536553785 0.809443891
vt 0.0536553785 0.764108598
vt 0.0363097563 0.809443891
vt 0.0536553785 0.809443891
vt 0.0536553785 0.764108598
vt 0.0363097563 0.764108777
vt 0.144560009 0.735112071
vt 0.157264173 0.689855278
vt 0.144577652 0.689853549
vt 0.157264173 0.735112071
vt 0.169070974 0.689855695
vt 0.169070974 0.735112071
vt 0.182457983 0.689856172
vt 0.182457983 0.735112071
vt 0.231968209 0.735112071
vt 0.243533179 0.735112071
vt 0.24352169 0.689858496
vt 0.231968209 0.689859509
vt 0.218569621 0.735112071
vt 0.231968209 0.735112071
vt 0.231968209 0.689859509
vt 0.218569621 0.689859092
vt 0.206768319 0.735112071
vt 0.206768319 0.689858675
vt 0.1940929 0.735112071
vt 0.1940929 0.689857364
vt 0.182457983 0.735112071
vt 0.1940929 0.735112071
vt 0.1940929 0.689857364
vt 0.182457983 0.689856172
vt 0.00336804357 0.764106929
vt 0.00336804357 0.809443891
vt 0.0207588784 0.809443891
vt 0.0207588784 0.764106691
vt 0.0363097563 0.809443891
vt 0.0363097563 0.764106691
vt 0.120393127 0.764107108
vt 0.120393127 0.809443891
vt 0.135994047 0.809443891
vt 0.135994047 0.764106929
vt 0.102861397 0.764107764
vt 0.102861397 0.809443891
vt 0.120393127 0.809443891
vt 0.120393127 0.764107108
vt 0.0871015564 0.764107943
vt 0.102861397 0.809443891
vt 0.102861397 0.764107764
vt 0.0871015564 0.809443891
vt 0.069469437 0.764108419
vt 0.069469437 0.809443891
vt 0.0536553785 0.764108598
vt 0.0536553785 0.809443891
vt 0.0363097563 0.764108777
vt 0.0363097563 0.809443891
vt 0.0536553785 0.809443891
vt 0.0536553785 0.764108598
vt 0.157264173 0.689855278
vt 0.157264173 0.735112071
vt 0.169070974 0.735112071
vt 0.169070974 0.689855695
vt 0.182457983 0.735112071
vt 0.182457983 0.689856172
vt 0.1940929 0.735112071
vt 0.1940929 0.689857364
vt 0.144577652 0.689853549
vt 0.144560009 0.735112071
vt 0.157264173 0.735112071
vt 0.157264173 0.689855278
vt 0.231968209 0.689859509
vt 0.243533179 0.735112071
vt 0.24352169 0.689858496
vt 0.231968209 0.735112071
vt 0.218569621 0.689859092
vt 0.218569621 0.735112071
vt 0.206768319 0.689858675
vt 0.206768319 0.735112071
vt 0.1940929 0.689857364
vt 0.1940929 0.735112071
vt 0.206768319 0.735112071
vt 0.206768319 0.689858675
vt 0.00336804357 0.764106929
vt 0.00336804357 0.809443891
vt 0.0207588784 0.809443891
vt 0.0207588784 0.764106691
vt 0.0363097563 0.809443891
vt 0.0363097563 0.764106691
vt 0.120393127 0.764107108
vt 0.120393127 0.809443891
vt 0.135994047 0.809443891
vt 0.135994047 0.764106929
vt 0.102861397 0.764107764
vt 0.102861397 0.809443891
vt 0.120393127 0.809443891
vt 0.120393127 0.764107108
vt 0.0871015564 0.764107943
vt 0.102861397 0.809443891
vt 0.102861397 0.764107764
vt 0.0871015564 0.809443891
vt 0.069469437 0.764108419
vt 0.069469437 0.809443891
vt 0.0536553785 0.764108598
vt 0.0536553785 0.809443891
vt 0.0363097563 0.764108777
vt 0.0363097563 0.809443891
vt 0.0536553785 0.809443891
vt 0.0536553785 0.764108598
vt 0.157264173 0.689855278
vt 0.157264173 0.735112071
vt 0.169070974 0.735112071
vt 0.169070974 0.689855695
vt 0.182457983 0.735112071
vt 0.182457983 0.689856172
vt 0.1940929 0.735112071
vt 0.1940929 0.689857364
vt 0.144577652 0.689853549
vt 0.144560009 0.735112071
vt 0.157264173 0.735112071
vt 0.157264173 0.689855278
vt 0.231968209 0.689859509
vt 0.243533179 0.735112071
vt 0.24352169 0.689858496
vt 0.231968209 0.735112071
vt 0.218569621 0.689859092
vt 0.218569621 0.735112071
vt 0.206768319 0.689858675
vt 0.206768319 0.735112071
vt 0.1940929 0.689857364
vt 0.1940929 0.735112071
vt 0.206768319 0.735112071
vt 0.206768319 0.689858675
vt 0.346525788 0.584565163
vt 0.359248966 0.585194051
vt 0.353950113 0.594095886
vt 0.351824701 0.574391842
vt 0.339101613 0.594095886
vt 0.341226995 0.574391842
vt 0.3338027 0.585194051
vt 0.359248966 0.585194051
vt 0.351824701 0.574391842
vt 0.346525788 0.584565163
vt 0.353950113 0.594095886
vt 0.341226995 0.574391842
vt 0.339101613 0.594095886
vt 0.3338027 0.585194051
vt 0.351830453 0.574397564
vt 0.359254688 0.585199714
vt 0.346531421 0.584570944
vt 0.341232687 0.574397624
vt 0.353955775 0.594101608
vt 0.333808362 0.585199714
vt 0.339107394 0.594101608
vt 0.333798856 0.58520925
vt 0.34122327 0.57440722
vt 0.346522063 0.584580362
vt 0.339097708 0.594111264
vt 0.351820976 0.574407101
vt 0.353946149 0.594111264
vt 0.359245121 0.58520925
vt 0.333793223 0.585203469
vt 0.341217428 0.574401379
vt 0.346516341 0.58457464
vt 0.339092016 0.594105422
vt 0.351815194 0.574401379
vt 0.353940427 0.594105422
vt 0.359239519 0.585203469
vt 0.243351296 0.893893063
vt 0.237342566 0.913127661
vt 0.243344903 0.915795267
vt 0.237288713 0.896663189
vt 0.227520749 0.92273128
vt 0.230309129 0.880872905
vt 0.230264947 0.928717196
vt 0.227547809 0.886895478
vt 0.211056277 0.92273128
vt 0.208310634 0.880853891
vt 0.208266318 0.928717196
vt 0.211069733 0.886900127
vt 0.20123066 0.91304642
vt 0.195211872 0.893904209
vt 0.195172146 0.915767908
vt 0.201286867 0.896702588
vt 0.243351296 0.893893063
vt 0.237342566 0.913127661
vt 0.243344903 0.915795267
vt 0.237288713 0.896663189
vt 0.227520749 0.92273128
vt 0.230309129 0.880872905
vt 0.230264947 0.928717196
vt 0.227547809 0.886895478
vt 0.211056277 0.92273128
vt 0.208310634 0.880853891
vt 0.208266318 0.928717196
vt 0.211069733 0.886900127
vt 0.20123066 0.91304642
vt 0.195211872 0.893904209
vt 0.195172146 0.915767908
vt 0.201286867 0.896702588
vt 0.256652474 0.572351277
vt 0.2663908 0.534849763
vt 0.256649226 0.531641662
vt 0.266389251 0.569017589
vt 0.279755771 0.522277772
vt 0.276932597 0.590739489
vt 0.276716858 0.512825131
vt 0.279851258 0.581225514
vt 0.314077348 0.521752238
vt 0.317598909 0.589793086
vt 0.316963375 0.512740433
vt 0.314452112 0.581225216
vt 0.328341633 0.534796238
vt 0.337506294 0.571227312
vt 0.337477475 0.531570613
vt 0.328342587 0.567961812
vt 0.236411393 0.583281577
vt 0.194903642 0.591282785
vt 0.193125963 0.583281577
vt 0.234633729 0.591282785
vt 0.174804702 0.57118398
vt 0.246731326 0.572961688
vt 0.182806045 0.572961688
vt 0.254732519 0.57118398
vt 0.174804702 0.531453848
vt 0.246731326 0.529676199
vt 0.182806045 0.529676199
vt 0.254732519 0.531453848
vt 0.194903642 0.511354983
vt 0.236411393 0.51935631
vt 0.193125963 0.51935631
vt 0.234633729 0.511354983
vt 0.256652474 0.572351277
vt 0.2663908 0.534849763
vt 0.256649226 0.531641662
vt 0.266389251 0.569017589
vt 0.279755771 0.522277772
vt 0.276932597 0.590739489
vt 0.276716858 0.512825131
vt 0.279851258 0.581225514
vt 0.314077348 0.521752238
vt 0.317598909 0.589793086
vt 0.316963375 0.512740433
vt 0.314452112 0.581225216
vt 0.328341633 0.534796238
vt 0.337506294 0.571227312
vt 0.337477475 0.531570613
vt 0.328342587 0.567961812
vt 0.236411393 0.583281577
vt 0.194903642 0.591282785
vt 0.193125963 0.583281577
vt 0.234633729 0.591282785
vt 0.174804702 0.57118398
vt 0.246731326 0.572961688
vt 0.182806045 0.572961688
vt 0.254732519 0.57118398
vt 0.174804702 0.531453848
vt 0.246731326 0.529676199
vt 0.182806045 0.529676199
vt 0.254732519 0.531453848
vt 0.194903642 0.511354983
vt 0.236411393 0.51935631
vt 0.193125963 0.51935631
vt 0.234633729 0.511354983
vt 0.256652474 0.572351277
vt 0.2663908 0.534849763
vt 0.256649226 0.531641662
vt 0.266389251 0.569017589
vt 0.279755771 0.522277772
vt 0.276932597 0.590739489
vt 0.276716858 0.512825131
vt 0.279851258 0.581225514
vt 0.314077348 0.521752238
vt 0.317598909 0.589793086
vt 0.316963375 0.512740433
vt 0.314452112 0.581225216
vt 0.328341633 0.534796238
vt 0.337506294 0.571227312
vt 0.337477475 0.531570613
vt 0.328342587 0.567961812
vt 0.236411393 0.583281577
vt 0.194903642 0.591282785
vt 0.193125963 0.583281577
vt 0.234633729 0.591282785
vt 0.174804702 0.57118398
vt 0.246731326 0.572961688
vt 0.182806045 0.572961688
vt 0.254732519 0.57118398
vt 0.174804702 0.531453848
vt 0.246731326 0.529676199
vt 0.182806045 0.529676199
vt 0.254732519 0.531453848
vt 0.194903642 0.511354983
vt 0.236411393 0.51935631
vt 0.193125963 0.51935631
vt 0.234633729 0.511354983
vt 0.256652474 0.572351277
vt 0.2663908 0.534849763
vt 0.256649226 0.531641662
vt 0.266389251 0.569017589
vt 0.279755771 0.522277772
vt 0.276932597 0.590739489
vt 0.276716858 0.512825131
vt 0.279851258 0.581225514
vt 0.314077348 0.521752238
vt 0.317598909 0.589793086
vt 0.316963375 0.512740433
vt 0.314452112 0.581225216
vt 0.328341633 0.534796238
vt 0.337506294 0.571227312
vt 0.337477475 0.531570613
vt 0.328342587 0.567961812
vt 0.236411393 0.583281577
vt 0.194903642 0.591282785
vt 0.193125963 0.583281577
vt 0.234633729 0.591282785
vt 0.174804702 0.57118398
vt 0.246731326 0.572961688
vt 0.182806045 0.572961688
vt 0.254732519 0.57118398
vt 0.174804702 0.531453848
vt 0.246731326 0.529676199
vt 0.182806045 0.529676199
vt 0.254732519 0.531453848
vt 0.194903642 0.511354983
vt 0.236411393 0.51935631
vt 0.193125963 0.51935631
vt 0.234633729 0.511354983
vt 0.256652474 0.572351277
vt 0.2663908 0.534849763
vt 0.256649226 0.531641662
vt 0.266389251 0.569017589
vt 0.279755771 0.522277772
vt 0.276932597 0.590739489
vt 0.276716858 0.512825131
vt 0.279851258 0.581225514
vt 0.314077348 0.521752238
vt 0.317598909 0.589793086
vt 0.316963375 0.512740433
vt 0.314452112 0.581225216
vt 0.328341633 0.534796238
vt 0.337506294 0.571227312
vt 0.337477475 0.531570613
vt 0.328342587 0.567961812
vt 0.236411393 0.583281577
vt 0.194903642 0.591282785
vt 0.193125963 0.583281577
vt 0.234633729 0.591282785
vt 0.174804702 0.57118398
vt 0.246731326 0.572961688
vt 0.182806045 0.572961688
vt 0.254732519 0.57118398
vt 0.174804702 0.531453848
vt 0.246731326 0.529676199
vt 0.182806045 0.529676199
vt 0.254732519 0.531453848
vt 0.194903642 0.511354983
vt 0.236411393 0.51935631
vt 0.193125963 0.51935631
vt 0.234633729 0.511354983
vt 0.256652474 0.572351277
vt 0.2663908 0.534849763
vt 0.256649226 0.531641662
vt 0.266389251 0.569017589
vt 0.279755771 0.522277772
vt 0.276932597 0.590739489
vt 0.276716858 0.512825131
vt 0.279851258 0.581225514
vt 0.314077348 0.521752238
vt 0.317598909 0.589793086
vt 0.316963375 0.512740433
vt 0.314452112 0.581225216
vt 0.328341633 0.534796238
vt 0.337506294 0.571227312
vt 0.337477475 0.531570613
vt 0.328342587 0.567961812
vt 0.236411393 0.583281577
vt 0.194903642 0.591282785
vt 0.193125963 0.583281577
vt 0.234633729 0.591282785
vt 0.174804702 0.57118398
vt 0.246731326 0.572961688
vt 0.182806045 0.572961688
vt 0.254732519 0.57118398
vt 0.174804702 0.531453848
vt 0.246731326 0.529676199
vt 0.182806045 0.529676199
vt 0.254732519 0.531453848
vt 0.194903642 0.511354983
vt 0.236411393 0.51935631
vt 0.193125963 0.51935631
vt 0.234633729 0.511354983
vt 0.195172146 0.915767908
vt 0.20123066 0.91304642
vt 0.201287389 0.896703184
vt 0.195211872 0.893904209
vt 0.208266318 0.928717196
vt 0.211069733 0.886900127
vt 0.211056277 0.92273128
vt 0.208310634 0.880853891
vt 0.230264947 0.928717196
vt 0.227547809 0.886895478
vt 0.227520749 0.92273128
vt 0.230309129 0.880872905
vt 0.243344903 0.915795267
vt 0.237288713 0.896663189
vt 0.237342566 0.913127661
vt 0.243351296 0.893893063
vt 0.195172146 0.915767908
vt 0.20123066 0.91304642
vt 0.201287389 0.896703184
vt 0.195211872 0.893904209
vt 0.208266318 0.928717196
vt 0.211069733 0.886900127
vt 0.211056277 0.92273128
vt 0.208310634 0.880853891
vt 0.230264947 0.928717196
vt 0.227547809 0.886895478
vt 0.227520749 0.92273128
vt 0.230309129 0.880872905
vt 0.243344903 0.915795267
vt 0.237288713 0.896663189
vt 0.237342566 0.913127661
vt 0.243351296 0.893893063
vt 0.195172146 0.915767908
vt 0.20123066 0.91304642
vt 0.201287389 0.896703184
vt 0.195211872 0.893904209
vt 0.208266318 0.928717196
vt 0.211069733 0.886900127
vt 0.211056277 0.92273128
vt 0.208310634 0.880853891
vt 0.230264947 0.928717196
vt 0.227547809 0.886895478
vt 0.227520749 0.92273128
vt 0.230309129 0.880872905
vt 0.243344903 0.915795267
vt 0.237288713 0.896663189
vt 0.237342566 0.913127661
vt 0.243351296 0.893893063
vn -0.577286601 0.577286601 -0.577477455
vn -0.577278793 0.577290714 -0.577481389
vn -0.576108098 0.576155782 -0.579779327
vn -0.577278793 -0.577290714 -0.577481389
vn -0.577286601 -0.577286601 -0.577477455
vn -0.576108098 -0.576155782 -0.579779327
vn 0.576203227 -0.579779744 -0.576060176
vn 0.57973218 -0.57625103 -0.576060295
vn 0.576108098 -0.576155782 -0.579779327
vn 0.577413797 0.577413797 -0.577223063
vn 0.576235116 0.579716444 -0.576092005
vn 0.576108098 0.576155782 -0.579779327
vn 0.576171756 0.579652727 0.57621938
vn 0.579668462 0.57618767 0.57618767
vn 0.576108098 0.576155782 0.579779327
vn 0.579668462 -0.57618767 0.57618767
vn 0.576139927 -0.579716086 0.576187611
vn 0.576108098 -0.576155782 0.579779327
vn -0.576139927 -0.579716086 0.576187611
vn -0.57967639 -0.576183736 0.576183736
vn -0.576108098 -0.576155782 0.579779327
vn -0.57967639 0.576183736 0.576183736
vn -0.576171756 0.579652727 0.57621938
vn -0.576108098 0.576155782 0.579779327
vn -0.302224874 0.464543194 -0.832381964
vn -0 -0.382610112 -0.923909962
vn -0.302238226 -0.4644683 -0.832418859
vn -0 0.382691473 -0.923876166
vn -0.302211523 0.832345128 -0.464617968
vn -0 0.923909962 -0.382610112
vn -0.302211523 0.832345128 0.464617968
vn -0 0.923909962 0.382610112
vn -0 0.382691473 0.923876166
vn -0.302224874 0.464543194 0.832381964
vn -0.302238226 -0.4644683 0.832418859
vn -0 -0.382610112 0.923909962
vn -0.302211523 -0.832345128 0.464617968
vn -0 -0.923909962 0.382610112
vn -0.302211523 -0.832345128 -0.464617968
vn -0 -0.923909962 -0.382610112
vn -0.302238226 -0.4644683 -0.832418859
vn -0 -0.382610112 -0.923909962
vn -0.832383752 -0.302112758 0.464612842
vn -0.832383752 -0.302112758 -0.464612842
vn -0.302211523 -0.832345128 -0.464617968
vn -0.302211523 -0.832345128 0.464617968
vn -0.464519173 -0.302144885 -0.832424402
vn 0.464537829 -0.302141547 -0.832415223
vn 0.464537829 -0.832415223 -0.302141547
vn -0.464519173 -0.832424402 -0.302144885
vn 0.832383752 -0.302112758 -0.464612842
vn 0.832383752 -0.302112758 0.464612842
vn 0.302211523 -0.832345128 0.464617968
vn 0.302211523 -0.832345128 -0.464617968
vn 0.464537829 -0.302141547 0.832415223
vn -0.464519173 -0.302144885 0.832424402
vn -0.464519173 -0.832424402 0.302144885
vn 0.464537829 -0.832415223 0.302141547
vn -0.464505702 0.30223155 0.832400441
vn 0.464524388 0.302228183 0.832391202
vn 0.464537829 0.832415223 0.302141547
vn -0.464482218 0.832453728 0.302120894
vn 0.832359731 0.302199483 0.46459949
vn 0.832359731 0.302199483 -0.46459949
vn 0.302211523 0.832345128 -0.464617968
vn 0.302211523 0.832345128 0.464617968
vn 0.464524388 0.302228183 -0.832391202
vn -0.464505702 0.30223155 -0.832400441
vn -0.464482218 0.832453728 -0.302120894
vn 0.464537829 0.832415223 -0.302141547
vn -0.832359731 0.302199483 -0.46459949
vn -0.832359731 0.302199483 0.46459949
vn -0.302211523 0.832345128 0.464617968
vn -0.302211523 0.832345128 -0.464617968
vn 0.302224874 0.464543194 0.832381964
vn 0.302238226 -0.4644683 0.832418859
vn 0.832457542 -0.464463353 0.30213958
vn 0.832420588 0.464538097 0.302126199
vn 0.577286601 0.577286601 0.577477455
vn 0.464537829 0.832415223 0.302141547
vn 0.302211523 0.832345128 0.464617968
vn 0.464524388 0.302228183 0.832391202
vn 0.832359731 0.302199483 0.46459949
vn -0.302238226 -0.4644683 0.832418859
vn -0.302224874 0.464543194 0.832381964
vn -0.832420588 0.464538097 0.302126199
vn -0.832457542 -0.464463353 0.30213958
vn 0.302238226 -0.4644683 -0.832418859
vn 0.302224874 0.464543194 -0.832381964
vn 0.832372725 0.464511395 -0.30229947
vn 0.832409561 -0.464436591 -0.30231294
vn 0.577350259 -0.577350259 -0.577350259
vn 0.464537829 -0.832415223 -0.302141547
vn 0.302211523 -0.832345128 -0.464617968
vn 0.464537829 -0.302141547 -0.832415223
vn 0.832383752 -0.302112758 -0.464612842
vn -0.302224874 0.464543194 -0.832381964
vn -0.302238226 -0.4644683 -0.832418859
vn -0.832457542 -0.464463353 -0.30213958
vn -0.832420588 0.464538097 -0.302126199
vn -0.577350259 0.577350259 -0.577350259
vn -0.464482218 0.832453728 -0.302120894
vn -0.302211523 0.832345128 -0.464617968
vn -0.464505702 0.30223155 -0.832400441
vn -0.832359731 0.302199483 -0.46459949
vn -0.0447307155 0.383024663 -0.92265445
vn -0.0448251106 -0.381681055 -0.923206508
vn -0.0448258966 -0.383022964 -0.922650576
vn -0.0447315611 0.381601244 -0.923244119
vn -0.0447267741 0.922668636 -0.382990897
vn -0.0447292402 0.923291743 -0.381486118
vn -0.0447267741 0.922668636 0.382990897
vn -0.0447292402 0.923291743 0.381486118
vn -0.0447228439 0.38295728 0.922682822
vn -0.0447315611 0.381601244 0.923244119
vn -0.0447228439 -0.38295728 0.922682822
vn -0.0447299257 -0.381682634 0.923210502
vn -0.0448258966 -0.922650576 0.383022964
vn -0.0448283702 -0.923273683 0.381518066
vn -0.0448258966 -0.922650576 -0.383022964
vn -0.0448283702 -0.923273683 -0.381518066
vn -0.0448258966 -0.383022964 -0.922650576
vn -0.0448251106 -0.381681055 -0.923206508
vn -0.172610581 0.908446729 0.380696982
vn 0.576108098 0.576155782 -0.579779327
vn -0.172610581 0.908446729 -0.380696982
vn 0.576108098 0.576155782 0.579779327
vn -0.172598064 0.380860031 0.908380747
vn 0.576171756 0.579652727 0.57621938
vn -0.172604322 -0.380778491 0.908413649
vn 0.576139927 -0.579716086 0.576187611
vn -0.172625527 -0.90842998 0.380729884
vn 0.576108098 -0.576155782 0.579779327
vn -0.172625527 -0.90842998 -0.380729884
vn 0.576108098 -0.576155782 -0.579779327
vn -0.172634229 -0.380844444 -0.90838033
vn 0.576203227 -0.579779744 -0.576060176
vn -0.172640517 0.380762964 -0.908413351
vn 0.576235116 0.579716444 -0.576092005
vn -0.172610581 0.908446729 -0.380696982
vn 0.576108098 0.576155782 -0.579779327
vn 0.464524388 0.302228183 -0.832391202
vn -0.382650793 0 -0.923893034
vn -0.464505702 0.30223155 -0.832400441
vn 0.382671148 0 -0.92388463
vn 0.832359731 0.302199483 -0.46459949
vn 0.923902929 0 -0.382626951
vn 0.832359731 0.302199483 0.46459949
vn 0.923902929 0 0.382626951
vn 0.382671148 0 0.92388463
vn 0.464524388 0.302228183 0.832391202
vn -0.464505702 0.30223155 0.832400441
vn -0.382650793 0 0.923893034
vn -0.832359731 0.302199483 0.46459949
vn -0.923902929 0 0.382626951
vn -0.832359731 0.302199483 -0.46459949
vn -0.923902929 0 -0.382626951
vn -0.464505702 0.30223155 -0.832400441
vn -0.382650793 0 -0.923893034
vn 0.383004278 0.0447311178 -0.922662854
vn -0.38164112 0.0447783284 -0.923225343
vn -0.383022964 0.0448258966 -0.922650576
vn 0.38164112 0.0447783284 -0.923225343
vn 0.922668636 0.0447267741 -0.382990897
vn 0.923289716 0.0447768308 -0.381485254
vn 0.922668636 0.0447267741 0.382990897
vn 0.923289716 0.0447768308 0.381485254
vn 0.382936925 0.04472325 0.922691286
vn 0.381620765 0.0447787419 0.923233747
vn -0.38295728 0.0447228439 0.922682822
vn -0.38164112 0.0447783284 0.923225343
vn -0.922664702 0.0448219553 0.382989287
vn -0.923289716 0.0447768308 0.381485254
vn -0.922664702 0.0448219553 -0.382989287
vn -0.923289716 0.0447768308 -0.381485254
vn -0.383022964 0.0448258966 -0.922650576
vn -0.38164112 0.0447783284 -0.923225343
vn 0.908438385 0.172618061 0.380713433
vn 0.576108098 -0.576155782 -0.579779327
vn 0.908438385 0.172618061 -0.380713433
vn 0.576108098 -0.576155782 0.579779327
vn 0.380778491 0.172604322 0.908413649
vn 0.579668462 -0.57618767 0.57618767
vn -0.380778491 0.172604322 0.908413649
vn -0.57967639 -0.576183736 0.576183736
vn -0.90842998 0.172625527 0.380729884
vn -0.576108098 -0.576155782 0.579779327
vn -0.90842998 0.172625527 -0.380729884
vn -0.576108098 -0.576155782 -0.579779327
vn -0.380844444 0.172634229 -0.90838033
vn -0.580286741 -0.575781047 -0.575971782
vn 0.380844444 0.172634229 -0.90838033
vn 0.57973218 -0.57625103 -0.576060295
vn 0.908438385 0.172618061 -0.380713433
vn 0.576108098 -0.576155782 -0.579779327
vn 0.302238226 -0.4644683 -0.832418859
vn -0 0.382691473 -0.923876166
vn 0.302224874 0.464543194 -0.832381964
vn -0 -0.382610112 -0.923909962
vn 0.302211523 -0.832345128 -0.464617968
vn -0 -0.923909962 -0.382610112
vn 0.302211523 -0.832345128 0.464617968
vn -0 -0.923909962 0.382610112
vn -0 -0.382610112 0.923909962
vn 0.302238226 -0.4644683 0.832418859
vn 0.302224874 0.464543194 0.832381964
vn -0 0.382691473 0.923876166
vn 0.302211523 0.832345128 0.464617968
vn -0 0.923909962 0.382610112
vn 0.302211523 0.832345128 -0.464617968
vn -0 0.923909962 -0.382610112
vn 0.302224874 0.464543194 -0.832381964
vn -0 0.382691473 -0.923876166
vn 0.0447783023 -0.383023828 -0.922652483
vn 0.0448267348 0.381599575 -0.923240125
vn 0.0447783023 0.383023828 -0.922652483
vn 0.0448251106 -0.381681055 -0.923206508
vn 0.0447783023 -0.922652483 -0.383023828
vn 0.0448283702 -0.923273683 -0.381518066
vn 0.0447783023 -0.922652483 0.383023828
vn 0.0448283702 -0.923273683 0.381518066
vn 0.044770427 -0.382956415 0.922680914
vn 0.0448251106 -0.381681055 0.923206508
vn 0.044770427 0.382956415 0.922680914
vn 0.0448267348 0.381599575 0.923240125
vn 0.0447743721 0.922666728 0.382990181
vn 0.0448244251 0.923287809 0.381484479
vn 0.0447743721 0.922666728 -0.382990181
vn 0.0448244251 0.923287809 -0.381484479
vn 0.0447783023 0.383023828 -0.922652483
vn 0.0448267348 0.381599575 -0.923240125
vn 0.172625527 -0.90842998 0.380729884
vn -0.576108098 -0.576155782 -0.579779327
vn 0.172625527 -0.90842998 -0.380729884
vn -0.576108098 -0.576155782 0.579779327
vn 0.172604322 -0.380778491 0.908413649
vn -0.576139927 -0.579716086 0.576187611
vn 0.172598064 0.380860031 0.908380747
vn -0.576171756 0.579652727 0.57621938
vn 0.172610581 0.908446729 0.380696982
vn -0.576108098 0.576155782 0.579779327
vn 0.172610581 0.908446729 -0.380696982
vn -0.576108098 0.576155782 -0.579779327
vn 0.172627956 0.380925983 -0.908347368
vn -0.57577306 0.580326319 -0.575939953
vn 0.172634229 -0.380844444 -0.90838033
vn -0.575804889 -0.580263019 -0.575971842
vn 0.172625527 -0.90842998 -0.380729884
vn -0.576108098 -0.576155782 -0.579779327
vn -0.464519173 -0.302144885 -0.832424402
vn 0.382671148 0 -0.92388463
vn 0.464537829 -0.302141547 -0.832415223
vn -0.382650793 0 -0.923893034
vn -0.832383752 -0.302112758 -0.464612842
vn -0.923902929 0 -0.382626951
vn -0.832383752 -0.302112758 0.464612842
vn -0.923902929 0 0.382626951
vn -0.382650793 0 0.923893034
vn -0.464519173 -0.302144885 0.832424402
vn 0.464537829 -0.302141547 0.832415223
vn 0.382671148 0 0.92388463
vn 0.832383752 -0.302112758 0.464612842
vn 0.923902929 0 0.382626951
vn 0.832383752 -0.302112758 -0.464612842
vn 0.923902929 0 -0.382626951
vn 0.464537829 -0.302141547 -0.832415223
vn 0.382671148 0 -0.92388463
vn -0.383022964 -0.0448258966 -0.922650576
vn 0.3816199 -0.0448263362 -0.923231721
vn 0.383002639 -0.0448263064 -0.92265898
vn -0.381640285 -0.0448259264 -0.923223376
vn -0.922664702 -0.0448219553 -0.382989287
vn -0.923287809 -0.0448244251 -0.381484479
vn -0.922664702 -0.0448219553 0.382989287
vn -0.923287809 -0.0448244251 0.381484479
vn -0.382955581 -0.0448180102 0.922678888
vn -0.381640285 -0.0448259264 0.923223376
vn 0.382955581 -0.0448180102 0.922678888
vn 0.3816199 -0.0448263362 0.923231721
vn 0.922664702 -0.0448219553 0.382989287
vn 0.923287809 -0.0448244251 0.381484479
vn 0.922664702 -0.0448219553 -0.382989287
vn 0.923287809 -0.0448244251 -0.381484479
vn 0.383002639 -0.0448263064 -0.92265898
vn 0.3816199 -0.0448263362 -0.923231721
vn -0.90842998 -0.172625527 0.380729884
vn -0.576108098 0.576155782 -0.579779327
vn -0.90842998 -0.172625527 -0.380729884
vn -0.576108098 0.576155782 0.579779327
vn -0.380778491 -0.172604322 0.908413649
vn -0.57967639 0.576183736 0.576183736
vn 0.380778491 -0.172604322 0.908413649
vn 0.579668462 0.57618767 0.57618767
vn 0.908438385 -0.172618061 0.380713433
vn 0.576108098 0.576155782 0.579779327
vn 0.908438385 -0.172618061 -0.380713433
vn 0.576108098 0.576155782 -0.579779327
vn 0.380844444 -0.172634229 -0.90838033
vn 0.580302596 0.57577306 -0.575963795
vn -0.380844444 -0.172634229 -0.90838033
vn -0.580286741 0.575781047 -0.575971782
vn -0.90842998 -0.172625527 -0.380729884
vn -0.576108098 0.576155782 -0.579779327
vn -0.832420588 0.464538097 0.302126199
vn -0.923902929 -0.382626951 0
vn -0.832457542 -0.464463353 0.30213958
vn -0.923869252 0.382708371 0
vn -0.464482218 0.832453728 0.302120894
vn -0.382691473 0.923876166 0
vn 0.464537829 0.832415223 0.302141547
vn 0.382671148 0.92388463 0
vn 0.923869252 0.382708371 0
vn 0.832420588 0.464538097 0.302126199
vn 0.832457542 -0.464463353 0.30213958
vn 0.923902929 -0.382626951 0
vn 0.464537829 -0.832415223 0.302141547
vn 0.382671148 -0.92388463 0
vn -0.464519173 -0.832424402 0.302144885
vn -0.382691473 -0.923876166 0
vn -0.832457542 -0.464463353 0.30213958
vn -0.923902929 -0.382626951 0
vn -0.92267257 0.382992536 0.0446316116
vn -0.923228443 -0.381650746 0.0446308218
vn -0.92267257 -0.382992536 0.0446316116
vn -0.923262119 0.381569207 0.0446324423
vn -0.382992536 0.92267257 0.0446316116
vn -0.381609946 0.923245311 0.0446316265
vn 0.38297227 0.922681034 0.0446320102
vn 0.381589532 0.923253655 0.0446320288
vn 0.92267257 0.382992536 0.0446316116
vn 0.923262119 0.381569207 0.0446324423
vn 0.92267257 -0.382992536 0.0446316116
vn 0.923228443 -0.381650746 0.0446308218
vn 0.383005917 -0.922666907 0.0446359366
vn 0.381623179 -0.923239648 0.0446359664
vn -0.383026272 -0.922658503 0.0446355343
vn -0.381643564 -0.923231184 0.0446355529
vn -0.92267257 -0.382992536 0.0446316116
vn -0.923228443 -0.381650746 0.0446308218
vn 0.380765915 0.908383787 0.17278935
vn -0.580286741 0.575781047 -0.575971782
vn -0.380791008 0.90844357 0.17241928
vn 0.580302596 0.57577306 -0.575963795
vn 0.908408463 0.380700886 0.172803104
vn 0.576235116 0.579716444 -0.576092005
vn 0.908367157 -0.380798936 0.172804311
vn 0.576203227 -0.579779744 -0.576060176
vn 0.380798936 -0.908367157 0.172804311
vn 0.57973218 -0.57625103 -0.576060295
vn -0.380798936 -0.908367157 0.172804311
vn -0.580286741 -0.575781047 -0.575971782
vn -0.90842694 -0.380824 0.172434211
vn -0.575804889 -0.580263019 -0.575971842
vn -0.908393919 0.380905569 0.172427952
vn -0.57577306 0.580326319 -0.575939953
vn -0.380791008 0.90844357 0.17241928
vn -0.580286741 0.575781047 -0.575971782
vn -0.832457542 -0.464463353 -0.30213958
vn -0.923869252 0.382708371 0
vn -0.832420588 0.464538097 -0.302126199
vn -0.923902929 -0.382626951 0
vn -0.464519173 -0.832424402 -0.302144885
vn -0.382691473 -0.923876166 0
vn 0.464537829 -0.832415223 -0.302141547
vn 0.382671148 -0.92388463 0
vn 0.923902929 -0.382626951 0
vn 0.832409561 -0.464436591 -0.30231294
vn 0.832372725 0.464511395 -0.30229947
vn 0.923869252 0.382708371 0
vn 0.464537829 0.832415223 -0.302141547
vn 0.382671148 0.92388463 0
vn -0.464482218 0.832453728 -0.302120894
vn -0.382691473 0.923876166 0
vn -0.832420588 0.464538097 -0.302126199
vn -0.923869252 0.382708371 0
vn -0.922664702 -0.382989287 -0.0448219553
vn -0.923254192 0.381565928 -0.0448227972
vn -0.922664702 0.382989287 -0.0448219553
vn -0.923220634 -0.381647438 -0.0448211618
vn -0.383022964 -0.922650576 -0.0448258966
vn -0.381640255 -0.923223376 -0.0448259227
vn 0.383002639 -0.92265898 -0.0448263064
vn 0.3816199 -0.923231721 -0.0448263362
vn 0.922664702 -0.382989287 -0.0448219553
vn 0.923220634 -0.381647438 -0.0448211618
vn 0.922664702 0.382989287 -0.0448219553
vn 0.923254192 0.381565928 -0.0448227972
vn 0.382968962 0.922673106 -0.0448223613
vn 0.381586313 0.923245847 -0.0448223799
vn -0.382989287 0.922664702 -0.0448219553
vn -0.381606698 0.923237383 -0.0448219776
vn -0.922664702 0.382989287 -0.0448219553
vn -0.923254192 0.381565928 -0.0448227972
vn 0.380811542 -0.908397079 -0.172619298
vn -0.57967639 -0.576183736 0.576183736
vn -0.380811542 -0.908397079 -0.172619298
vn 0.579668462 -0.57618767 0.57618767
vn 0.908405423 -0.380795002 -0.172611818
vn 0.576139927 -0.579716086 0.576187611
vn 0.908364117 0.380893081 -0.172613025
vn 0.576171756 0.579652727 0.57621938
vn 0.380778521 0.908413768 -0.172604308
vn 0.579668462 0.57618767 0.57618767
vn -0.380778521 0.908413768 -0.172604308
vn -0.57967639 0.576183736 0.576183736
vn -0.908364117 0.380893081 -0.172613025
vn -0.576171756 0.579652727 0.57621938
vn -0.908397079 -0.380811542 -0.172619298
vn -0.576139927 -0.579716086 0.576187611
vn -0.380811542 -0.908397079 -0.172619298
vn -0.57967639 -0.576183736 0.576183736
vn 0.707099974 -0.707113564 -6.17541664E-05
vn 0.382672399 -0.923884094 -8.05924137E-05
vn 0.707099974 -0.707113564 -6.17541664E-05
vn 0.382686257 -0.923878312 -8.05919117E-05
vn -0.382676542 -0.923882365 -8.07240867E-05
vn -0.382692397 -0.923875749 -8.07235192E-05
vn -0.707109034 -0.707104504 -6.19969433E-05
vn -0.707109034 -0.707104504 -6.19969433E-05
vn 1 1.68034956E-06 0
vn 1 1.68034933E-06 0
vn 1 1.68034956E-06 0
vn 1 1.68034933E-06 0
vn 0.382675469 0.923882782 8.09706835E-05
vn 0.707106113 0.707107425 6.19360217E-05
vn 0.707106054 0.707107425 6.19360144E-05
vn 0.382691354 0.923876286 8.09701014E-05
vn -0.382676631 0.923882365 8.08380573E-05
vn -0.382689178 0.92387706 8.08375844E-05
vn -0.70710659 0.707106888 6.16909601E-05
vn -0.70710659 0.707106888 6.16909601E-05
vn -1 -3.36071844E-06 0
vn -1 -3.36071844E-06 0
vn -1 -3.36071844E-06 0
vn -1 -3.36071844E-06 0
vn 0.7071141 0.707099438 -0.000173693668
vn 0.382677704 0.923881948 -0.0001661571
vn 0.7071141 0.707099438 -0.000173693668
vn 0.382699728 0.923872709 -0.000166158381
vn -0.394704551 0.918808043 -0.00016802708
vn -0.394726098 0.918798745 -0.000168028331
vn -0.725332439 0.688398778 -0.000175443522
vn -0.725332439 0.688398838 -0.000175443522
vn 1 -2.23970255E-06 -0.000235644824
vn 1 -2.23970255E-06 -0.000235644809
vn 1 -2.23970255E-06 -0.000235644824
vn 1 -2.23970255E-06 -0.000235644824
vn 0.353806138 -0.935318708 -0.000325296307
vn 0.661845744 -0.749640048 -0.000300174986
vn 0.661845744 -0.749639928 -0.000300174928
vn 0.353809476 -0.935317457 -0.000325296336
vn -0.367497295 -0.930024505 -0.000326515496
vn -0.367502868 -0.930022359 -0.000326515379
vn -0.683567405 -0.729887307 -0.000298997911
vn -0.683567405 -0.729887307 -0.000298997882
vn -1 0 -0.000235644591
vn -1 0 -0.000235644591
vn -1 0 -0.000235644591
vn -1 0 -0.000235644591
vn 0.382692486 -0.923875749 8.08559271E-05
vn 0.382676214 -0.923882544 8.08565164E-05
vn -0.382677644 -0.923881948 8.00645648E-05
vn -0.382691324 -0.923876286 8.00640628E-05
vn -0.707109511 -0.707103968 6.07785587E-05
vn -0.707109511 -0.707103968 6.07785514E-05
vn 0.707106948 -0.70710659 6.22420412E-05
vn 0.707107008 -0.707106531 6.22420339E-05
vn 0.382676214 -0.923882544 8.08565164E-05
vn 0.382692486 -0.923875749 8.08559271E-05
vn 1 -1.68034489E-06 6.89165518E-07
vn 1 -1.68034467E-06 6.89165404E-07
vn 1 -1.68034489E-06 6.89165518E-07
vn 1 -1.68034467E-06 6.89165404E-07
vn 0.382676989 0.923882186 -8.05822347E-05
vn 0.707108438 0.707105041 -6.13906523E-05
vn 0.707108438 0.707105041 -6.13906523E-05
vn 0.382692128 0.923875988 -8.0581689E-05
vn -0.382680297 0.923880816 -8.13719162E-05
vn -0.38269344 0.923875332 -8.13714505E-05
vn -0.707112074 0.707101464 -6.28497073E-05
vn -0.707112074 0.707101464 -6.28497073E-05
vn -1 0 -2.06705545E-06
vn -1 0 -2.06705545E-06
vn -1 0 -2.06705545E-06
vn -1 0 -2.06705545E-06
vn 0.707103431 0.707110107 -0.000296956627
vn 0.707103431 0.707110107 -0.000296956539
vn 0.382675767 0.923882663 -0.000327208894
vn 0.382683724 0.923879325 -0.000327208807
vn -0.382674575 0.9238832 -0.000327469665
vn -0.382682234 0.923880041 -0.000327469577
vn -0.707096636 0.707116783 -0.000297440332
vn -0.707096636 0.707116842 -0.000297440391
vn 1 -4.48621631E-06 -0.000235643922
vn 1 -4.48621631E-06 -0.000235643951
vn 1 -4.48621631E-06 -0.000235643922
vn 1 -4.48621631E-06 -0.000235643922
vn 0.382669181 -0.923885405 -0.000166088415
vn 0.707101703 -0.707111776 -0.000173567736
vn 0.707101703 -0.707111776 -0.000173567707
vn 0.382688999 -0.92387718 -0.000166089565
vn -0.382661939 -0.923888445 -0.000166349768
vn -0.382689029 -0.92387718 -0.000166351383
vn -0.707093 -0.707120478 -0.00017405214
vn -0.707092941 -0.707120478 -0.00017405214
vn -1 0 -0.000236333304
vn -1 0 -0.000236333304
vn -1 0 -0.000236333304
vn -1 0 -0.000236333304
vn -8.05911404E-05 -0.923878312 -0.382686287
vn -8.07240867E-05 -0.923882365 0.382676542
vn -8.0591657E-05 -0.923884094 -0.382672489
vn -8.07235119E-05 -0.923875749 0.382692397
vn -6.19969433E-05 -0.707104504 0.707109034
vn -6.19969287E-05 -0.707104504 0.707109034
vn -6.17527257E-05 -0.707113504 -0.707100034
vn -8.05911404E-05 -0.923878312 -0.382686287
vn -8.0591657E-05 -0.923884094 -0.382672489
vn -6.17527403E-05 -0.707113504 -0.707100034
vn -0 1.68034921E-06 -1
vn -0 1.68034921E-06 -1
vn -0 1.68034921E-06 -1
vn -0 1.68034921E-06 -1
vn 8.09699195E-05 0.923882782 -0.382675469
vn 6.19345883E-05 0.707107365 -0.707106113
vn 6.19345956E-05 0.707107425 -0.707106113
vn 8.09693447E-05 0.923876286 -0.382691413
vn 8.08380573E-05 0.923882365 0.382676631
vn 8.08375844E-05 0.92387706 0.382689238
vn 6.16909601E-05 0.707106888 0.70710659
vn 6.16909601E-05 0.707106888 0.70710659
vn -0 -3.36071798E-06 1
vn -0 -3.36071844E-06 1
vn -0 -3.36071798E-06 1
vn -0 -3.36071844E-06 1
vn -0.000173693625 0.707099438 -0.707114041
vn -0.0001661571 0.923881948 -0.382677704
vn -0.00017369361 0.707099438 -0.7071141
vn -0.000166158366 0.923872709 -0.382699728
vn -0.00016802708 0.918808162 0.394704521
vn -0.000168028331 0.918798745 0.394726068
vn -0.000175443522 0.688398838 0.725332439
vn -0.000175443507 0.688398898 0.725332379
vn -0.000235644824 -2.23971483E-06 -1
vn -0.000235644809 -2.23971483E-06 -1
vn -0.000235644824 -2.23971529E-06 -1
vn -0.000235644824 -2.23971483E-06 -1
vn -0.000325296278 -0.935318708 -0.353806108
vn -0.000300174928 -0.749640048 -0.661845624
vn -0.000300174928 -0.749639928 -0.661845744
vn -0.000325296249 -0.935317457 -0.353809416
vn -0.000326515408 -0.930024505 0.367497295
vn -0.00032651535 -0.930022359 0.367502838
vn -0.000298997824 -0.729887366 0.683567345
vn -0.000298997853 -0.729887307 0.683567345
vn -0.000235644591 0 1
vn -0.000235644591 0 1
vn -0.000235644591 0 1
vn -0.000235644591 0 1
vn 8.08551849E-05 -0.923875749 -0.382692605
vn 8.08557525E-05 -0.923882544 -0.382676214
vn 8.00645794E-05 -0.923881948 0.382677644
vn 8.00640628E-05 -0.923876286 0.382691324
vn 6.07785587E-05 -0.707103968 0.707109511
vn 6.07785587E-05 -0.707103968 0.707109511
vn 6.22406151E-05 -0.707106471 -0.707107008
vn 6.22406224E-05 -0.707106531 -0.707107008
vn 8.08557525E-05 -0.923882544 -0.382676214
vn 8.08551849E-05 -0.923875749 -0.382692605
vn 6.89165631E-07 -1.68034489E-06 -1
vn 6.89165518E-07 -1.68034489E-06 -1
vn 6.89165631E-07 -1.68034489E-06 -1
vn 6.89165518E-07 -1.68034489E-06 -1
vn -8.05807285E-05 0.923882186 -0.382676989
vn -6.13878292E-05 0.707105041 -0.707108438
vn -6.13878292E-05 0.707105041 -0.707108438
vn -8.0580161E-05 0.923875988 -0.382692128
vn -8.13719162E-05 0.923880816 0.382680297
vn -8.13714505E-05 0.923875332 0.38269344
vn -6.28497073E-05 0.707101405 0.707112074
vn -6.28497073E-05 0.707101464 0.707112074
vn -2.06705545E-06 0 1
vn -2.06705545E-06 0 1
vn -2.06705545E-06 0 1
vn -2.06705545E-06 0 1
vn -0.000296956627 0.707110107 -0.707103431
vn -0.000296956627 0.707110107 -0.707103431
vn -0.000327208894 0.923882663 -0.382675767
vn -0.000327208836 0.923879445 -0.382683724
vn -0.000327469694 0.9238832 0.382674634
vn -0.000327469548 0.923879921 0.382682264
vn -0.000297440391 0.707116783 0.707096636
vn -0.000297440391 0.707116783 0.707096636
vn -0.000235643965 -4.48621677E-06 -1
vn -0.000235643965 -4.48621677E-06 -1
vn -0.000235643965 -4.48621677E-06 -1
vn -0.00023564398 -4.48621677E-06 -1
vn -0.000166088415 -0.923885405 -0.382669181
vn -0.000173567736 -0.707111776 -0.707101703
vn -0.000173567707 -0.707111776 -0.707101703
vn -0.00016608958 -0.92387718 -0.382688999
vn -0.000166349826 -0.923888445 0.382661939
vn -0.000166351398 -0.92387718 0.382689029
vn -0.000174052155 -0.707120478 0.707093
vn -0.000174052155 -0.707120478 0.707093
vn -0.000236333362 0 1
vn -0.000236333392 0 1
vn -0.000236333362 0 1
vn -0.000236333362 0 1
vn 0.92387718 4.04636121E-05 -0.382688999
vn 0.923880935 4.04637613E-05 -0.382679969
vn 0.923880219 4.00676727E-05 0.382681578
vn 0.923877776 4.00675599E-05 0.382687628
vn 0.707103848 3.03983416E-05 0.70710969
vn 0.707103848 3.03983434E-05 0.70710969
vn 0.707106352 3.11302902E-05 -0.707107186
vn 0.707106352 3.11302902E-05 -0.707107186
vn 0.923880935 4.04637613E-05 -0.382679969
vn 0.92387718 4.04636121E-05 -0.382688999
vn 1.68034751E-06 3.44348564E-07 -1
vn 1.68034762E-06 3.44348564E-07 -1
vn 1.68034751E-06 3.44348564E-07 -1
vn 1.68034762E-06 3.44348564E-07 -1
vn -0.923880637 -4.02628939E-05 -0.382680893
vn -0.707105041 -3.06730435E-05 -0.707108438
vn -0.707105041 -3.06730471E-05 -0.707108438
vn -0.923877597 -4.02627629E-05 -0.382688284
vn -0.923879325 -4.0658244E-05 0.382684082
vn -0.923877001 -4.06581457E-05 0.382689804
vn -0.707101464 -3.14034951E-05 0.707112074
vn -0.707101464 -3.14034951E-05 0.707112074
vn -0 -1.03282514E-06 1
vn -0 -1.03282514E-06 1
vn -0 -1.03282514E-06 1
vn -0 -1.03282514E-06 1
vn -0.707110107 -0.000148437903 -0.707103431
vn -0.707110047 -0.000148437874 -0.707103431
vn -0.923881948 -0.000163572549 -0.382677704
vn -0.923880219 -0.000163572535 -0.382681727
vn -0.923882484 -0.000163703371 0.382676482
vn -0.923880756 -0.000163703313 0.382680357
vn -0.707116842 -0.00014868057 0.707096696
vn -0.707116902 -0.00014868057 0.707096696
vn 4.48727224E-06 -0.000117741896 -1
vn 4.48727224E-06 -0.000117741889 -1
vn 4.48727224E-06 -0.000117741882 -1
vn 4.48727224E-06 -0.000117741896 -1
vn 0.9238832 -8.29879282E-05 -0.382674694
vn 0.707111776 -8.67248746E-05 -0.707101762
vn 0.707111776 -8.672486E-05 -0.707101762
vn 0.923879504 -8.29881901E-05 -0.382683516
vn 0.92388612 -8.31185389E-05 0.382667482
vn 0.923879504 -8.311899E-05 0.382683516
vn 0.707120478 -8.69669238E-05 0.707093
vn 0.707120478 -8.69669238E-05 0.707093
vn -0 -0.000118086369 1
vn -0 -0.000118086347 1
vn -0 -0.000118086347 1
vn -0 -0.000118086347 1
vn -0.577413797 0.577413797 0.577223063
vn -0.302211523 0.832345128 0.464617968
vn -0.832359731 0.302199483 0.46459949
vn -0.302224874 0.464543194 0.832381964
vn -0.464505702 0.30223155 0.832400441
vn -0.832420588 0.464538097 0.302126199
vn -0.464482218 0.832453728 0.302120894
vn -0.302211523 -0.832345128 0.464617968
vn -0.302238226 -0.4644683 0.832418859
vn -0.577413797 -0.577413797 0.577223063
vn -0.832383752 -0.302112758 0.464612842
vn -0.832457542 -0.464463353 0.30213958
vn -0.464519173 -0.302144885 0.832424402
vn -0.464519173 -0.832424402 0.302144885
vn -0.302238226 -0.4644683 -0.832418859
vn -0.302211523 -0.832345128 -0.464617968
vn -0.577350259 -0.577350259 -0.577350259
vn -0.832457542 -0.464463353 -0.30213958
vn -0.832383752 -0.302112758 -0.464612842
vn -0.464519173 -0.832424402 -0.302144885
vn -0.464519173 -0.302144885 -0.832424402
vn 0.464537829 0.832415223 -0.302141547
vn 0.832372725 0.464511395 -0.30229947
vn 0.577350259 0.577350259 -0.577350259
vn 0.464524388 0.302228183 -0.832391202
vn 0.302224874 0.464543194 -0.832381964
vn 0.832359731 0.302199483 -0.46459949
vn 0.302211523 0.832345128 -0.464617968
vn 0.464537829 -0.832415223 0.302141547
vn 0.832457542 -0.464463353 0.30213958
vn 0.577286601 -0.577286601 0.577477455
vn 0.464537829 -0.302141547 0.832415223
vn 0.302238226 -0.4644683 0.832418859
vn 0.832383752 -0.302112758 0.464612842
vn 0.302211523 -0.832345128 0.464617968
vn -1 4.55027521E-06 -1.20121458E-05
vn -1 7.53538734E-06 -4.09303357E-06
vn -1 7.66160429E-06 -3.8114606E-06
vn -1 4.51587266E-06 -1.20278974E-05
vn -1 1.59993469E-05 2.09337122E-06
vn -1 8.66659138E-06 -4.17591127E-06
vn -1 1.60886411E-05 2.05377E-06
vn -1 8.84430938E-06 -3.78785353E-06
vn -1 1.81696796E-05 -7.64496781E-06
vn -1 1.17718037E-05 4.44310308E-06
vn -1 1.8236753E-05 -7.44387626E-06
vn -1 1.17954942E-05 4.41783595E-06
vn -1 9.52887149E-06 -1.37121187E-05
vn -1 7.92366427E-06 -2.87894363E-06
vn -1 1.03246912E-05 -1.39081121E-05
vn -1 7.37002529E-06 -4.19581693E-06
vn 1.20121458E-05 4.55027521E-06 -1
vn 4.09303357E-06 7.53538734E-06 -1
vn 3.8114606E-06 7.66160429E-06 -1
vn 1.20278974E-05 4.51587266E-06 -1
vn -2.09337122E-06 1.59993469E-05 -1
vn 4.17591127E-06 8.66659138E-06 -1
vn -2.05377E-06 1.60886411E-05 -1
vn 3.78785353E-06 8.84430938E-06 -1
vn 7.64496599E-06 1.81696796E-05 -1
vn -4.44310263E-06 1.17718046E-05 -1
vn 7.44387353E-06 1.82367494E-05 -1
vn -4.41783504E-06 1.17954942E-05 -1
vn 1.37121169E-05 9.52887149E-06 -1
vn 2.87894454E-06 7.92366427E-06 -1
vn 1.39081094E-05 1.03246894E-05 -1
vn 4.19581602E-06 7.37002392E-06 -1
vn -0.287256867 -0.114063494 -0.951037824
vn -0.282968283 0.127130657 -0.950666487
vn -0.287253797 0.114157625 -0.951027453
vn -0.282964855 -0.127224475 -0.950654984
vn -0.127130657 0.282968283 -0.950666487
vn -0.114110567 -0.287255347 -0.951032639
vn -0.114110567 0.287255347 -0.951032639
vn -0.127134085 -0.282880485 -0.950692117
vn 0.127130657 0.282968283 -0.950666487
vn 0.114110567 -0.287255347 -0.951032639
vn 0.114110567 0.287255347 -0.951032639
vn 0.127134085 -0.282880485 -0.950692117
vn 0.282968283 0.127130657 -0.950666487
vn 0.287256867 -0.114063494 -0.951037824
vn 0.287253797 0.114157625 -0.951027453
vn 0.282964855 -0.127224475 -0.950654984
vn -0.586717844 -0.363903373 0.723419964
vn -0.590302169 0.181286663 0.786561072
vn -0.586717844 0.363903373 0.723419964
vn -0.590312481 -0.18119444 0.786574721
vn -0.181240559 0.590307355 0.786567867
vn -0.363913476 -0.586686611 0.72344023
vn -0.363913476 0.586686611 0.72344023
vn -0.181240559 -0.590307355 0.786567867
vn 0.181240559 0.590307355 0.786567867
vn 0.363892823 -0.586691678 0.723446488
vn 0.363892823 0.586691678 0.723446488
vn 0.181240559 -0.590307355 0.786567867
vn 0.590302169 0.181286663 0.786561072
vn 0.586717844 -0.363903373 0.723419964
vn 0.586717844 0.363903373 0.723419964
vn 0.590312481 -0.18119444 0.786574721
vn -0.287253797 0.114157625 0.951027453
vn -0.282964855 -0.127224475 0.950654984
vn -0.287256867 -0.114063494 0.951037824
vn -0.282968283 0.127130657 0.950666487
vn -0.127134085 -0.282880485 0.950692117
vn -0.114110567 0.287255347 0.951032639
vn -0.114110567 -0.287255347 0.951032639
vn -0.127130657 0.282968283 0.950666487
vn 0.127134085 -0.282880485 0.950692117
vn 0.114110567 0.287255347 0.951032639
vn 0.114110567 -0.287255347 0.951032639
vn 0.127130657 0.282968283 0.950666487
vn 0.282964855 -0.127224475 0.950654984
vn 0.287253797 0.114157625 0.951027453
vn 0.287256867 -0.114063494 0.951037824
vn 0.282968283 0.127130657 0.950666487
vn -0.586798728 0.363953561 -0.723329127
vn -0.590312481 -0.18119444 -0.786574721
vn -0.586798728 -0.363953561 -0.723329127
vn -0.590302169 0.181286663 -0.786561072
vn -0.181240559 -0.590307355 -0.786567867
vn -0.363963753 0.586767495 -0.723349273
vn -0.363963753 -0.586767495 -0.723349273
vn -0.181240559 0.590307355 -0.786567867
vn 0.181240559 -0.590307355 -0.786567867
vn 0.36394307 0.58677268 -0.723355591
vn 0.36394307 -0.58677268 -0.723355591
vn 0.181240559 0.590307355 -0.786567867
vn 0.590312481 -0.18119444 -0.786574721
vn 0.586798728 0.363953561 -0.723329127
vn 0.586798728 -0.363953561 -0.723329127
vn 0.590302169 0.181286663 -0.786561072
vn -0.114110567 -0.951032639 -0.287255347
vn 0.1271341 -0.950692117 -0.282880455
vn 0.114110567 -0.951032639 -0.287255347
vn -0.1271341 -0.950692117 -0.282880455
vn 0.28297168 -0.950678051 -0.12703684
vn -0.287256867 -0.951037824 -0.114063494
vn 0.287256867 -0.951037824 -0.114063494
vn -0.28297168 -0.950678051 -0.12703684
vn 0.28297168 -0.950678051 0.12703684
vn -0.287256867 -0.951037824 0.114063494
vn 0.287256867 -0.951037824 0.114063494
vn -0.28297168 -0.950678051 0.12703684
vn 0.12712723 -0.950640857 0.283055961
vn -0.114110567 -0.951032639 0.287255347
vn 0.114110567 -0.951032639 0.287255347
vn -0.12712723 -0.950640857 0.283055961
vn -0.363913476 0.72344023 -0.586686611
vn 0.181240559 0.786567867 -0.590307355
vn 0.363892823 0.723446488 -0.586691678
vn -0.181240559 0.786567867 -0.590307355
vn 0.590312481 0.786574721 -0.18119444
vn -0.586717844 0.723419964 -0.363903373
vn 0.586717844 0.723419964 -0.363903373
vn -0.590312481 0.786574721 -0.18119444
vn 0.590312481 0.786574721 0.18119444
vn -0.586717844 0.723419964 0.363903373
vn 0.586717844 0.723419964 0.363903373
vn -0.590312481 0.786574721 0.18119444
vn 0.181220144 0.786479294 0.590431571
vn -0.363913476 0.72344023 0.586686611
vn 0.363892823 0.723446488 0.586691678
vn -0.181220144 0.786479294 0.590431571
vn 0.951037824 -0.114063494 -0.287256867
vn 0.950692117 0.1271341 -0.282880515
vn 0.951027453 0.114157625 -0.287253797
vn 0.950680614 -0.127227932 -0.282877058
vn 0.950678051 0.28297168 -0.12703684
vn 0.951037824 -0.287256867 -0.114063494
vn 0.951037824 0.287256867 -0.114063494
vn 0.950703681 -0.282883942 -0.127040267
vn 0.950678051 0.28297168 0.12703684
vn 0.951037824 -0.287256867 0.114063494
vn 0.951037824 0.287256867 0.114063494
vn 0.950703681 -0.282883942 0.127040267
vn 0.950640857 0.12712723 0.283055961
vn 0.951037824 -0.114063494 0.287256867
vn 0.951027453 0.114157625 0.287253797
vn 0.950629234 -0.127221063 0.283052504
vn -0.723417461 -0.363926083 -0.586706877
vn -0.786542952 0.181293458 -0.590324402
vn -0.723417461 0.363926083 -0.586706877
vn -0.786556542 -0.181201249 -0.590334594
vn -0.786556542 0.590334594 -0.181201249
vn -0.723417461 -0.586706877 -0.363926083
vn -0.723417461 0.586706877 -0.363926083
vn -0.786556542 -0.590334594 -0.181201249
vn -0.786556542 0.590334594 0.181201249
vn -0.723417461 -0.586706877 0.363926083
vn -0.723417461 0.586706877 0.363926083
vn -0.786556542 -0.590334594 0.181201249
vn -0.78645438 0.181273073 0.590448678
vn -0.723417461 -0.363926083 0.586706877
vn -0.723417461 0.363926083 0.586706877
vn -0.786467969 -0.181180835 0.59045881
vn 0.114105381 0.951037288 -0.287242323
vn -0.127128333 0.950696647 -0.28286764
vn -0.114105381 0.951037288 -0.287242323
vn 0.127128333 0.950696647 -0.28286764
vn -0.282958806 0.95068258 -0.127031043
vn 0.287243903 0.951042414 -0.114058331
vn -0.287243903 0.951042414 -0.114058331
vn 0.282958806 0.95068258 -0.127031043
vn -0.282958806 0.95068258 0.127031043
vn 0.287243903 0.951042414 0.114058331
vn -0.287243903 0.951042414 0.114058331
vn 0.282958806 0.95068258 0.127031043
vn -0.127121463 0.950645387 0.283043087
vn 0.114105381 0.951037288 0.287242323
vn -0.114105381 0.951037288 0.287242323
vn 0.127121463 0.950645387 0.283043087
vn 0.363917977 -0.72340107 -0.586732149
vn -0.181240559 -0.786567867 -0.590307355
vn -0.3639386 -0.723394752 -0.586727023
vn 0.181240559 -0.786567867 -0.590307355
vn -0.590312481 -0.786574721 -0.18119444
vn 0.586758375 -0.723374546 -0.363928437
vn -0.586758375 -0.723374546 -0.363928437
vn 0.590312481 -0.786574721 -0.18119444
vn -0.590312481 -0.786574721 0.18119444
vn 0.586758375 -0.723374546 0.363928437
vn -0.586758375 -0.723374546 0.363928437
vn 0.590312481 -0.786574721 0.18119444
vn -0.181220144 -0.786479294 0.590431571
vn 0.363917977 -0.72340107 0.586732149
vn -0.3639386 -0.723394752 0.586727023
vn 0.181220144 -0.786479294 0.590431571
vn -0.951027453 0.114157625 -0.287253797
vn -0.950689793 -0.127216384 -0.282851428
vn -0.951037824 -0.114063494 -0.287256867
vn -0.950701296 0.127122581 -0.282854885
vn -0.95071286 -0.282858312 -0.127028719
vn -0.951037824 0.287256867 -0.114063494
vn -0.951037824 -0.287256867 -0.114063494
vn -0.95068717 0.28294605 -0.127025321
vn -0.95071286 -0.282858312 0.127028719
vn -0.951037824 0.287256867 0.114063494
vn -0.951037824 -0.287256867 0.114063494
vn -0.95068717 0.28294605 0.127025321
vn -0.950638473 -0.127209544 0.283026904
vn -0.951027453 0.114157625 0.287253797
vn -0.951037824 -0.114063494 0.287256867
vn -0.950650036 0.127115726 0.283030331
vn 0.723394752 0.3639386 -0.586727023
vn 0.786574721 -0.18119444 -0.590312481
vn 0.723394752 -0.3639386 -0.586727023
vn 0.786561072 0.181286663 -0.590302169
vn 0.786574721 -0.590312481 -0.18119444
vn 0.723394752 0.586727023 -0.3639386
vn 0.723394752 -0.586727023 -0.3639386
vn 0.786574721 0.590312481 -0.18119444
vn 0.786574721 -0.590312481 0.18119444
vn 0.723394752 0.586727023 0.3639386
vn 0.723394752 -0.586727023 0.3639386
vn 0.786574721 0.590312481 0.18119444
vn 0.786486089 -0.181174055 0.590436757
vn 0.723394752 0.3639386 0.586727023
vn 0.723394752 -0.3639386 0.586727023
vn 0.786472499 0.181266263 0.590426445
vn -6.79540153E-06 1 1.45867998E-05
vn -6.28029966E-06 1 1.44732076E-05
vn 1.9580234E-06 1 6.23487904E-06
vn 1.86202806E-06 1 5.92920151E-06
vn -2.05158121E-05 1 4.9334385E-06
vn -6.23477081E-06 1 1.9580159E-06
vn -2.07077846E-05 1 4.32230945E-06
vn -5.92928518E-06 1 1.86207876E-06
vn -1.18581984E-05 1 -3.72406566E-06
vn -1.44732239E-05 1 1.01964451E-05
vn -1.24696153E-05 1 -3.91608091E-06
vn -1.45868116E-05 1 1.0519605E-05
vn -3.72404884E-06 1 1.18585231E-05
vn -1.21544263E-05 1 2.07083121E-05
vn -3.91606909E-06 1 1.24699754E-05
vn -1.23817617E-05 1 2.05162687E-05
vn 1 6.79540153E-06 1.45867998E-05
vn 1 6.28029966E-06 1.44732048E-05
vn 1 -1.95802318E-06 6.23487813E-06
vn 1 -1.86202737E-06 5.92920151E-06
vn 1 2.05158121E-05 4.93343623E-06
vn 1 6.23477217E-06 1.9580159E-06
vn 1 2.07077846E-05 4.32230763E-06
vn 1 5.92928518E-06 1.86207831E-06
vn 1 1.18581984E-05 -3.72406566E-06
vn 1 1.44732294E-05 1.01964488E-05
vn 1 1.24696153E-05 -3.91608091E-06
vn 1 1.45868162E-05 1.05196077E-05
vn 1 3.72404747E-06 1.18585231E-05
vn 1 1.21544263E-05 2.07083158E-05
vn 1 3.91606818E-06 1.24699754E-05
vn 1 1.23817617E-05 2.05162687E-05
vn -1.45867998E-05 6.79540153E-06 1
vn -1.44732048E-05 6.28029966E-06 1
vn -6.23487813E-06 -1.95802318E-06 1
vn -5.92920151E-06 -1.86202737E-06 1
vn -4.93343623E-06 2.05158121E-05 1
vn -1.9580159E-06 6.23477217E-06 1
vn -4.32230763E-06 2.07077846E-05 1
vn -1.86207831E-06 5.92928518E-06 1
vn 3.72406566E-06 1.18581984E-05 1
vn -1.01964451E-05 1.44732257E-05 1
vn 3.91608091E-06 1.24696153E-05 1
vn -1.0519605E-05 1.45868144E-05 1
vn -1.18585231E-05 3.72404838E-06 1
vn -2.07083158E-05 1.21544281E-05 1
vn -1.246997E-05 3.91606727E-06 1
vn -2.05162651E-05 1.23817563E-05 1
g P_Cross_PlusUp_B_0
f 3/3/3 2/2/2 1/1/1
f 6/6/6 5/5/5 4/4/4
f 9/9/9 8/8/8 7/7/7
f 12/12/12 11/11/11 10/10/10
f 15/15/15 14/14/14 13/13/13
f 18/18/18 17/17/17 16/16/16
f 21/21/21 20/20/20 19/19/19
f 24/24/24 23/23/23 22/22/22
f 27/27/27 26/26/26 25/25/25
f 26/26/26 28/28/28 25/25/25
f 29/29/29 25/25/25 28/28/28
f 30/30/30 29/29/29 28/28/28
f 29/29/29 30/30/30 31/31/31
f 30/30/30 32/32/32 31/31/31
f 32/32/32 33/33/33 31/31/31
f 33/33/33 34/34/34 31/31/31
f 34/34/34 33/33/33 35/35/35
f 33/33/33 36/36/36 35/35/35
f 37/37/37 35/35/35 36/36/36
f 38/38/38 37/37/37 36/36/36
f 37/37/37 38/38/38 39/39/39
f 38/38/38 40/40/40 39/39/39
f 41/41/41 39/39/39 40/40/40
f 42/42/42 41/41/41 40/40/40
f 45/45/45 44/44/44 43/43/43
f 46/46/46 45/45/45 43/43/43
f 49/49/49 48/48/48 47/47/47
f 50/50/50 49/49/49 47/47/47
f 53/53/53 52/52/52 51/51/51
f 54/54/54 53/53/53 51/51/51
f 57/57/57 56/56/56 55/55/55
f 58/58/58 57/57/57 55/55/55
f 61/61/61 60/60/60 59/59/59
f 62/62/62 61/61/61 59/59/59
f 65/65/65 64/64/64 63/63/63
f 66/66/66 65/65/65 63/63/63
f 69/69/69 68/68/68 67/67/67
f 70/70/70 69/69/69 67/67/67
f 73/73/73 72/72/72 71/71/71
f 74/74/74 73/73/73 71/71/71
f 77/77/77 76/76/76 75/75/75
f 78/78/78 77/77/77 75/75/75
f 75/75/75 79/79/79 78/78/78
f 79/79/79 80/80/80 78/78/78
f 79/79/79 75/75/75 81/81/81
f 82/82/82 80/80/80 79/79/79
f 83/83/83 79/79/79 81/81/81
f 79/79/79 83/83/83 82/82/82
f 86/86/86 85/85/85 84/84/84
f 87/87/87 86/86/86 84/84/84
f 90/90/90 89/89/89 88/88/88
f 91/91/91 90/90/90 88/88/88
f 91/91/91 88/88/88 92/92/92
f 92/92/92 93/93/93 91/91/91
f 92/92/92 88/88/88 94/94/94
f 93/93/93 92/92/92 95/95/95
f 96/96/96 92/92/92 94/94/94
f 96/96/96 95/95/95 92/92/92
f 99/99/99 98/98/98 97/97/97
f 100/100/100 99/99/99 97/97/97
f 97/97/97 101/101/101 100/100/100
f 102/102/102 100/100/100 101/101/101
f 101/101/101 97/97/97 103/103/103
f 104/104/104 102/102/102 101/101/101
f 105/105/105 101/101/101 103/103/103
f 101/101/101 105/105/105 104/104/104
f 108/108/108 107/107/107 106/106/106
f 107/107/107 109/109/109 106/106/106
f 106/106/106 109/109/109 110/110/110
f 109/109/109 111/111/111 110/110/110
f 110/110/110 111/111/111 112/112/112
f 111/111/111 113/113/113 112/112/112
f 112/112/112 113/113/113 114/114/114
f 113/113/113 115/115/115 114/114/114
f 114/114/114 115/115/115 116/116/116
f 115/115/115 117/117/117 116/116/116
f 116/116/116 117/117/117 118/118/118
f 117/117/117 119/119/119 118/118/118
f 118/118/118 119/119/119 120/120/120
f 119/119/119 121/121/121 120/120/120
f 120/120/120 121/121/121 122/122/122
f 121/121/121 123/123/123 122/122/122
f 126/126/126 125/125/125 124/124/124
f 125/125/125 127/127/127 124/124/124
f 124/124/124 127/127/127 128/128/128
f 127/127/127 129/129/129 128/128/128
f 128/128/128 129/129/129 130/130/130
f 129/129/129 131/131/131 130/130/130
f 130/130/130 131/131/131 132/132/132
f 131/131/131 133/133/133 132/132/132
f 132/132/132 133/133/133 134/134/134
f 133/133/133 135/135/135 134/134/134
f 134/134/134 135/135/135 136/136/136
f 135/135/135 137/137/137 136/136/136
f 136/136/136 137/137/137 138/138/138
f 137/137/137 139/139/139 138/138/138
f 138/138/138 139/139/139 140/140/140
f 139/139/139 141/141/141 140/140/140
f 144/144/144 143/143/143 142/142/142
f 143/143/143 145/145/145 142/142/142
f 146/146/146 142/142/142 145/145/145
f 147/147/147 146/146/146 145/145/145
f 146/146/146 147/147/147 148/148/148
f 147/147/147 149/149/149 148/148/148
f 149/149/149 150/150/150 148/148/148
f 150/150/150 151/151/151 148/148/148
f 151/151/151 150/150/150 152/152/152
f 150/150/150 153/153/153 152/152/152
f 154/154/154 152/152/152 153/153/153
f 155/155/155 154/154/154 153/153/153
f 154/154/154 155/155/155 156/156/156
f 155/155/155 157/157/157 156/156/156
f 158/158/158 156/156/156 157/157/157
f 159/159/159 158/158/158 157/157/157
f 162/162/162 161/161/161 160/160/160
f 161/161/161 163/163/163 160/160/160
f 160/160/160 163/163/163 164/164/164
f 163/163/163 165/165/165 164/164/164
f 164/164/164 165/165/165 166/166/166
f 165/165/165 167/167/167 166/166/166
f 166/166/166 167/167/167 168/168/168
f 167/167/167 169/169/169 168/168/168
f 168/168/168 169/169/169 170/170/170
f 169/169/169 171/171/171 170/170/170
f 170/170/170 171/171/171 172/172/172
f 171/171/171 173/173/173 172/172/172
f 172/172/172 173/173/173 174/174/174
f 173/173/173 175/175/175 174/174/174
f 174/174/174 175/175/175 176/176/176
f 175/175/175 177/177/177 176/176/176
f 180/180/180 179/179/179 178/178/178
f 179/179/179 181/181/181 178/178/178
f 178/178/178 181/181/181 182/182/182
f 181/181/181 183/183/183 182/182/182
f 182/182/182 183/183/183 184/184/184
f 183/183/183 185/185/185 184/184/184
f 184/184/184 185/185/185 186/186/186
f 185/185/185 187/187/187 186/186/186
f 186/186/186 187/187/187 188/188/188
f 187/187/187 189/189/189 188/188/188
f 188/188/188 189/189/189 190/190/190
f 189/189/189 191/191/191 190/190/190
f 190/190/190 191/191/191 192/192/192
f 191/191/191 193/193/193 192/192/192
f 192/192/192 193/193/193 194/194/194
f 193/193/193 195/195/195 194/194/194
f 198/198/198 197/197/197 196/196/196
f 197/197/197 199/199/199 196/196/196
f 200/200/200 196/196/196 199/199/199
f 201/201/201 200/200/200 199/199/199
f 200/200/200 201/201/201 202/202/202
f 201/201/201 203/203/203 202/202/202
f 203/203/203 204/204/204 202/202/202
f 204/204/204 205/205/205 202/202/202
f 205/205/205 204/204/204 206/206/206
f 204/204/204 207/207/207 206/206/206
f 208/208/208 206/206/206 207/207/207
f 209/209/209 208/208/208 207/207/207
f 208/208/208 209/209/209 210/210/210
f 209/209/209 211/211/211 210/210/210
f 212/212/212 210/210/210 211/211/211
f 213/213/213 212/212/212 211/211/211
f 216/216/216 215/215/215 214/214/214
f 215/215/215 217/217/217 214/214/214
f 214/214/214 217/217/217 218/218/218
f 217/217/217 219/219/219 218/218/218
f 218/218/218 219/219/219 220/220/220
f 219/219/219 221/221/221 220/220/220
f 220/220/220 221/221/221 222/222/222
f 221/221/221 223/223/223 222/222/222
f 222/222/222 223/223/223 224/224/224
f 223/223/223 225/225/225 224/224/224
f 224/224/224 225/225/225 226/226/226
f 225/225/225 227/227/227 226/226/226
f 226/226/226 227/227/227 228/228/228
f 227/227/227 229/229/229 228/228/228
f 228/228/228 229/229/229 230/230/230
f 229/229/229 231/231/231 230/230/230
f 234/234/234 233/233/233 232/232/232
f 233/233/233 235/235/235 232/232/232
f 232/232/232 235/235/235 236/236/236
f 235/235/235 237/237/237 236/236/236
f 236/236/236 237/237/237 238/238/238
f 237/237/237 239/239/239 238/238/238
f 238/238/238 239/239/239 240/240/240
f 239/239/239 241/241/241 240/240/240
f 240/240/240 241/241/241 242/242/242
f 241/241/241 243/243/243 242/242/242
f 242/242/242 243/243/243 244/244/244
f 243/243/243 245/245/245 244/244/244
f 244/244/244 245/245/245 246/246/246
f 245/245/245 247/247/247 246/246/246
f 246/246/246 247/247/247 248/248/248
f 247/247/247 249/249/249 248/248/248
f 252/252/252 251/251/251 250/250/250
f 251/251/251 253/253/253 250/250/250
f 254/254/254 250/250/250 253/253/253
f 255/255/255 254/254/254 253/253/253
f 254/254/254 255/255/255 256/256/256
f 255/255/255 257/257/257 256/256/256
f 257/257/257 258/258/258 256/256/256
f 258/258/258 259/259/259 256/256/256
f 259/259/259 258/258/258 260/260/260
f 258/258/258 261/261/261 260/260/260
f 262/262/262 260/260/260 261/261/261
f 263/263/263 262/262/262 261/261/261
f 262/262/262 263/263/263 264/264/264
f 263/263/263 265/265/265 264/264/264
f 266/266/266 264/264/264 265/265/265
f 267/267/267 266/266/266 265/265/265
f 270/270/270 269/269/269 268/268/268
f 269/269/269 271/271/271 268/268/268
f 268/268/268 271/271/271 272/272/272
f 271/271/271 273/273/273 272/272/272
f 272/272/272 273/273/273 274/274/274
f 273/273/273 275/275/275 274/274/274
f 274/274/274 275/275/275 276/276/276
f 275/275/275 277/277/277 276/276/276
f 276/276/276 277/277/277 278/278/278
f 277/277/277 279/279/279 278/278/278
f 278/278/278 279/279/279 280/280/280
f 279/279/279 281/281/281 280/280/280
f 280/280/280 281/281/281 282/282/282
f 281/281/281 283/283/283 282/282/282
f 282/282/282 283/283/283 284/284/284
f 283/283/283 285/285/285 284/284/284
f 288/288/288 287/287/287 286/286/286
f 287/287/287 289/289/289 286/286/286
f 286/286/286 289/289/289 290/290/290
f 289/289/289 291/291/291 290/290/290
f 290/290/290 291/291/291 292/292/292
f 291/291/291 293/293/293 292/292/292
f 292/292/292 293/293/293 294/294/294
f 293/293/293 295/295/295 294/294/294
f 294/294/294 295/295/295 296/296/296
f 295/295/295 297/297/297 296/296/296
f 296/296/296 297/297/297 298/298/298
f 297/297/297 299/299/299 298/298/298
f 298/298/298 299/299/299 300/300/300
f 299/299/299 301/301/301 300/300/300
f 300/300/300 301/301/301 302/302/302
f 301/301/301 303/303/303 302/302/302
f 306/306/306 305/305/305 304/304/304
f 305/305/305 307/307/307 304/304/304
f 308/308/308 304/304/304 307/307/307
f 309/309/309 308/308/308 307/307/307
f 308/308/308 309/309/309 310/310/310
f 309/309/309 311/311/311 310/310/310
f 311/311/311 312/312/312 310/310/310
f 312/312/312 313/313/313 310/310/310
f 313/313/313 312/312/312 314/314/314
f 312/312/312 315/315/315 314/314/314
f 316/316/316 314/314/314 315/315/315
f 317/317/317 316/316/316 315/315/315
f 316/316/316 317/317/317 318/318/318
f 317/317/317 319/319/319 318/318/318
f 320/320/320 318/318/318 319/319/319
f 321/321/321 320/320/320 319/319/319
f 324/324/324 323/323/323 322/322/322
f 323/323/323 325/325/325 322/322/322
f 322/322/322 325/325/325 326/326/326
f 325/325/325 327/327/327 326/326/326
f 326/326/326 327/327/327 328/328/328
f 327/327/327 329/329/329 328/328/328
f 328/328/328 329/329/329 330/330/330
f 329/329/329 331/331/331 330/330/330
f 330/330/330 331/331/331 332/332/332
f 331/331/331 333/333/333 332/332/332
f 332/332/332 333/333/333 334/334/334
f 333/333/333 335/335/335 334/334/334
f 334/334/334 335/335/335 336/336/336
f 335/335/335 337/337/337 336/336/336
f 336/336/336 337/337/337 338/338/338
f 337/337/337 339/339/339 338/338/338
f 342/342/342 341/341/341 340/340/340
f 341/341/341 343/343/343 340/340/340
f 340/340/340 343/343/343 344/344/344
f 343/343/343 345/345/345 344/344/344
f 344/344/344 345/345/345 346/346/346
f 345/345/345 347/347/347 346/346/346
f 346/346/346 347/347/347 348/348/348
f 347/347/347 349/349/349 348/348/348
f 348/348/348 349/349/349 350/350/350
f 349/349/349 351/351/351 350/350/350
f 350/350/350 351/351/351 352/352/352
f 351/351/351 353/353/353 352/352/352
f 352/352/352 353/353/353 354/354/354
f 353/353/353 355/355/355 354/354/354
f 354/354/354 355/355/355 356/356/356
f 355/355/355 357/357/357 356/356/356
f 360/360/360 359/359/359 358/358/358
f 359/359/359 361/361/361 358/358/358
f 362/362/362 358/358/358 361/361/361
f 363/363/363 362/362/362 361/361/361
f 362/362/362 363/363/363 364/364/364
f 363/363/363 365/365/365 364/364/364
f 365/365/365 366/366/366 364/364/364
f 366/366/366 367/367/367 364/364/364
f 367/367/367 366/366/366 368/368/368
f 366/366/366 369/369/369 368/368/368
f 370/370/370 368/368/368 369/369/369
f 371/371/371 370/370/370 369/369/369
f 370/370/370 371/371/371 372/372/372
f 371/371/371 373/373/373 372/372/372
f 374/374/374 372/372/372 373/373/373
f 375/375/375 374/374/374 373/373/373
f 378/378/378 377/377/377 376/376/376
f 377/377/377 379/379/379 376/376/376
f 376/376/376 379/379/379 380/380/380
f 379/379/379 381/381/381 380/380/380
f 380/380/380 381/381/381 382/382/382
f 381/381/381 383/383/383 382/382/382
f 382/382/382 383/383/383 384/384/384
f 383/383/383 385/385/385 384/384/384
f 384/384/384 385/385/385 386/386/386
f 385/385/385 387/387/387 386/386/386
f 386/386/386 387/387/387 388/388/388
f 387/387/387 389/389/389 388/388/388
f 388/388/388 389/389/389 390/390/390
f 389/389/389 391/391/391 390/390/390
f 390/390/390 391/391/391 392/392/392
f 391/391/391 393/393/393 392/392/392
f 396/396/396 395/395/395 394/394/394
f 395/395/395 397/397/397 394/394/394
f 394/394/394 397/397/397 398/398/398
f 397/397/397 399/399/399 398/398/398
f 398/398/398 399/399/399 400/400/400
f 399/399/399 401/401/401 400/400/400
f 400/400/400 401/401/401 402/402/402
f 401/401/401 403/403/403 402/402/402
f 402/402/402 403/403/403 404/404/404
f 403/403/403 405/405/405 404/404/404
f 404/404/404 405/405/405 406/406/406
f 405/405/405 407/407/407 406/406/406
f 406/406/406 407/407/407 408/408/408
f 407/407/407 409/409/409 408/408/408
f 408/408/408 409/409/409 410/410/410
f 409/409/409 411/411/411 410/410/410
f 414/414/414 413/413/413 412/412/412
f 413/413/413 415/415/415 412/412/412
f 413/413/413 416/416/416 415/415/415
f 416/416/416 417/417/417 415/415/415
f 416/416/416 418/418/418 417/417/417
f 418/418/418 419/419/419 417/417/417
f 422/422/422 421/421/421 420/420/420
f 423/423/423 422/422/422 420/420/420
f 426/426/426 425/425/425 424/424/424
f 427/427/427 426/426/426 424/424/424
f 427/427/427 424/424/424 428/428/428
f 429/429/429 427/427/427 428/428/428
f 429/429/429 428/428/428 430/430/430
f 431/431/431 429/429/429 430/430/430
f 434/434/434 433/433/433 432/432/432
f 435/435/435 434/434/434 432/432/432
f 438/438/438 437/437/437 436/436/436
f 437/437/437 439/439/439 436/436/436
f 437/437/437 440/440/440 439/439/439
f 440/440/440 441/441/441 439/439/439
f 440/440/440 442/442/442 441/441/441
f 442/442/442 443/443/443 441/441/441
f 446/446/446 445/445/445 444/444/444
f 447/447/447 446/446/446 444/444/444
f 450/450/450 449/449/449 448/448/448
f 451/451/451 450/450/450 448/448/448
f 451/451/451 448/448/448 452/452/452
f 453/453/453 451/451/451 452/452/452
f 453/453/453 452/452/452 454/454/454
f 455/455/455 453/453/453 454/454/454
f 458/458/458 457/457/457 456/456/456
f 459/459/459 458/458/458 456/456/456
f 462/462/462 461/461/461 460/460/460
f 463/463/463 462/462/462 460/460/460
f 464/464/464 462/462/462 463/463/463
f 465/465/465 464/464/464 463/463/463
f 468/468/468 467/467/467 466/466/466
f 469/469/469 468/468/468 466/466/466
f 472/472/472 471/471/471 470/470/470
f 473/473/473 472/472/472 470/470/470
f 476/476/476 475/475/475 474/474/474
f 475/475/475 477/477/477 474/474/474
f 474/474/474 477/477/477 478/478/478
f 477/477/477 479/479/479 478/478/478
f 478/478/478 479/479/479 480/480/480
f 479/479/479 481/481/481 480/480/480
f 484/484/484 483/483/483 482/482/482
f 485/485/485 484/484/484 482/482/482
f 488/488/488 487/487/487 486/486/486
f 489/489/489 488/488/488 486/486/486
f 490/490/490 488/488/488 489/489/489
f 491/491/491 490/490/490 489/489/489
f 492/492/492 490/490/490 491/491/491
f 493/493/493 492/492/492 491/491/491
f 496/496/496 495/495/495 494/494/494
f 497/497/497 496/496/496 494/494/494
f 500/500/500 499/499/499 498/498/498
f 499/499/499 501/501/501 498/498/498
f 498/498/498 501/501/501 502/502/502
f 501/501/501 503/503/503 502/502/502
f 502/502/502 503/503/503 504/504/504
f 503/503/503 505/505/505 504/504/504
f 508/508/508 507/507/507 506/506/506
f 509/509/509 508/508/508 506/506/506
f 512/512/512 511/511/511 510/510/510
f 511/511/511 513/513/513 510/510/510
f 511/511/511 514/514/514 513/513/513
f 514/514/514 515/515/515 513/513/513
f 518/518/518 517/517/517 516/516/516
f 519/519/519 518/518/518 516/516/516
f 522/522/522 521/521/521 520/520/520
f 523/523/523 522/522/522 520/520/520
f 526/526/526 525/525/525 524/524/524
f 527/527/527 526/526/526 524/524/524
f 527/527/527 524/524/524 528/528/528
f 529/529/529 527/527/527 528/528/528
f 529/529/529 528/528/528 530/530/530
f 531/531/531 529/529/529 530/530/530
f 534/534/534 533/533/533 532/532/532
f 535/535/535 534/534/534 532/532/532
f 538/538/538 537/537/537 536/536/536
f 537/537/537 539/539/539 536/536/536
f 537/537/537 540/540/540 539/539/539
f 540/540/540 541/541/541 539/539/539
f 540/540/540 542/542/542 541/541/541
f 542/542/542 543/543/543 541/541/541
f 546/546/546 545/545/545 544/544/544
f 547/547/547 546/546/546 544/544/544
f 550/550/550 549/549/549 548/548/548
f 551/551/551 550/550/550 548/548/548
f 551/551/551 548/548/548 552/552/552
f 553/553/553 551/551/551 552/552/552
f 553/553/553 552/552/552 554/554/554
f 555/555/555 553/553/553 554/554/554
f 558/558/558 557/557/557 556/556/556
f 559/559/559 558/558/558 556/556/556
f 562/562/562 561/561/561 560/560/560
f 563/563/563 562/562/562 560/560/560
f 564/564/564 562/562/562 563/563/563
f 565/565/565 564/564/564 563/563/563
f 568/568/568 567/567/567 566/566/566
f 569/569/569 568/568/568 566/566/566
f 572/572/572 571/571/571 570/570/570
f 573/573/573 572/572/572 570/570/570
f 576/576/576 575/575/575 574/574/574
f 575/575/575 577/577/577 574/574/574
f 574/574/574 577/577/577 578/578/578
f 577/577/577 579/579/579 578/578/578
f 578/578/578 579/579/579 580/580/580
f 579/579/579 581/581/581 580/580/580
f 584/584/584 583/583/583 582/582/582
f 585/585/585 584/584/584 582/582/582
f 588/588/588 587/587/587 586/586/586
f 589/589/589 588/588/588 586/586/586
f 590/590/590 588/588/588 589/589/589
f 591/591/591 590/590/590 589/589/589
f 592/592/592 590/590/590 591/591/591
f 593/593/593 592/592/592 591/591/591
f 596/596/596 595/595/595 594/594/594
f 597/597/597 596/596/596 594/594/594
f 600/600/600 599/599/599 598/598/598
f 599/599/599 601/601/601 598/598/598
f 598/598/598 601/601/601 602/602/602
f 601/601/601 603/603/603 602/602/602
f 602/602/602 603/603/603 604/604/604
f 603/603/603 605/605/605 604/604/604
f 608/608/608 607/607/607 606/606/606
f 609/609/609 608/608/608 606/606/606
f 612/612/612 611/611/611 610/610/610
f 613/613/613 612/612/612 610/610/610
f 614/614/614 612/612/612 613/613/613
f 615/615/615 614/614/614 613/613/613
f 618/618/618 617/617/617 616/616/616
f 619/619/619 618/618/618 616/616/616
f 622/622/622 621/621/621 620/620/620
f 623/623/623 622/622/622 620/620/620
f 626/626/626 625/625/625 624/624/624
f 625/625/625 627/627/627 624/624/624
f 624/624/624 627/627/627 628/628/628
f 627/627/627 629/629/629 628/628/628
f 628/628/628 629/629/629 630/630/630
f 629/629/629 631/631/631 630/630/630
f 634/634/634 633/633/633 632/632/632
f 635/635/635 634/634/634 632/632/632
f 638/638/638 637/637/637 636/636/636
f 639/639/639 638/638/638 636/636/636
f 640/640/640 638/638/638 639/639/639
f 641/641/641 640/640/640 639/639/639
f 642/642/642 640/640/640 641/641/641
f 643/643/643 642/642/642 641/641/641
f 646/646/646 645/645/645 644/644/644
f 647/647/647 646/646/646 644/644/644
f 650/650/650 649/649/649 648/648/648
f 649/649/649 651/651/651 648/648/648
f 648/648/648 651/651/651 652/652/652
f 651/651/651 653/653/653 652/652/652
f 652/652/652 653/653/653 654/654/654
f 653/653/653 655/655/655 654/654/654
f 658/658/658 657/657/657 656/656/656
f 659/659/659 658/658/658 656/656/656
f 662/662/662 661/661/661 660/660/660
f 660/660/660 661/661/661 663/663/663
f 660/660/660 664/664/664 662/662/662
f 665/665/665 660/660/660 663/663/663
f 664/664/664 660/660/660 666/666/666
f 665/665/665 666/666/666 660/660/660
f 669/669/669 668/668/668 667/667/667
f 667/667/667 670/670/670 669/669/669
f 668/668/668 669/669/669 671/671/671
f 669/669/669 670/670/670 672/672/672
f 669/669/669 673/673/673 671/671/671
f 669/669/669 672/672/672 673/673/673
f 676/676/676 675/675/675 674/674/674
f 677/677/677 676/676/676 674/674/674
f 675/675/675 676/676/676 678/678/678
f 676/676/676 677/677/677 679/679/679
f 676/676/676 680/680/680 678/678/678
f 679/679/679 680/680/680 676/676/676
f 683/683/683 682/682/682 681/681/681
f 684/684/684 683/683/683 681/681/681
f 682/682/682 683/683/683 685/685/685
f 683/683/683 684/684/684 686/686/686
f 683/683/683 687/687/687 685/685/685
f 686/686/686 687/687/687 683/683/683
f 690/690/690 689/689/689 688/688/688
f 690/690/690 688/688/688 691/691/691
f 692/692/692 689/689/689 690/690/690
f 690/690/690 691/691/691 693/693/693
f 690/690/690 694/694/694 692/692/692
f 694/694/694 690/690/690 693/693/693
f 697/697/697 696/696/696 695/695/695
f 696/696/696 698/698/698 695/695/695
f 699/699/699 696/696/696 697/697/697
f 695/695/695 698/698/698 700/700/700
f 701/701/701 699/699/699 697/697/697
f 698/698/698 702/702/702 700/700/700
f 703/703/703 699/699/699 701/701/701
f 700/700/700 702/702/702 704/704/704
f 705/705/705 703/703/703 701/701/701
f 702/702/702 706/706/706 704/704/704
f 707/707/707 703/703/703 705/705/705
f 704/704/704 706/706/706 708/708/708
f 709/709/709 707/707/707 705/705/705
f 706/706/706 710/710/710 708/708/708
f 710/710/710 707/707/707 709/709/709
f 708/708/708 710/710/710 709/709/709
f 713/713/713 712/712/712 711/711/711
f 712/712/712 714/714/714 711/711/711
f 715/715/715 712/712/712 713/713/713
f 711/711/711 714/714/714 716/716/716
f 717/717/717 715/715/715 713/713/713
f 714/714/714 718/718/718 716/716/716
f 719/719/719 715/715/715 717/717/717
f 716/716/716 718/718/718 720/720/720
f 721/721/721 719/719/719 717/717/717
f 718/718/718 722/722/722 720/720/720
f 723/723/723 719/719/719 721/721/721
f 720/720/720 722/722/722 724/724/724
f 725/725/725 723/723/723 721/721/721
f 722/722/722 726/726/726 724/724/724
f 726/726/726 723/723/723 725/725/725
f 724/724/724 726/726/726 725/725/725
f 729/729/729 728/728/728 727/727/727
f 728/728/728 730/730/730 727/727/727
f 731/731/731 728/728/728 729/729/729
f 727/727/727 730/730/730 732/732/732
f 733/733/733 731/731/731 729/729/729
f 730/730/730 734/734/734 732/732/732
f 735/735/735 731/731/731 733/733/733
f 732/732/732 734/734/734 736/736/736
f 737/737/737 735/735/735 733/733/733
f 734/734/734 738/738/738 736/736/736
f 739/739/739 735/735/735 737/737/737
f 736/736/736 738/738/738 740/740/740
f 741/741/741 739/739/739 737/737/737
f 738/738/738 742/742/742 740/740/740
f 742/742/742 739/739/739 741/741/741
f 740/740/740 742/742/742 741/741/741
f 745/745/745 744/744/744 743/743/743
f 744/744/744 746/746/746 743/743/743
f 747/747/747 744/744/744 745/745/745
f 743/743/743 746/746/746 748/748/748
f 749/749/749 747/747/747 745/745/745
f 746/746/746 750/750/750 748/748/748
f 751/751/751 747/747/747 749/749/749
f 748/748/748 750/750/750 752/752/752
f 753/753/753 751/751/751 749/749/749
f 750/750/750 754/754/754 752/752/752
f 755/755/755 751/751/751 753/753/753
f 752/752/752 754/754/754 756/756/756
f 757/757/757 755/755/755 753/753/753
f 754/754/754 758/758/758 756/756/756
f 758/758/758 755/755/755 757/757/757
f 756/756/756 758/758/758 757/757/757
f 761/761/761 760/760/760 759/759/759
f 760/760/760 762/762/762 759/759/759
f 763/763/763 760/760/760 761/761/761
f 759/759/759 762/762/762 764/764/764
f 765/765/765 763/763/763 761/761/761
f 762/762/762 766/766/766 764/764/764
f 767/767/767 763/763/763 765/765/765
f 764/764/764 766/766/766 768/768/768
f 769/769/769 767/767/767 765/765/765
f 766/766/766 770/770/770 768/768/768
f 771/771/771 767/767/767 769/769/769
f 768/768/768 770/770/770 772/772/772
f 773/773/773 771/771/771 769/769/769
f 770/770/770 774/774/774 772/772/772
f 774/774/774 771/771/771 773/773/773
f 772/772/772 774/774/774 773/773/773
f 777/777/777 776/776/776 775/775/775
f 776/776/776 778/778/778 775/775/775
f 779/779/779 776/776/776 777/777/777
f 775/775/775 778/778/778 780/780/780
f 781/781/781 779/779/779 777/777/777
f 778/778/778 782/782/782 780/780/780
f 783/783/783 779/779/779 781/781/781
f 780/780/780 782/782/782 784/784/784
f 785/785/785 783/783/783 781/781/781
f 782/782/782 786/786/786 784/784/784
f 787/787/787 783/783/783 785/785/785
f 784/784/784 786/786/786 788/788/788
f 789/789/789 787/787/787 785/785/785
f 786/786/786 790/790/790 788/788/788
f 790/790/790 787/787/787 789/789/789
f 788/788/788 790/790/790 789/789/789
f 793/793/793 792/792/792 791/791/791
f 792/792/792 794/794/794 791/791/791
f 795/795/795 792/792/792 793/793/793
f 791/791/791 794/794/794 796/796/796
f 797/797/797 795/795/795 793/793/793
f 794/794/794 798/798/798 796/796/796
f 799/799/799 795/795/795 797/797/797
f 796/796/796 798/798/798 800/800/800
f 801/801/801 799/799/799 797/797/797
f 798/798/798 802/802/802 800/800/800
f 803/803/803 799/799/799 801/801/801
f 800/800/800 802/802/802 804/804/804
f 805/805/805 803/803/803 801/801/801
f 802/802/802 806/806/806 804/804/804
f 806/806/806 803/803/803 805/805/805
f 804/804/804 806/806/806 805/805/805
f 809/809/809 808/808/808 807/807/807
f 808/808/808 810/810/810 807/807/807
f 811/811/811 808/808/808 809/809/809
f 807/807/807 810/810/810 812/812/812
f 813/813/813 811/811/811 809/809/809
f 810/810/810 814/814/814 812/812/812
f 815/815/815 811/811/811 813/813/813
f 812/812/812 814/814/814 816/816/816
f 817/817/817 815/815/815 813/813/813
f 814/814/814 818/818/818 816/816/816
f 819/819/819 815/815/815 817/817/817
f 816/816/816 818/818/818 820/820/820
f 821/821/821 819/819/819 817/817/817
f 818/818/818 822/822/822 820/820/820
f 822/822/822 819/819/819 821/821/821
f 820/820/820 822/822/822 821/821/821
f 825/825/825 824/824/824 823/823/823
f 824/824/824 826/826/826 823/823/823
f 827/827/827 824/824/824 825/825/825
f 823/823/823 826/826/826 828/828/828
f 829/829/829 827/827/827 825/825/825
f 826/826/826 830/830/830 828/828/828
f 831/831/831 827/827/827 829/829/829
f 828/828/828 830/830/830 832/832/832
f 833/833/833 831/831/831 829/829/829
f 830/830/830 834/834/834 832/832/832
f 835/835/835 831/831/831 833/833/833
f 832/832/832 834/834/834 836/836/836
f 837/837/837 835/835/835 833/833/833
f 834/834/834 838/838/838 836/836/836
f 838/838/838 835/835/835 837/837/837
f 836/836/836 838/838/838 837/837/837
f 841/841/841 840/840/840 839/839/839
f 840/840/840 842/842/842 839/839/839
f 843/843/843 840/840/840 841/841/841
f 839/839/839 842/842/842 844/844/844
f 845/845/845 843/843/843 841/841/841
f 842/842/842 846/846/846 844/844/844
f 847/847/847 843/843/843 845/845/845
f 844/844/844 846/846/846 848/848/848
f 849/849/849 847/847/847 845/845/845
f 846/846/846 850/850/850 848/848/848
f 851/851/851 847/847/847 849/849/849
f 848/848/848 850/850/850 852/852/852
f 853/853/853 851/851/851 849/849/849
f 850/850/850 854/854/854 852/852/852
f 854/854/854 851/851/851 853/853/853
f 852/852/852 854/854/854 853/853/853
f 857/857/857 856/856/856 855/855/855
f 856/856/856 858/858/858 855/855/855
f 859/859/859 856/856/856 857/857/857
f 855/855/855 858/858/858 860/860/860
f 861/861/861 859/859/859 857/857/857
f 858/858/858 862/862/862 860/860/860
f 863/863/863 859/859/859 861/861/861
f 860/860/860 862/862/862 864/864/864
f 865/865/865 863/863/863 861/861/861
f 862/862/862 866/866/866 864/864/864
f 867/867/867 863/863/863 865/865/865
f 864/864/864 866/866/866 868/868/868
f 869/869/869 867/867/867 865/865/865
f 866/866/866 870/870/870 868/868/868
f 870/870/870 867/867/867 869/869/869
f 868/868/868 870/870/870 869/869/869
f 873/873/873 872/872/872 871/871/871
f 872/872/872 874/874/874 871/871/871
f 875/875/875 872/872/872 873/873/873
f 871/871/871 874/874/874 876/876/876
f 877/877/877 875/875/875 873/873/873
f 874/874/874 878/878/878 876/876/876
f 879/879/879 875/875/875 877/877/877
f 876/876/876 878/878/878 880/880/880
f 881/881/881 879/879/879 877/877/877
f 878/878/878 882/882/882 880/880/880
f 883/883/883 879/879/879 881/881/881
f 880/880/880 882/882/882 884/884/884
f 885/885/885 883/883/883 881/881/881
f 882/882/882 886/886/886 884/884/884
f 886/886/886 883/883/883 885/885/885
f 884/884/884 886/886/886 885/885/885
f 889/889/889 888/888/888 887/887/887
f 888/888/888 890/890/890 887/887/887
f 891/891/891 888/888/888 889/889/889
f 887/887/887 890/890/890 892/892/892
f 893/893/893 891/891/891 889/889/889
f 890/890/890 894/894/894 892/892/892
f 895/895/895 891/891/891 893/893/893
f 892/892/892 894/894/894 896/896/896
f 897/897/897 895/895/895 893/893/893
f 894/894/894 898/898/898 896/896/896
f 899/899/899 895/895/895 897/897/897
f 896/896/896 898/898/898 900/900/900
f 901/901/901 899/899/899 897/897/897
f 898/898/898 902/902/902 900/900/900
f 902/902/902 899/899/899 901/901/901
f 900/900/900 902/902/902 901/901/901
f 905/905/905 904/904/904 903/903/903
f 904/904/904 906/906/906 903/903/903
f 907/907/907 904/904/904 905/905/905
f 903/903/903 906/906/906 908/908/908
f 909/909/909 907/907/907 905/905/905
f 906/906/906 910/910/910 908/908/908
f 911/911/911 907/907/907 909/909/909
f 908/908/908 910/910/910 912/912/912
f 913/913/913 911/911/911 909/909/909
f 910/910/910 914/914/914 912/912/912
f 915/915/915 911/911/911 913/913/913
f 912/912/912 914/914/914 916/916/916
f 917/917/917 915/915/915 913/913/913
f 914/914/914 918/918/918 916/916/916
f 918/918/918 915/915/915 917/917/917
f 916/916/916 918/918/918 917/917/917
f 921/921/921 920/920/920 919/919/919
f 922/922/922 921/921/921 919/919/919
f 919/919/919 920/920/920 923/923/923
f 924/924/924 921/921/921 922/922/922
f 920/920/920 925/925/925 923/923/923
f 926/926/926 924/924/924 922/922/922
f 923/923/923 925/925/925 927/927/927
f 928/928/928 924/924/924 926/926/926
f 925/925/925 929/929/929 927/927/927
f 930/930/930 928/928/928 926/926/926
f 927/927/927 929/929/929 931/931/931
f 932/932/932 928/928/928 930/930/930
f 929/929/929 933/933/933 931/931/931
f 934/934/934 932/932/932 930/930/930
f 931/931/931 933/933/933 934/934/934
f 933/933/933 932/932/932 934/934/934
f 937/937/937 936/936/936 935/935/935
f 938/938/938 937/937/937 935/935/935
f 935/935/935 936/936/936 939/939/939
f 940/940/940 937/937/937 938/938/938
f 936/936/936 941/941/941 939/939/939
f 942/942/942 940/940/940 938/938/938
f 939/939/939 941/941/941 943/943/943
f 944/944/944 940/940/940 942/942/942
f 941/941/941 945/945/945 943/943/943
f 946/946/946 944/944/944 942/942/942
f 943/943/943 945/945/945 947/947/947
f 948/948/948 944/944/944 946/946/946
f 945/945/945 949/949/949 947/947/947
f 950/950/950 948/948/948 946/946/946
f 947/947/947 949/949/949 950/950/950
f 949/949/949 948/948/948 950/950/950
f 953/953/953 952/952/952 951/951/951
f 954/954/954 953/953/953 951/951/951
f 951/951/951 952/952/952 955/955/955
f 956/956/956 953/953/953 954/954/954
f 952/952/952 957/957/957 955/955/955
f 958/958/958 956/956/956 954/954/954
f 955/955/955 957/957/957 959/959/959
f 960/960/960 956/956/956 958/958/958
f 957/957/957 961/961/961 959/959/959
f 962/962/962 960/960/960 958/958/958
f 959/959/959 961/961/961 963/963/963
f 964/964/964 960/960/960 962/962/962
f 961/961/961 965/965/965 963/963/963
f 966/966/966 964/964/964 962/962/962
f 963/963/963 965/965/965 966/966/966
f 965/965/965 964/964/964 966/966/966
