g P_BendPlusUp_B
v 0.0872026682 -0.329514921 0.0872020349
v 0.0476926789 -0.369024962 0.0872020349
v 0.0872034431 -0.369025111 0.0476921462
v 0.0476926789 -0.194619954 0.0872020349
v 0.0872026682 -0.23413004 0.0872020349
v 0.0872034431 -0.194619894 0.0476921462
v -0.0872023776 -0.234129846 0.0872020349
v -0.0476921946 -0.194619954 0.0872021243
v -0.0872016028 -0.194619745 0.0476922393
v -0.0476923883 -0.369024962 0.0872020349
v -0.0872023776 -0.329514772 0.0872020349
v -0.0872016028 -0.369024903 0.0476922393
v -0.0872016028 -0.329514652 -0.0872029066
v -0.0476916097 -0.369025022 -0.0872030631
v -0.0872016028 -0.369024903 -0.0476926304
v -0.0476916097 -0.194619894 -0.0872028172
v -0.0872016028 -0.234129786 -0.0872029066
v -0.0872016028 -0.194619805 -0.0476926304
v 0.0872036368 -0.234130085 -0.0872028172
v 0.04769326 -0.194619805 -0.0872028172
v 0.0872034431 -0.194620058 -0.0476926304
v 0.04769326 -0.369025022 -0.0872030631
v 0.0872036368 -0.329514951 -0.0872027203
v 0.0872034431 -0.369025141 -0.0476927273
v -0.076175727 -0.394322425 -0.138425365
v -0.0505546182 -0.332377642 -0.147417068
v -0.112499282 -0.357998908 -0.138425365
v -0.112499282 -0.205645919 -0.138425365
v -0.0505546182 -0.231267184 -0.147417024
v -0.076175727 -0.169322416 -0.138425365
v 0.0761771798 -0.169322416 -0.138425365
v 0.0505558774 -0.231267184 -0.147417024
v 0.112500541 -0.205645978 -0.13842532
v 0.112500742 -0.357998908 -0.138425365
v 0.0505558774 -0.332377642 -0.147417068
v 0.0761771798 -0.394322425 -0.138425365
v -0.076175727 -0.143397436 -0.112500347
v -0.0505546182 -0.134405747 -0.0505556315
v -0.112499282 -0.143397495 -0.0761769339
v -0.112499282 -0.143397436 0.0761761665
v -0.0505546182 -0.134405792 0.0505548567
v -0.076175727 -0.143397436 0.112499617
v 0.0761771798 -0.143397436 0.112499617
v 0.0505558774 -0.134405792 0.0505548567
v 0.112500541 -0.143397495 0.0761761665
v 0.112500936 -0.143397436 -0.0761769339
v 0.0505558774 -0.134405747 -0.0505556315
v 0.0761771798 -0.143397436 -0.112500399
v 0.138425693 -0.205645919 -0.112500399
v 0.147417605 -0.23126702 -0.0505556315
v 0.138425693 -0.169322416 -0.0761769339
v 0.138425693 -0.169322416 0.0761761665
v 0.147417396 -0.23126702 0.0505548567
v 0.138425693 -0.205645919 0.112499617
v 0.138425693 -0.357998878 0.112499617
v 0.147417396 -0.332377553 0.0505548641
v 0.138425693 -0.394322336 0.0761761665
v 0.138425693 -0.394322425 -0.0761769339
v 0.147417605 -0.332377553 -0.050555639
v 0.138425693 -0.357998878 -0.112500399
v -0.138424248 -0.205645919 -0.112500399
v -0.169185743 -0.357998908 -0.112500399
v -0.138424248 -0.357998908 -0.112500399
v -0.169185743 -0.205645919 -0.112500399
v -0.138424248 -0.169322416 -0.0761769339
v -0.169185743 -0.169322416 -0.0761769339
v -0.138424248 -0.169322416 0.0761761665
v -0.169185743 -0.169322416 0.0761761665
v -0.169185743 -0.205645919 0.112499617
v -0.138424248 -0.205645919 0.112499617
v -0.138424248 -0.357998908 0.112499617
v -0.169185743 -0.357998908 0.112499617
v -0.138424248 -0.394322425 0.0761761665
v -0.169185743 -0.394322425 0.0761761665
v -0.138424248 -0.394322425 -0.0761769339
v -0.169185743 -0.394322425 -0.0761769339
v -0.138424248 -0.357998908 -0.112500399
v -0.169185743 -0.357998908 -0.112500399
v -0.112499282 -0.420247495 0.0761761665
v -0.112499282 -0.420247495 -0.0761769339
v -0.138424248 -0.394322425 -0.0761769339
v -0.138424248 -0.394322425 0.0761761665
v -0.0761755332 -0.420247495 -0.112500399
v 0.0761771798 -0.420247495 -0.112500399
v 0.0761771798 -0.394322425 -0.138425365
v -0.076175727 -0.394322425 -0.138425365
v 0.112500936 -0.420247495 -0.0761769339
v 0.112500936 -0.420247495 0.0761761665
v 0.138425693 -0.394322336 0.0761761665
v 0.138425693 -0.394322425 -0.0761769339
v 0.0761771798 -0.420247495 0.112499617
v -0.0761755332 -0.420247495 0.112499617
v -0.0761768892 -0.394322425 0.138424292
v 0.0761760175 -0.394322425 0.138424292
v -0.076175727 -0.143397436 0.112499617
v 0.0761771798 -0.143397436 0.112499617
v 0.0761760175 -0.169322416 0.138424292
v -0.0761763081 -0.169322416 0.138424486
v 0.112500541 -0.143397495 0.0761761665
v 0.112500936 -0.143397436 -0.0761769339
v 0.138425693 -0.169322416 -0.0761769339
v 0.138425693 -0.169322416 0.0761761665
v 0.0761771798 -0.143397436 -0.112500399
v -0.076175727 -0.143397436 -0.112500347
v -0.076175727 -0.169322416 -0.138425365
v 0.0761771798 -0.169322416 -0.138425365
v -0.112499282 -0.143397495 -0.0761769339
v -0.112499282 -0.143397436 0.0761761665
v -0.138424248 -0.169322416 0.0761761665
v -0.138424248 -0.169322416 -0.0761769339
v 0.138425693 -0.205645919 0.112499617
v 0.138425693 -0.357998878 0.112499617
v 0.112499766 -0.357998908 0.138424292
v 0.112499766 -0.205645919 0.138424292
v 0.100393139 -0.181430236 0.100391842
v 0.0761760175 -0.169322416 0.138424292
v 0.138425693 -0.169322416 0.0761761665
v 0.0761771798 -0.143397436 0.112499617
v 0.112500541 -0.143397495 0.0761761665
v -0.138424248 -0.357998908 0.112499617
v -0.138424248 -0.205645919 0.112499617
v -0.112500444 -0.205645919 0.138424292
v -0.112500444 -0.357998908 0.138424292
v 0.138425693 -0.357998878 -0.112500399
v 0.138425693 -0.205645919 -0.112500399
v 0.112500541 -0.205645978 -0.13842532
v 0.112500742 -0.357998908 -0.138425365
v 0.100393139 -0.382214665 -0.100392565
v 0.0761771798 -0.394322425 -0.138425365
v 0.138425693 -0.394322425 -0.0761769339
v 0.0761771798 -0.420247495 -0.112500399
v 0.112500936 -0.420247495 -0.0761769339
v -0.138424248 -0.205645919 -0.112500399
v -0.138424248 -0.357998908 -0.112500399
v -0.112499282 -0.357998908 -0.138425365
v -0.112499282 -0.205645919 -0.138425365
v -0.100391299 -0.181430236 -0.100392558
v -0.076175727 -0.169322416 -0.138425365
v -0.138424248 -0.169322416 -0.0761769339
v -0.076175727 -0.143397436 -0.112500347
v -0.112499282 -0.143397495 -0.0761769339
v -0.188880265 -0.211902708 -0.140662536
v -0.218176365 -0.351155996 -0.139483929
v -0.188880265 -0.351742119 -0.140662536
v -0.218176365 -0.21248813 -0.139483929
v -0.188880265 -0.141160339 -0.069920145
v -0.218176365 -0.14233835 -0.0693341419
v -0.188880265 -0.141160324 0.0699193776
v -0.218176365 -0.14233835 0.0693337545
v -0.188880265 -0.211902708 0.140661746
v -0.218176365 -0.21248813 0.139483541
v -0.188880265 -0.351742178 0.140661746
v -0.218176365 -0.351155996 0.139483541
v -0.188880265 -0.422484577 0.0699193776
v -0.218176365 -0.421305716 0.0693337396
v -0.188880265 -0.422484577 -0.069920145
v -0.218176365 -0.421305716 -0.0693341419
v -0.188880265 -0.351742119 -0.140662536
v -0.218176365 -0.351155996 -0.139483929
v -0.228530377 -0.39087984 -0.0596225262
v -0.0872016028 -0.369024903 0.0476922393
v -0.228530377 -0.39087984 0.0596220382
v -0.0872016028 -0.369024903 -0.0476926304
v -0.228530377 -0.341444224 -0.109058119
v -0.0872016028 -0.329514652 -0.0872029066
v -0.228530377 -0.222199798 -0.109058119
v -0.0872016028 -0.234129786 -0.0872029066
v -0.228530377 -0.172764167 -0.0596224256
v -0.0872016028 -0.194619805 -0.0476926304
v -0.228530377 -0.172764167 0.0596220382
v -0.0872016028 -0.194619745 0.0476922393
v -0.228530377 -0.222199798 0.109057695
v -0.0872023776 -0.234129846 0.0872020349
v -0.228530377 -0.341444224 0.109057695
v -0.0872023776 -0.329514772 0.0872020349
v -0.228530377 -0.39087984 0.0596220382
v -0.0872016028 -0.369024903 0.0476922393
v -0.0505546182 -0.332377642 -0.147417068
v 0.0505558774 -0.332377642 -0.147417068
v 0.0505558774 -0.231267184 -0.147417024
v -0.0505546182 -0.231267184 -0.147417024
v 0.0872036368 -0.234130085 -0.0872028172
v -0.0476916097 -0.194619894 -0.0872028172
v 0.04769326 -0.194619805 -0.0872028172
v -0.0872016028 -0.234129786 -0.0872029066
v -0.0872016028 -0.329514652 -0.0872029066
v 0.0872036368 -0.329514951 -0.0872027203
v 0.04769326 -0.369025022 -0.0872030631
v -0.0476916097 -0.369025022 -0.0872030631
v 0.0761771798 -0.143397436 -0.112500399
v -0.076175727 -0.112635903 -0.112500399
v -0.076175727 -0.143397436 -0.112500347
v 0.0761771798 -0.112635903 -0.112500399
v 0.112500936 -0.143397436 -0.0761769339
v 0.112500742 -0.112635903 -0.0761769339
v 0.112500742 -0.143397391 0.0761761665
v 0.112500742 -0.112635903 0.0761761665
v 0.0761771798 -0.112635903 0.112499624
v 0.0761771798 -0.143397436 0.112499617
v -0.076175727 -0.143397436 0.112499617
v -0.076175727 -0.112635903 0.112499624
v -0.112499282 -0.143397436 0.0761761665
v -0.112499282 -0.112635903 0.0761761665
v -0.112499282 -0.143397406 -0.0761769339
v -0.112499282 -0.112635903 -0.0761769339
v -0.076175727 -0.143397436 -0.112500347
v -0.076175727 -0.112635903 -0.112500399
v 0.0699203908 -0.0929413661 -0.140662536
v -0.0693329275 -0.0636453032 -0.139483929
v -0.069918938 -0.0929413661 -0.140662536
v 0.0693349615 -0.0636453032 -0.139483929
v 0.140662774 -0.0929413661 -0.069920145
v 0.139484748 -0.0636453032 -0.0693341419
v 0.140662774 -0.0929413661 0.0699193776
v 0.139484748 -0.0636453032 0.069333747
v 0.0699203908 -0.0929413661 0.140661746
v 0.0693349615 -0.0636453032 0.139483541
v -0.069918938 -0.0929413661 0.140661746
v -0.0693329275 -0.0636453032 0.139483541
v -0.140661508 -0.0929413661 0.0699193776
v -0.139482528 -0.0636453032 0.069333747
v -0.140661508 -0.0929413661 -0.069920145
v -0.139482528 -0.0636453032 -0.0693341419
v -0.069918938 -0.0929413661 -0.140662536
v -0.0693329275 -0.0636453032 -0.139483929
v -0.109056659 -0.0532912798 -0.0596225262
v -0.0872016028 -0.194619849 0.0476922393
v -0.109056659 -0.0532912798 0.0596220344
v -0.0872016028 -0.194619805 -0.0476926304
v -0.059621118 -0.0532912798 -0.109058112
v -0.0476916097 -0.194619894 -0.0872028172
v 0.0596233457 -0.0532912798 -0.109058112
v 0.04769326 -0.194619805 -0.0872028172
v 0.109058894 -0.0532912798 -0.0596224256
v 0.0872034431 -0.194619849 -0.0476926304
v 0.109058894 -0.0532912798 0.0596220344
v 0.0872034431 -0.194619894 0.0476921462
v 0.0596233457 -0.0532912798 0.109057695
v 0.04769326 -0.194619849 0.0872023404
v -0.059621118 -0.0532912798 0.109057695
v -0.0476921946 -0.194619954 0.0872021243
v -0.109056659 -0.0532912798 0.0596220344
v -0.0872016028 -0.194619849 0.0476922393
v -0.0761755332 -0.420247495 -0.112500399
v 0.0761773735 -0.451009095 -0.112500399
v 0.0761771798 -0.420247495 -0.112500399
v -0.0761755332 -0.451009095 -0.112500399
v -0.112499282 -0.420247495 -0.0761769339
v -0.112499088 -0.451009095 -0.0761769339
v -0.112499282 -0.420247495 0.0761761665
v -0.112499088 -0.451009095 0.0761761665
v -0.0761755332 -0.451009095 0.112499617
v -0.0761755332 -0.420247495 0.112499617
v 0.0761771798 -0.420247495 0.112499617
v 0.0761773735 -0.451009095 0.112499617
v 0.112500936 -0.420247495 0.0761761665
v 0.112500936 -0.451009095 0.0761761665
v 0.112500936 -0.420247495 -0.0761769339
v 0.112500936 -0.451009095 -0.0761769339
v 0.0761771798 -0.420247495 -0.112500399
v 0.0761773735 -0.451009095 -0.112500399
v -0.0699187443 -0.470703602 -0.140662536
v 0.069334574 -0.499999672 -0.139483929
v 0.0699205846 -0.470703602 -0.140662536
v -0.0693333149 -0.499999672 -0.139483929
v -0.140661135 -0.470703602 -0.069920145
v -0.139483109 -0.499999672 -0.0693341419
v -0.140661135 -0.470703602 0.0699193776
v -0.139483109 -0.499999672 0.0693337396
v -0.0699187443 -0.470703602 0.140661776
v -0.0693333149 -0.499999672 0.139483526
v 0.0699205846 -0.470703602 0.140661776
v 0.069334574 -0.499999672 0.139483526
v 0.140663162 -0.470703602 0.0699193776
v 0.139484167 -0.499999672 0.0693337396
v 0.140663162 -0.470703602 -0.069920145
v 0.139484167 -0.499999672 -0.0693341419
v 0.0699205846 -0.470703602 -0.140662536
v 0.069334574 -0.499999672 -0.139483929
v 0.109058313 -0.510353744 -0.0596225262
v 0.0872034431 -0.369025111 0.0476921462
v 0.109058313 -0.510353744 0.0596220382
v 0.0872034431 -0.369025141 -0.0476927273
v 0.0596227646 -0.510353684 -0.109058119
v 0.04769326 -0.369025022 -0.0872030631
v -0.0596216954 -0.510353684 -0.109058119
v -0.0476916097 -0.369025022 -0.0872030631
v -0.109057255 -0.510353744 -0.0596224293
v -0.0872016028 -0.369024903 -0.0476926304
v -0.109057255 -0.510353744 0.0596220382
v -0.0872016028 -0.369024903 0.0476922393
v -0.0596216954 -0.510353744 0.109057695
v -0.0476923883 -0.369024962 0.0872020349
v 0.0596227646 -0.510353744 0.109057695
v 0.0476926789 -0.369024962 0.0872020349
v 0.109058313 -0.510353744 0.0596220382
v 0.0872034431 -0.369025111 0.0476921462
v -0.112500444 -0.205645919 0.138424292
v -0.112501606 -0.357998908 0.1691854
v -0.112500444 -0.357998908 0.138424292
v -0.112501606 -0.205645919 0.1691854
v -0.0761763081 -0.169322416 0.138424486
v -0.0761780515 -0.169322416 0.1691854
v 0.0761760175 -0.169322416 0.138424292
v 0.0761750489 -0.169322416 0.1691854
v 0.112498604 -0.205645919 0.1691854
v 0.112499766 -0.205645919 0.138424292
v 0.112499766 -0.357998908 0.138424292
v 0.112498604 -0.357998908 0.1691854
v 0.0761760175 -0.394322425 0.138424292
v 0.0761750489 -0.394322425 0.1691854
v -0.0761768892 -0.394322425 0.138424292
v -0.0761780515 -0.394322425 0.1691854
v -0.112500444 -0.357998908 0.138424292
v -0.112501606 -0.357998908 0.1691854
v -0.140663654 -0.211902708 0.188879937
v -0.139485046 -0.351155996 0.218176037
v -0.140663654 -0.351742178 0.188879937
v -0.139485046 -0.21248813 0.218176022
v -0.0699212626 -0.141160324 0.188879937
v -0.069335252 -0.14233835 0.218176022
v 0.06991826 -0.141160324 0.188879937
v 0.0693326369 -0.14233835 0.218176022
v 0.140660644 -0.211902708 0.188879937
v 0.139482424 -0.21248813 0.218176022
v 0.140660644 -0.351742178 0.188879937
v 0.139482424 -0.351155996 0.218176037
v 0.06991826 -0.422484577 0.188879922
v 0.0693326369 -0.421305716 0.218176022
v -0.0699212626 -0.422484577 0.188879922
v -0.069335252 -0.421305716 0.218176022
v -0.140663654 -0.351742178 0.188879937
v -0.139485046 -0.351155996 0.218176037
v -0.0596236363 -0.390879899 0.22853002
v 0.0476926789 -0.369024962 0.0872020349
v 0.0596208274 -0.390879899 0.22853002
v -0.0476923883 -0.369024962 0.0872020349
v -0.109059177 -0.341444224 0.22853002
v -0.0872023776 -0.329514772 0.0872020349
v -0.109059177 -0.222199813 0.228530034
v -0.0872023776 -0.234129846 0.0872020349
v -0.0596234389 -0.172764167 0.228530034
v -0.0476921946 -0.194619954 0.0872021243
v 0.0596208274 -0.172764167 0.228530034
v 0.0476926789 -0.194619954 0.0872020349
v 0.109056562 -0.222199813 0.228530034
v 0.0872026682 -0.23413004 0.0872020349
v 0.109056562 -0.341444224 0.22853002
v 0.0872026682 -0.329514921 0.0872020349
v 0.0596208274 -0.390879899 0.22853002
v 0.0476926789 -0.369024962 0.0872020349
v 0.0761771798 -0.394322425 -0.138425365
v 0.0505558774 -0.332377642 -0.147417068
v -0.0505546182 -0.332377642 -0.147417068
v -0.076175727 -0.394322425 -0.138425365
v -0.112499282 -0.357998908 -0.138425365
v -0.0505546182 -0.332377642 -0.147417068
v -0.0505546182 -0.231267184 -0.147417024
v -0.112499282 -0.205645919 -0.138425365
v -0.076175727 -0.169322416 -0.138425365
v -0.0505546182 -0.231267184 -0.147417024
v 0.0505558774 -0.231267184 -0.147417024
v 0.0761771798 -0.169322416 -0.138425365
v 0.112500541 -0.205645978 -0.13842532
v 0.0505558774 -0.231267184 -0.147417024
v 0.0505558774 -0.332377642 -0.147417068
v 0.112500742 -0.357998908 -0.138425365
v -0.0505546182 -0.134405747 -0.0505556315
v 0.0505558774 -0.134405747 -0.0505556315
v 0.0505558774 -0.134405792 0.0505548567
v -0.0505546182 -0.134405792 0.0505548567
v 0.0872034431 -0.194619894 0.0476921462
v -0.0476921946 -0.194619954 0.0872021243
v 0.0476926789 -0.194619954 0.0872020349
v -0.0872016028 -0.194619745 0.0476922393
v -0.0872016028 -0.194619805 -0.0476926304
v 0.0872034431 -0.194620058 -0.0476926304
v 0.04769326 -0.194619805 -0.0872028172
v -0.0476916097 -0.194619521 -0.0872029066
v 0.0761771798 -0.143397436 -0.112500399
v 0.0505558774 -0.134405747 -0.0505556315
v -0.0505546182 -0.134405747 -0.0505556315
v -0.076175727 -0.143397436 -0.112500347
v -0.112499282 -0.143397495 -0.0761769339
v -0.0505546182 -0.134405747 -0.0505556315
v -0.0505546182 -0.134405792 0.0505548567
v -0.112499282 -0.143397436 0.0761761665
v -0.076175727 -0.143397436 0.112499617
v -0.0505546182 -0.134405792 0.0505548567
v 0.0505558774 -0.134405792 0.0505548567
v 0.0761771798 -0.143397436 0.112499617
v 0.112500541 -0.143397495 0.0761761665
v 0.0505558774 -0.134405792 0.0505548567
v 0.0505558774 -0.134405747 -0.0505556315
v 0.112500936 -0.143397436 -0.0761769339
v 0.147417605 -0.23126702 -0.0505556315
v 0.147417605 -0.332377553 -0.050555639
v 0.147417396 -0.332377553 0.0505548641
v 0.147417396 -0.23126702 0.0505548567
v 0.0872034431 -0.369025111 0.0476921462
v 0.0872026682 -0.23413004 0.0872020349
v 0.0872026682 -0.329514921 0.0872020349
v 0.0872034431 -0.194619894 0.0476921462
v 0.0872034431 -0.194620058 -0.0476926304
v 0.0872034431 -0.369025141 -0.0476927273
v 0.0872036368 -0.329514951 -0.0872027203
v 0.0872036368 -0.234130085 -0.0872028172
v 0.138425693 -0.357998878 -0.112500399
v 0.147417605 -0.332377553 -0.050555639
v 0.147417605 -0.23126702 -0.0505556315
v 0.138425693 -0.205645919 -0.112500399
v 0.138425693 -0.169322416 -0.0761769339
v 0.147417605 -0.23126702 -0.0505556315
v 0.147417396 -0.23126702 0.0505548567
v 0.138425693 -0.169322416 0.0761761665
v 0.138425693 -0.205645919 0.112499617
v 0.147417396 -0.23126702 0.0505548567
v 0.147417396 -0.332377553 0.0505548641
v 0.138425693 -0.357998878 0.112499617
v 0.138425693 -0.394322336 0.0761761665
v 0.147417396 -0.332377553 0.0505548641
v 0.147417605 -0.332377553 -0.050555639
v 0.138425693 -0.394322425 -0.0761769339
v 0.05766242 -0.407156885 0.499999374
v 0.05766261 -0.407181412 0.218749151
v -0.0576621294 -0.407181621 0.218748361
v -0.0576623231 -0.407157063 0.499998629
v -0.12590602 -0.338936985 0.218748376
v -0.125906602 -0.338912398 0.499998629
v 0.125906706 -0.338912487 0.499999374
v 0.1259069 -0.338937104 0.218749136
v 0.05766261 -0.407181412 0.218749151
v 0.05766242 -0.407156885 0.499999374
v 0.1259069 -0.223587319 0.499998659
v 0.125907093 -0.223611936 0.218748376
v 0.1259069 -0.338937104 0.218749136
v 0.125906706 -0.338912487 0.499999374
v 0.0576628111 -0.155342892 0.499997854
v 0.125907093 -0.223611936 0.218748376
v 0.1259069 -0.223587319 0.499998659
v 0.0576630011 -0.155367509 0.218747586
v -0.0576625131 -0.155342892 0.499998629
v -0.0576623231 -0.155367509 0.218748376
v -0.125906602 -0.223587796 0.499998659
v -0.12590602 -0.223612398 0.218748376
v -0.125906602 -0.338912398 0.499998629
v -0.12590602 -0.338936985 0.218748376
v -0.12590602 -0.223612398 0.218748376
v -0.125906602 -0.223587796 0.499998659
v -0.0942436233 -0.324411333 0.499998629
v -0.0943098888 -0.324464411 0.218748361
v -0.0431922749 -0.37558037 0.218748361
v -0.0431618504 -0.375493765 0.499998689
v 0.0431923717 -0.375580043 0.218748361
v 0.0431617536 -0.375493497 0.499998629
v 0.0943105668 -0.3244645 0.218748361
v 0.0942441002 -0.324411452 0.499998629
v -0.0942432284 -0.238088533 0.499999374
v -0.0943095013 -0.238084629 0.218749136
v -0.0943098888 -0.324464411 0.218748361
v -0.0942436233 -0.324411333 0.499998629
v -0.043161463 -0.187006354 0.499999374
v -0.0943095013 -0.238084629 0.218749136
v -0.0942432284 -0.238088533 0.499999374
v -0.0431918912 -0.186968878 0.218749136
v 0.0431611724 -0.187006563 0.499998629
v 0.0431917943 -0.186969072 0.218748376
v 0.0942441002 -0.238088608 0.499997854
v 0.0943105668 -0.238084748 0.218747586
v 0.0942441002 -0.324411452 0.499998629
v 0.0943105668 -0.3244645 0.218748361
v 0.0943105668 -0.238084748 0.218747586
v 0.0942441002 -0.238088608 0.499997854
v -0.499999255 -0.338912576 -0.125908107
v -0.218750149 -0.407181531 -0.0576624684
v -0.218749389 -0.338937223 -0.125908107
v -0.50000006 -0.407156974 -0.0576624684
v -0.218750149 -0.407181531 0.0576614924
v -0.499999255 -0.407156974 0.0576613024
v -0.218750954 -0.338936716 0.125905782
v -0.50000006 -0.338912129 0.125905782
v -0.49999845 -0.223587409 -0.125907913
v -0.499999255 -0.338912576 -0.125908107
v -0.218749389 -0.338937223 -0.125908107
v -0.218748629 -0.22361201 -0.125907913
v -0.49999845 -0.155343026 -0.0576634333
v -0.49999845 -0.223587409 -0.125907913
v -0.218748629 -0.22361201 -0.125907913
v -0.218748629 -0.155367702 -0.0576634333
v -0.49999845 -0.155343026 0.0576614924
v -0.218749389 -0.155367702 0.0576616935
v -0.499999255 -0.223587602 0.125906155
v -0.218750149 -0.223612234 0.125906155
v -0.50000006 -0.338912129 0.125905782
v -0.499999255 -0.223587602 0.125906155
v -0.218750149 -0.223612234 0.125906155
v -0.218750954 -0.338936716 0.125905782
v -0.499999255 -0.324525476 0.0944918022
v -0.218749389 -0.375705183 0.0432441719
v -0.218749389 -0.324521542 0.0944255218
v -0.499999255 -0.375742584 0.0432745926
v -0.218749389 -0.375705242 -0.0432459041
v -0.499999255 -0.375742704 -0.0432763286
v -0.218749389 -0.321775615 -0.0944274664
v -0.499999255 -0.321779519 -0.0944937468
v -0.499999255 -0.237974182 0.0944916159
v -0.499999255 -0.324525476 0.0944918022
v -0.218749389 -0.324521542 0.0944255218
v -0.218749389 -0.238027319 0.0944253355
v -0.499999255 -0.192754328 0.0432743914
v -0.499999255 -0.237974182 0.0944916159
v -0.218749389 -0.238027319 0.0944253355
v -0.218749389 -0.192841023 0.0432439707
v -0.499999255 -0.192754328 -0.0432765223
v -0.218749389 -0.192841023 -0.0432460979
v -0.499999255 -0.240721196 -0.0944937468
v -0.218749389 -0.240774333 -0.0944274664
v -0.499999255 -0.321779519 -0.0944937468
v -0.499999255 -0.240721196 -0.0944937468
v -0.218749389 -0.240774333 -0.0944274664
v -0.218749389 -0.321775615 -0.0944274664
v 0.125524461 0.500000477 -0.057663057
v 0.125549018 -0.0628826395 -0.0576632395
v 0.125549212 -0.0628834218 0.0576614924
v 0.125524655 0.499999672 0.0576616935
v 0.0573045909 -0.0628834218 0.125905395
v 0.0572799817 0.499999672 0.125905976
v 0.0572800823 0.500000477 -0.125907317
v 0.0573046878 -0.0628826395 -0.125907525
v 0.125549018 -0.0628826395 -0.0576632395
v 0.125524461 0.500000477 -0.057663057
v -0.0580451004 0.499999672 -0.125907511
v -0.0580204837 -0.0628834143 -0.125907719
v 0.0573046878 -0.0628826395 -0.125907525
v 0.0572800823 0.500000477 -0.125907317
v -0.126289532 0.499998927 -0.0576634407
v -0.0580204837 -0.0628834143 -0.125907719
v -0.0580451004 0.499999672 -0.125907511
v -0.126264915 -0.0628841966 -0.0576636307
v -0.126289532 0.499999672 0.0576618835
v -0.126264915 -0.0628834218 0.0576616935
v -0.0580446124 0.499999672 0.125905976
v -0.0580200031 -0.0628834218 0.125905395
v 0.0572799817 0.499999672 0.125905976
v 0.0573045909 -0.0628834218 0.125905395
v -0.0580200031 -0.0628834218 0.125905395
v -0.0580446124 0.499999672 0.125905976
v 0.0427789316 0.499999672 0.09424299
v 0.0428319797 -0.0628834218 0.0943092629
v 0.0939479396 -0.0628834218 0.0431916453
v 0.0938613713 0.499999672 0.0431612208
v 0.0939476565 -0.0628834218 -0.0431930013
v 0.0938610807 0.499999672 -0.0431623831
v 0.0428320765 -0.0628834143 -0.0943112001
v 0.0427790247 0.499999672 -0.094244726
v -0.0435439013 0.500000477 0.0942426026
v -0.0435477756 -0.0628826395 0.0943088681
v 0.0428319797 -0.0628834218 0.0943092629
v 0.0427789316 0.499999672 0.09424299
v -0.0946260542 0.500000477 0.0431608371
v -0.0435477756 -0.0628826395 0.0943088681
v -0.0435439013 0.500000477 0.0942426026
v -0.0946635529 -0.0628826395 0.0431912616
v -0.0946258605 0.499999672 -0.0431618094
v -0.0946633518 -0.0628834218 -0.0431924202
v -0.0435438044 0.499998927 -0.094244726
v -0.0435476787 -0.0628841966 -0.0943112001
v 0.0427790247 0.499999672 -0.094244726
v 0.0428320765 -0.0628834143 -0.0943112001
v -0.0435476787 -0.0628841966 -0.0943112001
v -0.0435438044 0.499998927 -0.094244726
v -0.100391299 -0.181430236 0.100391731
v -0.138424248 -0.169322416 0.0761761665
v -0.112499282 -0.143397436 0.0761761665
v -0.138424248 -0.205645919 0.112499617
v -0.076175727 -0.143397436 0.112499617
v -0.112500444 -0.205645919 0.138424292
v -0.0761763081 -0.169322416 0.138424486
v -0.138424248 -0.394322425 0.0761761665
v -0.138424248 -0.357998908 0.112499617
v -0.100391299 -0.382214665 0.100391731
v -0.112499282 -0.420247495 0.0761761665
v -0.112500444 -0.357998908 0.138424292
v -0.0761755332 -0.420247495 0.112499617
v -0.0761768892 -0.394322425 0.138424292
v -0.138424248 -0.357998908 -0.112500399
v -0.138424248 -0.394322425 -0.0761769339
v -0.100391299 -0.382214665 -0.100392565
v -0.112499282 -0.357998908 -0.138425365
v -0.112499282 -0.420247495 -0.0761769339
v -0.076175727 -0.394322425 -0.138425365
v -0.0761755332 -0.420247495 -0.112500399
v 0.100393139 -0.181430236 -0.100392558
v 0.138425693 -0.169322416 -0.0761769339
v 0.112500936 -0.143397436 -0.0761769339
v 0.138425693 -0.205645919 -0.112500399
v 0.0761771798 -0.143397436 -0.112500399
v 0.112500541 -0.205645978 -0.13842532
v 0.0761771798 -0.169322416 -0.138425365
v 0.0761760175 -0.394322425 0.138424292
v 0.112499766 -0.357998908 0.138424292
v 0.100393139 -0.382214665 0.100391842
v 0.0761771798 -0.420247495 0.112499617
v 0.138425693 -0.357998878 0.112499617
v 0.112500936 -0.420247495 0.0761761665
v 0.138425693 -0.394322336 0.0761761665
v -0.50000006 -0.338912129 0.125905782
v -0.499999255 -0.237974182 0.0944916159
v -0.499999255 -0.223587602 0.125906155
v -0.499999255 -0.324525476 0.0944918022
v -0.499999255 -0.192754328 0.0432743914
v -0.499999255 -0.407156974 0.0576613024
v -0.49999845 -0.155343026 0.0576614924
v -0.499999255 -0.375742584 0.0432745926
v -0.499999255 -0.192754328 -0.0432765223
v -0.50000006 -0.407156974 -0.0576624684
v -0.49999845 -0.155343026 -0.0576634333
v -0.499999255 -0.375742704 -0.0432763286
v -0.499999255 -0.240721196 -0.0944937468
v -0.499999255 -0.338912576 -0.125908107
v -0.49999845 -0.223587409 -0.125907913
v -0.499999255 -0.321779519 -0.0944937468
v -0.139485046 -0.21248813 0.218176022
v -0.109059177 -0.341444224 0.22853002
v -0.139485046 -0.351155996 0.218176037
v -0.109059177 -0.222199813 0.228530034
v -0.0596236363 -0.390879899 0.22853002
v -0.069335252 -0.14233835 0.218176022
v -0.069335252 -0.421305716 0.218176022
v -0.0596234389 -0.172764167 0.228530034
v 0.0596208274 -0.390879899 0.22853002
v 0.0693326369 -0.14233835 0.218176022
v 0.0693326369 -0.421305716 0.218176022
v 0.0596208274 -0.172764167 0.228530034
v 0.109056562 -0.341444224 0.22853002
v 0.139482424 -0.21248813 0.218176022
v 0.139482424 -0.351155996 0.218176037
v 0.109056562 -0.222199813 0.228530034
v -0.112501606 -0.205645919 0.1691854
v -0.140663654 -0.351742178 0.188879937
v -0.112501606 -0.357998908 0.1691854
v -0.140663654 -0.211902708 0.188879937
v -0.0699212626 -0.422484577 0.188879922
v -0.0761780515 -0.169322416 0.1691854
v -0.0761780515 -0.394322425 0.1691854
v -0.0699212626 -0.141160324 0.188879937
v 0.06991826 -0.422484577 0.188879922
v 0.0761750489 -0.169322416 0.1691854
v 0.0761750489 -0.394322425 0.1691854
v 0.06991826 -0.141160324 0.188879937
v 0.140660644 -0.351742178 0.188879937
v 0.112498604 -0.205645919 0.1691854
v 0.112498604 -0.357998908 0.1691854
v 0.140660644 -0.211902708 0.188879937
v -0.0693333149 -0.499999672 -0.139483929
v 0.0596227646 -0.510353684 -0.109058119
v 0.069334574 -0.499999672 -0.139483929
v -0.0596216954 -0.510353684 -0.109058119
v 0.109058313 -0.510353744 -0.0596225262
v -0.139483109 -0.499999672 -0.0693341419
v 0.139484167 -0.499999672 -0.0693341419
v -0.109057255 -0.510353744 -0.0596224293
v 0.109058313 -0.510353744 0.0596220382
v -0.139483109 -0.499999672 0.0693337396
v 0.139484167 -0.499999672 0.0693337396
v -0.109057255 -0.510353744 0.0596220382
v 0.0596227646 -0.510353744 0.109057695
v -0.0693333149 -0.499999672 0.139483526
v 0.069334574 -0.499999672 0.139483526
v -0.0596216954 -0.510353744 0.109057695
v -0.0761755332 -0.451009095 -0.112500399
v 0.0699205846 -0.470703602 -0.140662536
v 0.0761773735 -0.451009095 -0.112500399
v -0.0699187443 -0.470703602 -0.140662536
v 0.140663162 -0.470703602 -0.069920145
v -0.112499088 -0.451009095 -0.0761769339
v 0.112500936 -0.451009095 -0.0761769339
v -0.140661135 -0.470703602 -0.069920145
v 0.140663162 -0.470703602 0.0699193776
v -0.112499088 -0.451009095 0.0761761665
v 0.112500936 -0.451009095 0.0761761665
v -0.140661135 -0.470703602 0.0699193776
v 0.0699205846 -0.470703602 0.140661776
v -0.0761755332 -0.451009095 0.112499617
v 0.0761773735 -0.451009095 0.112499617
v -0.0699187443 -0.470703602 0.140661776
v 0.0693349615 -0.0636453032 -0.139483929
v -0.059621118 -0.0532912798 -0.109058112
v -0.0693329275 -0.0636453032 -0.139483929
v 0.0596233457 -0.0532912798 -0.109058112
v -0.109056659 -0.0532912798 -0.0596225262
v 0.139484748 -0.0636453032 -0.0693341419
v -0.139482528 -0.0636453032 -0.0693341419
v 0.109058894 -0.0532912798 -0.0596224256
v -0.109056659 -0.0532912798 0.0596220344
v 0.139484748 -0.0636453032 0.069333747
v -0.139482528 -0.0636453032 0.069333747
v 0.109058894 -0.0532912798 0.0596220344
v -0.059621118 -0.0532912798 0.109057695
v 0.0693349615 -0.0636453032 0.139483541
v -0.0693329275 -0.0636453032 0.139483541
v 0.0596233457 -0.0532912798 0.109057695
v 0.0761771798 -0.112635903 -0.112500399
v -0.069918938 -0.0929413661 -0.140662536
v -0.076175727 -0.112635903 -0.112500399
v 0.0699203908 -0.0929413661 -0.140662536
v -0.140661508 -0.0929413661 -0.069920145
v 0.112500742 -0.112635903 -0.0761769339
v -0.112499282 -0.112635903 -0.0761769339
v 0.140662774 -0.0929413661 -0.069920145
v -0.140661508 -0.0929413661 0.0699193776
v 0.112500742 -0.112635903 0.0761761665
v -0.112499282 -0.112635903 0.0761761665
v 0.140662774 -0.0929413661 0.0699193776
v -0.069918938 -0.0929413661 0.140661746
v 0.0761771798 -0.112635903 0.112499624
v -0.076175727 -0.112635903 0.112499624
v 0.0699203908 -0.0929413661 0.140661746
v -0.218176365 -0.21248813 -0.139483929
v -0.228530377 -0.341444224 -0.109058119
v -0.218176365 -0.351155996 -0.139483929
v -0.228530377 -0.222199798 -0.109058119
v -0.228530377 -0.39087984 -0.0596225262
v -0.218176365 -0.14233835 -0.0693341419
v -0.218176365 -0.421305716 -0.0693341419
v -0.228530377 -0.172764167 -0.0596224256
v -0.228530377 -0.39087984 0.0596220382
v -0.218176365 -0.14233835 0.0693337545
v -0.218176365 -0.421305716 0.0693337396
v -0.228530377 -0.172764167 0.0596220382
v -0.228530377 -0.341444224 0.109057695
v -0.218176365 -0.21248813 0.139483541
v -0.218176365 -0.351155996 0.139483541
v -0.228530377 -0.222199798 0.109057695
v -0.169185743 -0.205645919 -0.112500399
v -0.188880265 -0.351742119 -0.140662536
v -0.169185743 -0.357998908 -0.112500399
v -0.188880265 -0.211902708 -0.140662536
v -0.188880265 -0.422484577 -0.069920145
v -0.169185743 -0.169322416 -0.0761769339
v -0.169185743 -0.394322425 -0.0761769339
v -0.188880265 -0.141160339 -0.069920145
v -0.188880265 -0.422484577 0.0699193776
v -0.169185743 -0.169322416 0.0761761665
v -0.169185743 -0.394322425 0.0761761665
v -0.188880265 -0.141160324 0.0699193776
v -0.188880265 -0.351742178 0.140661746
v -0.169185743 -0.205645919 0.112499617
v -0.169185743 -0.357998908 0.112499617
v -0.188880265 -0.211902708 0.140661746
v -0.0580446124 0.499999672 0.125905976
v -0.0435439013 0.500000477 0.0942426026
v 0.0427789316 0.499999672 0.09424299
v 0.0572799817 0.499999672 0.125905976
v -0.126289532 0.499999672 0.0576618835
v 0.0938613713 0.499999672 0.0431612208
v -0.0946260542 0.500000477 0.0431608371
v 0.125524655 0.499999672 0.0576616935
v -0.126289532 0.499998927 -0.0576634407
v 0.0938610807 0.499999672 -0.0431623831
v -0.0946258605 0.499999672 -0.0431618094
v 0.125524461 0.500000477 -0.057663057
v -0.0580451004 0.499999672 -0.125907511
v 0.0427790247 0.499999672 -0.094244726
v -0.0435438044 0.499998927 -0.094244726
v 0.0572800823 0.500000477 -0.125907317
v -0.125906602 -0.223587796 0.499998659
v -0.0942432284 -0.238088533 0.499999374
v -0.0942436233 -0.324411333 0.499998629
v -0.125906602 -0.338912398 0.499998629
v -0.0576625131 -0.155342892 0.499998629
v -0.0431618504 -0.375493765 0.499998689
v -0.043161463 -0.187006354 0.499999374
v -0.0576623231 -0.407157063 0.499998629
v 0.0576628111 -0.155342892 0.499997854
v 0.0431617536 -0.375493497 0.499998629
v 0.0431611724 -0.187006563 0.499998629
v 0.05766242 -0.407156885 0.499999374
v 0.1259069 -0.223587319 0.499998659
v 0.0942441002 -0.324411452 0.499998629
v 0.0942441002 -0.238088608 0.499997854
v 0.125906706 -0.338912487 0.499999374
vt 0.303610355 0.557493865
vt 0.289743423 0.557493806
vt 0.303610355 0.543626904
vt 0.28974247 0.557508826
vt 0.303609401 0.543641865
vt 0.303609401 0.557508826
vt 0.303610295 0.543641925
vt 0.289743364 0.557508826
vt 0.303610295 0.557508886
vt 0.303609401 0.557493746
vt 0.303609401 0.543626785
vt 0.28974247 0.557493746
vt 0.303610355 0.543626785
vt 0.303610355 0.557493746
vt 0.289743364 0.557493746
vt 0.289743364 0.557508826
vt 0.303610295 0.557508826
vt 0.303610295 0.543641865
vt 0.303609401 0.543641865
vt 0.303609401 0.557508886
vt 0.289742351 0.557508826
vt 0.289743423 0.557508886
vt 0.303610355 0.557508826
vt 0.303610355 0.543641865
vt 0.194534019 0.521521568
vt 0.201188356 0.537650406
vt 0.185059592 0.530996025
vt 0.185059592 0.570734799
vt 0.201188356 0.564080477
vt 0.194534019 0.580209196
vt 0.234272793 0.580209196
vt 0.227618396 0.564080477
vt 0.243747205 0.570734799
vt 0.243747279 0.530996025
vt 0.22761853 0.537650406
vt 0.234272793 0.521521568
vt 0.194534019 0.521521568
vt 0.201188356 0.537650406
vt 0.185059592 0.530996025
vt 0.185059592 0.570734799
vt 0.201188356 0.564080477
vt 0.194534019 0.580209196
vt 0.234272793 0.580209196
vt 0.227618396 0.564080477
vt 0.243747205 0.570734799
vt 0.243747279 0.530996025
vt 0.22761853 0.537650406
vt 0.234272793 0.521521568
vt 0.194534019 0.521521568
vt 0.201188356 0.537650406
vt 0.185059592 0.530996025
vt 0.185059592 0.570734799
vt 0.201188356 0.564080477
vt 0.194534019 0.580209196
vt 0.234272793 0.580209196
vt 0.227618396 0.564080477
vt 0.243747205 0.570734799
vt 0.243747279 0.530996025
vt 0.22761853 0.537650406
vt 0.234272793 0.521521568
vt 0.368281573 0.491155148
vt 0.411386162 0.500348091
vt 0.411386162 0.491155148
vt 0.368281573 0.500348091
vt 0.354508102 0.491155148
vt 0.354508102 0.500348091
vt 0.311403632 0.491155148
vt 0.311403632 0.500348091
vt 0.297630072 0.500348091
vt 0.297630072 0.491155148
vt 0.254525572 0.491155148
vt 0.254525572 0.500348091
vt 0.24075219 0.491155148
vt 0.24075219 0.500348091
vt 0.197647512 0.491155148
vt 0.197647512 0.500348091
vt 0.183874145 0.491155148
vt 0.183874145 0.500348091
vt 0.35181424 0.574387252
vt 0.351812482 0.512232006
vt 0.341238648 0.512237966
vt 0.341238707 0.574387252
vt 0.35181424 0.574387252
vt 0.351812482 0.512232006
vt 0.341238648 0.512237966
vt 0.341238707 0.574387252
vt 0.35181424 0.574387252
vt 0.351812482 0.512232006
vt 0.341238648 0.512237966
vt 0.341238707 0.574387252
vt 0.35181424 0.574387252
vt 0.351812482 0.512232006
vt 0.341238648 0.512237966
vt 0.341238707 0.574387252
vt 0.341238648 0.512237966
vt 0.341238707 0.574387252
vt 0.35181424 0.574387252
vt 0.351812482 0.512232006
vt 0.341238588 0.512238503
vt 0.341238707 0.574387252
vt 0.35181424 0.574387252
vt 0.351811528 0.512241721
vt 0.341238767 0.512238622
vt 0.341238707 0.574387252
vt 0.35181424 0.574387252
vt 0.351816326 0.512244642
vt 0.341238767 0.512238204
vt 0.341238707 0.574387252
vt 0.35181424 0.574387252
vt 0.351816684 0.512235701
vt 0.351815194 0.574401379
vt 0.351811528 0.512241721
vt 0.341238588 0.512238503
vt 0.341217428 0.574401379
vt 0.346516341 0.58457464
vt 0.333793223 0.585203469
vt 0.359239519 0.585203469
vt 0.339092016 0.594105422
vt 0.353940427 0.594105422
vt 0.341238588 0.512238503
vt 0.341238707 0.574387252
vt 0.35181424 0.574387252
vt 0.351811528 0.512241721
vt 0.351820976 0.574407101
vt 0.351816684 0.512235701
vt 0.341238767 0.512238204
vt 0.34122327 0.57440722
vt 0.346522063 0.584580362
vt 0.333798856 0.58520925
vt 0.359245121 0.58520925
vt 0.339097708 0.594111264
vt 0.353946149 0.594111264
vt 0.351830453 0.574397564
vt 0.351811528 0.512241721
vt 0.341238588 0.512238503
vt 0.341232687 0.574397624
vt 0.346531421 0.584570944
vt 0.333808362 0.585199714
vt 0.359254688 0.585199714
vt 0.339107394 0.594101608
vt 0.353955775 0.594101608
vt 0.373407066 0.501248002
vt 0.406814426 0.510002971
vt 0.406814545 0.501248002
vt 0.373406947 0.510002971
vt 0.349936515 0.501248002
vt 0.349936336 0.510002971
vt 0.316529006 0.501248002
vt 0.316529006 0.510002971
vt 0.293058574 0.501248002
vt 0.293058574 0.510002971
vt 0.259651124 0.501248002
vt 0.259651244 0.510002971
vt 0.236180514 0.501248002
vt 0.236180589 0.510002971
vt 0.202773035 0.501248002
vt 0.202773035 0.510002971
vt 0.179302529 0.501248002
vt 0.179302394 0.510002971
vt 0.152341053 0.497526556
vt 0.182130128 0.492455095
vt 0.161560729 0.479605764
vt 0.174755573 0.506789386
vt 0.14836669 0.508656621
vt 0.171579778 0.515681386
vt 0.144152626 0.528369009
vt 0.168209895 0.531442225
vt 0.143230125 0.540147841
vt 0.167473018 0.54085964
vt 0.144305274 0.560265779
vt 0.168332502 0.556965053
vt 0.146478698 0.571876228
vt 0.170070559 0.566251397
vt 0.152762696 0.591022849
vt 0.17509748 0.581569314
vt 0.157894179 0.601665556
vt 0.179198623 0.59007591
vt 0.201188356 0.537650406
vt 0.22761853 0.537650406
vt 0.227618396 0.564080477
vt 0.201188356 0.564080477
vt 0.322065234 0.565958321
vt 0.282595873 0.57751894
vt 0.310504973 0.57751894
vt 0.271035403 0.5659585
vt 0.271035403 0.538049519
vt 0.322065234 0.538049459
vt 0.310504973 0.526489079
vt 0.282595873 0.526489139
vt 0.368281573 0.491155148
vt 0.411386162 0.500348091
vt 0.411386162 0.491155148
vt 0.368281573 0.500348091
vt 0.354508102 0.491155148
vt 0.354508102 0.500348091
vt 0.311403632 0.491155148
vt 0.311403632 0.500348091
vt 0.297630072 0.500348091
vt 0.297630072 0.491155148
vt 0.254525572 0.491155148
vt 0.254525572 0.500348091
vt 0.24075219 0.491155148
vt 0.24075219 0.500348091
vt 0.197647512 0.491155148
vt 0.197647512 0.500348091
vt 0.183874145 0.491155148
vt 0.183874145 0.500348091
vt 0.373407066 0.501248002
vt 0.406814426 0.510002971
vt 0.406814545 0.501248002
vt 0.373406947 0.510002971
vt 0.349936515 0.501248002
vt 0.349936336 0.510002971
vt 0.316529006 0.501248002
vt 0.316529006 0.510002971
vt 0.293058574 0.501248002
vt 0.293058574 0.510002971
vt 0.259651124 0.501248002
vt 0.259651244 0.510002971
vt 0.236180514 0.501248002
vt 0.236180589 0.510002971
vt 0.202773035 0.501248002
vt 0.202773035 0.510002971
vt 0.179302529 0.501248002
vt 0.179302394 0.510002971
vt 0.152341053 0.497526556
vt 0.182130128 0.492455095
vt 0.161560729 0.479605764
vt 0.174755573 0.506789386
vt 0.14836669 0.508656621
vt 0.171579778 0.515681386
vt 0.144152626 0.528369009
vt 0.168209895 0.531442225
vt 0.143230125 0.540147841
vt 0.167473018 0.54085964
vt 0.144305274 0.560265779
vt 0.168332502 0.556965053
vt 0.146478698 0.571876228
vt 0.170070559 0.566251397
vt 0.152762696 0.591022849
vt 0.17509748 0.581569314
vt 0.157894179 0.601665556
vt 0.179198623 0.59007591
vt 0.368281573 0.491155148
vt 0.411386162 0.500348091
vt 0.411386162 0.491155148
vt 0.368281573 0.500348091
vt 0.354508102 0.491155148
vt 0.354508102 0.500348091
vt 0.311403632 0.491155148
vt 0.311403632 0.500348091
vt 0.297630072 0.500348091
vt 0.297630072 0.491155148
vt 0.254525572 0.491155148
vt 0.254525572 0.500348091
vt 0.24075219 0.491155148
vt 0.24075219 0.500348091
vt 0.197647512 0.491155148
vt 0.197647512 0.500348091
vt 0.183874145 0.491155148
vt 0.183874145 0.500348091
vt 0.373407066 0.501248002
vt 0.406814426 0.510002971
vt 0.406814545 0.501248002
vt 0.373406947 0.510002971
vt 0.349936515 0.501248002
vt 0.349936336 0.510002971
vt 0.316529006 0.501248002
vt 0.316529006 0.510002971
vt 0.293058574 0.501248002
vt 0.293058574 0.510002971
vt 0.259651124 0.501248002
vt 0.259651244 0.510002971
vt 0.236180514 0.501248002
vt 0.236180589 0.510002971
vt 0.202773035 0.501248002
vt 0.202773035 0.510002971
vt 0.179302529 0.501248002
vt 0.179302394 0.510002971
vt 0.152341053 0.497526556
vt 0.182130128 0.492455095
vt 0.161560729 0.479605764
vt 0.174755573 0.506789386
vt 0.14836669 0.508656621
vt 0.171579778 0.515681386
vt 0.144152626 0.528369009
vt 0.168209895 0.531442225
vt 0.143230125 0.540147841
vt 0.167473018 0.54085964
vt 0.144305274 0.560265779
vt 0.168332502 0.556965053
vt 0.146478698 0.571876228
vt 0.170070559 0.566251397
vt 0.152762696 0.591022849
vt 0.17509748 0.581569314
vt 0.157894179 0.601665556
vt 0.179198623 0.59007591
vt 0.368281573 0.491155148
vt 0.411386162 0.500348091
vt 0.411386162 0.491155148
vt 0.368281573 0.500348091
vt 0.354508102 0.491155148
vt 0.354508102 0.500348091
vt 0.311403632 0.491155148
vt 0.311403632 0.500348091
vt 0.297630072 0.500348091
vt 0.297630072 0.491155148
vt 0.254525572 0.491155148
vt 0.254525572 0.500348091
vt 0.24075219 0.491155148
vt 0.24075219 0.500348091
vt 0.197647512 0.491155148
vt 0.197647512 0.500348091
vt 0.183874145 0.491155148
vt 0.183874145 0.500348091
vt 0.373407066 0.501248002
vt 0.406814426 0.510002971
vt 0.406814545 0.501248002
vt 0.373406947 0.510002971
vt 0.349936515 0.501248002
vt 0.349936336 0.510002971
vt 0.316529006 0.501248002
vt 0.316529006 0.510002971
vt 0.293058574 0.501248002
vt 0.293058574 0.510002971
vt 0.259651124 0.501248002
vt 0.259651244 0.510002971
vt 0.236180514 0.501248002
vt 0.236180589 0.510002971
vt 0.202773035 0.501248002
vt 0.202773035 0.510002971
vt 0.179302529 0.501248002
vt 0.179302394 0.510002971
vt 0.152341053 0.497526556
vt 0.182130128 0.492455095
vt 0.161560729 0.479605764
vt 0.174755573 0.506789386
vt 0.14836669 0.508656621
vt 0.171579778 0.515681386
vt 0.144152626 0.528369009
vt 0.168209895 0.531442225
vt 0.143230125 0.540147841
vt 0.167473018 0.54085964
vt 0.144305274 0.560265779
vt 0.168332502 0.556965053
vt 0.146478698 0.571876228
vt 0.170070559 0.566251397
vt 0.152762696 0.591022849
vt 0.17509748 0.581569314
vt 0.157894179 0.601665556
vt 0.179198623 0.59007591
vt 0.234272793 0.521521568
vt 0.22761853 0.537650406
vt 0.201188356 0.537650406
vt 0.194534019 0.521521568
vt 0.185059592 0.530996025
vt 0.201188356 0.537650406
vt 0.201188356 0.564080477
vt 0.185059592 0.570734799
vt 0.194534019 0.580209196
vt 0.201188356 0.564080477
vt 0.227618396 0.564080477
vt 0.234272793 0.580209196
vt 0.243747205 0.570734799
vt 0.227618396 0.564080477
vt 0.22761853 0.537650406
vt 0.243747279 0.530996025
vt 0.201188356 0.537650406
vt 0.22761853 0.537650406
vt 0.227618396 0.564080477
vt 0.201188356 0.564080477
vt 0.322065234 0.565958321
vt 0.282595873 0.57751894
vt 0.310504973 0.57751894
vt 0.271035403 0.5659585
vt 0.271035403 0.538049519
vt 0.322065234 0.538049459
vt 0.310504973 0.526489079
vt 0.282595873 0.526489139
vt 0.234272793 0.521521568
vt 0.22761853 0.537650406
vt 0.201188356 0.537650406
vt 0.194534019 0.521521568
vt 0.185059592 0.530996025
vt 0.201188356 0.537650406
vt 0.201188356 0.564080477
vt 0.185059592 0.570734799
vt 0.194534019 0.580209196
vt 0.201188356 0.564080477
vt 0.227618396 0.564080477
vt 0.234272793 0.580209196
vt 0.243747205 0.570734799
vt 0.227618396 0.564080477
vt 0.22761853 0.537650406
vt 0.243747279 0.530996025
vt 0.201188356 0.537650406
vt 0.22761853 0.537650406
vt 0.227618396 0.564080477
vt 0.201188356 0.564080477
vt 0.322065234 0.565958321
vt 0.282595873 0.57751894
vt 0.310504973 0.57751894
vt 0.271035403 0.5659585
vt 0.271035403 0.538049519
vt 0.322065234 0.538049459
vt 0.310504973 0.526489079
vt 0.282595873 0.526489139
vt 0.234272793 0.521521568
vt 0.22761853 0.537650406
vt 0.201188356 0.537650406
vt 0.194534019 0.521521568
vt 0.185059592 0.530996025
vt 0.201188356 0.537650406
vt 0.201188356 0.564080477
vt 0.185059592 0.570734799
vt 0.194534019 0.580209196
vt 0.201188356 0.564080477
vt 0.227618396 0.564080477
vt 0.234272793 0.580209196
vt 0.243747205 0.570734799
vt 0.227618396 0.564080477
vt 0.22761853 0.537650406
vt 0.243747279 0.530996025
vt 0.00336804357 0.764106929
vt 0.00336804357 0.809443891
vt 0.0207588784 0.809443891
vt 0.0207588784 0.764106691
vt 0.0363097563 0.809443891
vt 0.0363097563 0.764106691
vt 0.120393127 0.764107108
vt 0.120393127 0.809443891
vt 0.135994047 0.809443891
vt 0.135994047 0.764106929
vt 0.102861397 0.764107764
vt 0.102861397 0.809443891
vt 0.120393127 0.809443891
vt 0.120393127 0.764107108
vt 0.0871015564 0.764107943
vt 0.102861397 0.809443891
vt 0.102861397 0.764107764
vt 0.0871015564 0.809443891
vt 0.069469437 0.764108419
vt 0.069469437 0.809443891
vt 0.0536553785 0.764108598
vt 0.0536553785 0.809443891
vt 0.0363097563 0.764108777
vt 0.0363097563 0.809443891
vt 0.0536553785 0.809443891
vt 0.0536553785 0.764108598
vt 0.157264173 0.689855278
vt 0.157264173 0.735112071
vt 0.169070974 0.735112071
vt 0.169070974 0.689855695
vt 0.182457983 0.735112071
vt 0.182457983 0.689856172
vt 0.1940929 0.735112071
vt 0.1940929 0.689857364
vt 0.144577652 0.689853549
vt 0.144560009 0.735112071
vt 0.157264173 0.735112071
vt 0.157264173 0.689855278
vt 0.231968209 0.689859509
vt 0.243533179 0.735112071
vt 0.24352169 0.689858496
vt 0.231968209 0.735112071
vt 0.218569621 0.689859092
vt 0.218569621 0.735112071
vt 0.206768319 0.689858675
vt 0.206768319 0.735112071
vt 0.1940929 0.689857364
vt 0.1940929 0.735112071
vt 0.206768319 0.735112071
vt 0.206768319 0.689858675
vt 0.0871014819 0.569017589
vt 0.102861352 0.614354551
vt 0.0871014819 0.614354372
vt 0.102861352 0.569017589
vt 0.120393172 0.614354789
vt 0.120393172 0.569017589
vt 0.136139318 0.614354789
vt 0.136139318 0.569017589
vt 0.0694694519 0.569017589
vt 0.0871014819 0.569017589
vt 0.0871014819 0.614354372
vt 0.0694694519 0.614353716
vt 0.0536554232 0.569017589
vt 0.0694694519 0.569017589
vt 0.0694694519 0.614353716
vt 0.0536554232 0.614353538
vt 0.0363097563 0.569017589
vt 0.0363097563 0.614353061
vt 0.0207588784 0.569017589
vt 0.0207588784 0.614352882
vt 0.00336805894 0.569017589
vt 0.0207588784 0.569017589
vt 0.0207588784 0.614352882
vt 0.00336805894 0.614352703
vt 0.144560009 0.735112071
vt 0.157264173 0.689855278
vt 0.144577652 0.689853549
vt 0.157264173 0.735112071
vt 0.169070974 0.689855695
vt 0.169070974 0.735112071
vt 0.182457983 0.689856172
vt 0.182457983 0.735112071
vt 0.231968209 0.735112071
vt 0.243533179 0.735112071
vt 0.24352169 0.689858496
vt 0.231968209 0.689859509
vt 0.218569621 0.735112071
vt 0.231968209 0.735112071
vt 0.231968209 0.689859509
vt 0.218569621 0.689859092
vt 0.206768319 0.735112071
vt 0.206768319 0.689858675
vt 0.1940929 0.735112071
vt 0.1940929 0.689857364
vt 0.182457983 0.735112071
vt 0.1940929 0.735112071
vt 0.1940929 0.689857364
vt 0.182457983 0.689856172
vt 0.00336804357 0.764106929
vt 0.00336804357 0.809443891
vt 0.0207588784 0.809443891
vt 0.0207588784 0.764106691
vt 0.0363097563 0.809443891
vt 0.0363097563 0.764106691
vt 0.120393127 0.764107108
vt 0.120393127 0.809443891
vt 0.135994047 0.809443891
vt 0.135994047 0.764106929
vt 0.102861397 0.764107764
vt 0.102861397 0.809443891
vt 0.120393127 0.809443891
vt 0.120393127 0.764107108
vt 0.0871015564 0.764107943
vt 0.102861397 0.809443891
vt 0.102861397 0.764107764
vt 0.0871015564 0.809443891
vt 0.069469437 0.764108419
vt 0.069469437 0.809443891
vt 0.0536553785 0.764108598
vt 0.0536553785 0.809443891
vt 0.0363097563 0.764108777
vt 0.0363097563 0.809443891
vt 0.0536553785 0.809443891
vt 0.0536553785 0.764108598
vt 0.157264173 0.689855278
vt 0.157264173 0.735112071
vt 0.169070974 0.735112071
vt 0.169070974 0.689855695
vt 0.182457983 0.735112071
vt 0.182457983 0.689856172
vt 0.1940929 0.735112071
vt 0.1940929 0.689857364
vt 0.144577652 0.689853549
vt 0.144560009 0.735112071
vt 0.157264173 0.735112071
vt 0.157264173 0.689855278
vt 0.231968209 0.689859509
vt 0.243533179 0.735112071
vt 0.24352169 0.689858496
vt 0.231968209 0.735112071
vt 0.218569621 0.689859092
vt 0.218569621 0.735112071
vt 0.206768319 0.689858675
vt 0.206768319 0.735112071
vt 0.1940929 0.689857364
vt 0.1940929 0.735112071
vt 0.206768319 0.735112071
vt 0.206768319 0.689858675
vt 0.346525788 0.584565163
vt 0.359248966 0.585194051
vt 0.353950113 0.594095886
vt 0.351824701 0.574391842
vt 0.339101613 0.594095886
vt 0.341226995 0.574391842
vt 0.3338027 0.585194051
vt 0.359248966 0.585194051
vt 0.351824701 0.574391842
vt 0.346525788 0.584565163
vt 0.353950113 0.594095886
vt 0.341226995 0.574391842
vt 0.339101613 0.594095886
vt 0.3338027 0.585194051
vt 0.351830453 0.574397564
vt 0.359254688 0.585199714
vt 0.346531421 0.584570944
vt 0.341232687 0.574397624
vt 0.353955775 0.594101608
vt 0.333808362 0.585199714
vt 0.339107394 0.594101608
vt 0.346522063 0.584580362
vt 0.359245121 0.58520925
vt 0.353946149 0.594111264
vt 0.351820976 0.574407101
vt 0.339097708 0.594111264
vt 0.34122327 0.57440722
vt 0.333798856 0.58520925
vt 0.333793223 0.585203469
vt 0.341217428 0.574401379
vt 0.346516341 0.58457464
vt 0.339092016 0.594105422
vt 0.351815194 0.574401379
vt 0.353940427 0.594105422
vt 0.359239519 0.585203469
vt 0.243351296 0.893893063
vt 0.237342566 0.913127661
vt 0.243344903 0.915795267
vt 0.237288713 0.896663189
vt 0.227520749 0.92273128
vt 0.230309129 0.880872905
vt 0.230264947 0.928717196
vt 0.227547809 0.886895478
vt 0.211056277 0.92273128
vt 0.208310634 0.880853891
vt 0.208266318 0.928717196
vt 0.211069733 0.886900127
vt 0.20123066 0.91304642
vt 0.195211872 0.893904209
vt 0.195172146 0.915767908
vt 0.201286867 0.896702588
vt 0.256652474 0.572351277
vt 0.2663908 0.534849763
vt 0.256649226 0.531641662
vt 0.266389251 0.569017589
vt 0.279755771 0.522277772
vt 0.276932597 0.590739489
vt 0.276716858 0.512825131
vt 0.279851258 0.581225514
vt 0.314077348 0.521752238
vt 0.317598909 0.589793086
vt 0.316963375 0.512740433
vt 0.314452112 0.581225216
vt 0.328341633 0.534796238
vt 0.337506294 0.571227312
vt 0.337477475 0.531570613
vt 0.328342587 0.567961812
vt 0.236411393 0.583281577
vt 0.194903642 0.591282785
vt 0.193125963 0.583281577
vt 0.234633729 0.591282785
vt 0.174804702 0.57118398
vt 0.246731326 0.572961688
vt 0.182806045 0.572961688
vt 0.254732519 0.57118398
vt 0.174804702 0.531453848
vt 0.246731326 0.529676199
vt 0.182806045 0.529676199
vt 0.254732519 0.531453848
vt 0.194903642 0.511354983
vt 0.236411393 0.51935631
vt 0.193125963 0.51935631
vt 0.234633729 0.511354983
vt 0.256652474 0.572351277
vt 0.2663908 0.534849763
vt 0.256649226 0.531641662
vt 0.266389251 0.569017589
vt 0.279755771 0.522277772
vt 0.276932597 0.590739489
vt 0.276716858 0.512825131
vt 0.279851258 0.581225514
vt 0.314077348 0.521752238
vt 0.317598909 0.589793086
vt 0.316963375 0.512740433
vt 0.314452112 0.581225216
vt 0.328341633 0.534796238
vt 0.337506294 0.571227312
vt 0.337477475 0.531570613
vt 0.328342587 0.567961812
vt 0.236411393 0.583281577
vt 0.194903642 0.591282785
vt 0.193125963 0.583281577
vt 0.234633729 0.591282785
vt 0.174804702 0.57118398
vt 0.246731326 0.572961688
vt 0.182806045 0.572961688
vt 0.254732519 0.57118398
vt 0.174804702 0.531453848
vt 0.246731326 0.529676199
vt 0.182806045 0.529676199
vt 0.254732519 0.531453848
vt 0.194903642 0.511354983
vt 0.236411393 0.51935631
vt 0.193125963 0.51935631
vt 0.234633729 0.511354983
vt 0.256652474 0.572351277
vt 0.2663908 0.534849763
vt 0.256649226 0.531641662
vt 0.266389251 0.569017589
vt 0.279755771 0.522277772
vt 0.276932597 0.590739489
vt 0.276716858 0.512825131
vt 0.279851258 0.581225514
vt 0.314077348 0.521752238
vt 0.317598909 0.589793086
vt 0.316963375 0.512740433
vt 0.314452112 0.581225216
vt 0.328341633 0.534796238
vt 0.337506294 0.571227312
vt 0.337477475 0.531570613
vt 0.328342587 0.567961812
vt 0.236411393 0.583281577
vt 0.194903642 0.591282785
vt 0.193125963 0.583281577
vt 0.234633729 0.591282785
vt 0.174804702 0.57118398
vt 0.246731326 0.572961688
vt 0.182806045 0.572961688
vt 0.254732519 0.57118398
vt 0.174804702 0.531453848
vt 0.246731326 0.529676199
vt 0.182806045 0.529676199
vt 0.254732519 0.531453848
vt 0.194903642 0.511354983
vt 0.236411393 0.51935631
vt 0.193125963 0.51935631
vt 0.234633729 0.511354983
vt 0.256652474 0.572351277
vt 0.2663908 0.534849763
vt 0.256649226 0.531641662
vt 0.266389251 0.569017589
vt 0.279755771 0.522277772
vt 0.276932597 0.590739489
vt 0.276716858 0.512825131
vt 0.279851258 0.581225514
vt 0.314077348 0.521752238
vt 0.317598909 0.589793086
vt 0.316963375 0.512740433
vt 0.314452112 0.581225216
vt 0.328341633 0.534796238
vt 0.337506294 0.571227312
vt 0.337477475 0.531570613
vt 0.328342587 0.567961812
vt 0.236411393 0.583281577
vt 0.194903642 0.591282785
vt 0.193125963 0.583281577
vt 0.234633729 0.591282785
vt 0.174804702 0.57118398
vt 0.246731326 0.572961688
vt 0.182806045 0.572961688
vt 0.254732519 0.57118398
vt 0.174804702 0.531453848
vt 0.246731326 0.529676199
vt 0.182806045 0.529676199
vt 0.254732519 0.531453848
vt 0.194903642 0.511354983
vt 0.236411393 0.51935631
vt 0.193125963 0.51935631
vt 0.234633729 0.511354983
vt 0.195172146 0.915767908
vt 0.20123066 0.91304642
vt 0.201287389 0.896703184
vt 0.195211872 0.893904209
vt 0.208266318 0.928717196
vt 0.211069733 0.886900127
vt 0.211056277 0.92273128
vt 0.208310634 0.880853891
vt 0.230264947 0.928717196
vt 0.227547809 0.886895478
vt 0.227520749 0.92273128
vt 0.230309129 0.880872905
vt 0.243344903 0.915795267
vt 0.237288713 0.896663189
vt 0.237342566 0.913127661
vt 0.243351296 0.893893063
vt 0.195172146 0.915767908
vt 0.20123066 0.91304642
vt 0.201287389 0.896703184
vt 0.195211872 0.893904209
vt 0.208266318 0.928717196
vt 0.211069733 0.886900127
vt 0.211056277 0.92273128
vt 0.208310634 0.880853891
vt 0.230264947 0.928717196
vt 0.227547809 0.886895478
vt 0.227520749 0.92273128
vt 0.230309129 0.880872905
vt 0.243344903 0.915795267
vt 0.237288713 0.896663189
vt 0.237342566 0.913127661
vt 0.243351296 0.893893063
vn -0.57734555 0.577344835 -0.577360511
vn -0.57734561 0.577344775 -0.577360451
vn -0.57734555 0.577344835 -0.577360511
vn -0.577346325 -0.577344835 -0.577359676
vn -0.577346325 -0.577344835 -0.577359676
vn -0.577346325 -0.577344835 -0.577359676
vn 0.576169848 -0.57970649 -0.576167345
vn 0.579703748 -0.576174855 -0.576164961
vn 0.0216023214 -0.888916373 -0.457559854
vn 0.577354252 0.577351451 -0.577345073
vn 0.576171398 0.579705238 -0.576166928
vn 0.576174974 0.576168895 -0.579699814
vn 0.0216049496 0.457560599 0.888915896
vn 0.457563013 0.0216023419 0.888914704
vn 0.576173723 0.57616961 0.579700232
vn 0.457561672 -0.0216041375 0.88891536
vn 0.021602476 -0.457561731 0.888915479
vn 0.576170206 -0.576172471 0.579700947
vn -0.577351034 -0.577352345 0.577347457
vn -0.577350974 -0.577352345 0.577347457
vn -0.577351034 -0.577352405 0.577347457
vn -0.577350736 0.57735002 0.57735002
vn -0.577350736 0.57735002 0.57735002
vn -0.888916314 0.0216048677 0.457559884
vn -0.101618968 -0.101619095 -0.989619672
vn -0.101618968 -0.101619102 -0.989619672
vn -0.101618968 -0.101619102 -0.989619672
vn -0.101618424 0.101618573 -0.989619792
vn -0.101618439 0.101618588 -0.989619792
vn -0.101618439 0.101618581 -0.989619792
vn 0.101619646 0.101617761 -0.989619792
vn 0.101619631 0.101617761 -0.989619792
vn 0.101619631 0.101617761 -0.989619792
vn 0.101618752 -0.101618893 -0.989619792
vn 0.101618752 -0.101618879 -0.989619792
vn 0.101618744 -0.101618879 -0.989619672
vn -0.101619758 0.989619672 -0.101618864
vn -0.10161975 0.989619672 -0.101618841
vn -0.101619773 0.989619672 -0.101618864
vn -0.101618342 0.989619792 0.101618618
vn -0.10161835 0.989619792 0.101618618
vn -0.10161835 0.989619792 0.101618618
vn 0.10161943 0.989619792 0.101617843
vn 0.101619437 0.989619792 0.101617843
vn 0.101619422 0.989619792 0.101617828
vn 0.10161829 0.989619792 -0.101619102
vn 0.10161829 0.989619792 -0.101619087
vn 0.10161829 0.989619792 -0.101619087
vn 0.989619315 0.101621136 -0.10162127
vn 0.989619315 0.101621144 -0.10162127
vn 0.989619315 0.101621136 -0.10162127
vn 0.989619672 0.101618975 0.10161911
vn 0.989619672 0.101618968 0.101619102
vn 0.989619672 0.101618968 0.101619117
vn 0.989619792 -0.101618789 0.101618789
vn 0.989619792 -0.101618789 0.101618789
vn 0.989619792 -0.101618789 0.101618789
vn 0.989619315 -0.101620764 -0.101621032
vn 0.989619315 -0.101620749 -0.101621024
vn 0.989619315 -0.101620764 -0.101621024
vn -0.302204579 0.464504004 -0.83241117
vn -0 -0.382683158 -0.923879623
vn -0.302204818 -0.464503855 -0.83241117
vn -0 0.382683158 -0.923879623
vn -0.3022044 0.832410932 -0.46450451
vn -0 0.923879445 -0.382683724
vn -0.302204251 0.832410932 0.464504659
vn -0 0.923879445 0.382683724
vn -0 0.382683158 0.923879623
vn -0.302209616 0.464506954 0.832407713
vn -0.302209824 -0.464506716 0.832407832
vn -0 -0.382683158 0.923879623
vn -0.302204996 -0.832410514 0.464504927
vn -0 -0.923879445 0.382683724
vn -0.302205235 -0.832410514 -0.464504749
vn -0 -0.923879445 -0.382683724
vn -0.302204818 -0.464503855 -0.83241117
vn -0 -0.382683158 -0.923879623
vn -0.832410038 -0.302206188 0.464505076
vn -0.832410038 -0.302206427 -0.464504927
vn -0.302205235 -0.832410514 -0.464504749
vn -0.302204996 -0.832410514 0.464504927
vn -0.464502275 -0.302205712 -0.832411766
vn 0.464501232 -0.302204639 -0.832412779
vn 0.495669514 -0.680112481 -0.540146887
vn -0.495672792 -0.680113554 -0.540142715
vn 0.832411587 -0.302202821 -0.464504331
vn 0.832411766 -0.30220291 0.464504033
vn 0.540148258 -0.680109799 0.495671719
vn 0.540147662 -0.680109918 -0.495672286
vn 0.464500964 -0.302197754 0.832415402
vn -0.464500695 -0.302209079 0.832411468
vn -0.464507192 -0.832415164 0.302188933
vn 0.464500129 -0.832405567 0.302226126
vn -0.464503229 0.302205831 0.83241117
vn 0.464502782 0.302200139 0.832413495
vn 0.46450004 0.832405984 0.302225143
vn -0.464500755 0.832418203 0.302190423
vn 0.68011266 0.540146053 0.495670319
vn 0.832410455 0.302206963 -0.464503914
vn 0.540144742 0.68011272 -0.49567166
vn 0.540144086 0.680114031 0.495670676
vn 0.464501917 0.302206367 -0.832411766
vn -0.464503914 0.302204251 -0.832411349
vn -0.495672047 0.680113971 -0.540142775
vn 0.495669991 0.68011266 -0.540146351
vn -0.6801126 0.54014349 -0.495673209
vn -0.832410514 0.302204341 0.464505285
vn -0.302204251 0.832410932 0.464504659
vn -0.3022044 0.832410932 -0.46450451
vn 0.540133536 0.495665848 0.680125773
vn 0.540134788 -0.495665312 0.680125356
vn 0.83240217 -0.464501321 0.302233428
vn 0.83240211 0.464501441 0.302233428
vn 0.577343225 0.57734865 0.577358902
vn 0.46450004 0.832405984 0.302225143
vn 0.540144086 0.680114031 0.495670676
vn 0.464502782 0.302200139 0.832413495
vn 0.68011266 0.540146053 0.495670319
vn -0.302209824 -0.464506716 0.832407832
vn -0.302209616 0.464506954 0.832407713
vn -0.832416832 0.464510441 0.302179158
vn -0.832417727 -0.464508355 0.302179962
vn 0.540144742 -0.495669663 -0.680114269
vn 0.540142775 0.495670348 -0.680115163
vn 0.680112302 0.495669425 -0.540147245
vn 0.680112898 -0.495669961 -0.540145993
vn 0.577348948 -0.577349544 -0.577352345
vn 0.495669514 -0.680112481 -0.540146887
vn 0.540147662 -0.680109918 -0.495672286
vn 0.464501232 -0.302204639 -0.832412779
vn 0.832411587 -0.302202821 -0.464504331
vn -0.302204579 0.464504004 -0.83241117
vn -0.302204818 -0.464503855 -0.83241117
vn -0.680113137 -0.495672196 -0.540143609
vn -0.680113196 0.495672584 -0.540143311
vn -0.577350378 0.57735008 -0.577350259
vn -0.495672047 0.680113971 -0.540142775
vn -0.3022044 0.832410932 -0.46450451
vn -0.464503914 0.302204251 -0.832411349
vn -0.6801126 0.54014349 -0.495673209
vn -0.0447731353 0.382977486 -0.922671974
vn -0.0447786227 -0.381594241 -0.923244715
vn -0.0447832569 -0.382982343 -0.92266947
vn -0.0447685644 0.381599635 -0.923242986
vn -0.0447624549 0.922670066 -0.382983446
vn -0.0447578058 0.923245847 -0.381593853
vn -0.0447573885 0.922671378 0.382980824
vn -0.0447527841 0.923244953 0.381596833
vn -0.0447609462 0.382978857 0.922671974
vn -0.0447563715 0.381598711 0.92324388
vn -0.0447710603 -0.382983685 0.92266947
vn -0.0447664112 -0.381593287 0.923245609
vn -0.0447826311 -0.922671258 0.382977933
vn -0.0447780602 -0.923242807 0.38159883
vn -0.0447877049 -0.922670066 -0.382980615
vn -0.0447830893 -0.923243701 -0.38159591
vn -0.0447832569 -0.382982343 -0.92266947
vn -0.0447786227 -0.381594241 -0.923244715
vn -0.172618672 0.908400178 0.380804181
vn 0.576174974 0.576168895 -0.579699814
vn -0.172619343 0.908399582 -0.380805343
vn 0.576173723 0.57616961 0.579700232
vn -0.172619551 0.380803645 0.908400297
vn 0.0216049496 0.457560599 0.888915896
vn -0.172620952 -0.380804926 0.908399522
vn 0.021602476 -0.457561731 0.888915479
vn -0.172622323 -0.908400118 0.38080278
vn 0.576170206 -0.576172471 0.579700947
vn -0.172623262 -0.908399224 -0.380804539
vn 0.0216023214 -0.888916373 -0.457559854
vn -0.172623605 -0.380802512 -0.908399999
vn 0.576169848 -0.57970649 -0.576167345
vn -0.17262201 0.380801708 -0.908400595
vn 0.576171398 0.579705238 -0.576166928
vn -0.172619343 0.908399582 -0.380805343
vn 0.576174974 0.576168895 -0.579699814
vn -0 4.7914574E-07 -1
vn -0 4.7914574E-07 -1
vn -0 4.7914574E-07 -1
vn -0 4.7914574E-07 -1
vn -3.59144224E-07 -1.22618633E-06 1
vn -3.59144224E-07 -1.22618633E-06 1
vn -3.59144167E-07 -1.22618644E-06 1
vn -3.59144167E-07 -1.22618633E-06 1
vn -8.33345553E-07 5.07907089E-07 1
vn -8.33345382E-07 5.07907089E-07 1
vn -7.18293222E-07 -6.13089651E-06 1
vn -7.18293165E-07 -6.13089605E-06 1
vn 0.464501917 0.302206367 -0.832411766
vn -0.382682621 -7.29081421E-07 -0.923879921
vn -0.464503914 0.302204251 -0.832411349
vn 0.382682204 7.85485952E-07 -0.923880041
vn 0.832410455 0.302206963 -0.464503914
vn 0.923878908 2.91632659E-06 -0.382684886
vn 0.923879087 1.70467115E-06 0.38268432
vn 0.923879087 1.70467138E-06 0.38268429
vn 0.3826828 0 0.923879802
vn 0.464502782 0.302200139 0.832413495
vn -0.464503229 0.302205831 0.83241117
vn -0.38268286 0 0.923879802
vn -0.832410514 0.302204341 0.464505285
vn -0.923879325 0 0.382684082
vn -0.923879206 -3.02914344E-07 -0.38268429
vn -0.923879206 -3.02914231E-07 -0.382684201
vn -0.464503914 0.302204251 -0.832411349
vn -0.382682621 -7.29081421E-07 -0.923879921
vn 0.382977486 0.0447731353 -0.922671974
vn -0.381595254 0.0447786413 -0.923244238
vn -0.38298133 0.0447832569 -0.922669828
vn 0.381599605 0.0447685793 -0.923242986
vn 0.922670066 0.0447624698 -0.382983446
vn 0.923245847 0.0447578318 -0.381593853
vn 0.922671378 0.0447574109 0.382980824
vn 0.923244953 0.0447528027 0.381596833
vn 0.382978797 0.0447609611 0.922671974
vn 0.381598741 0.0447563902 0.92324388
vn -0.382982701 0.0447710976 0.922669947
vn -0.38159433 0.0447664596 0.923245251
vn -0.922671378 0.0447853319 0.382977486
vn -0.923242509 0.0447807759 0.381599188
vn -0.922670066 0.0447903834 -0.382980108
vn -0.923243523 0.0447857939 -0.381596297
vn -0.38298133 0.0447832569 -0.922669828
vn -0.381595254 0.0447786413 -0.923244238
vn 0.908400416 0.172619447 0.380803525
vn 0.911840618 0.172455519 -0.372566611
vn 0.908400893 0.172618762 -0.380802512
vn 0.576170206 -0.576172471 0.579700947
vn 0.380804032 0.172620386 0.90839988
vn 0.457561672 -0.0216041375 0.88891536
vn -0.380804479 0.172621503 0.908399522
vn -0.372567862 0.172458231 0.911839604
vn -0.908399999 0.17262198 0.380803287
vn -0.911839604 0.172458693 0.372567534
vn -0.90839982 0.172622144 -0.380803525
vn -0.911839485 0.172458827 -0.372567564
vn -0.380803913 0.172622189 -0.908399582
vn -0.372567326 0.172458887 -0.911839604
vn 0.38080439 0.172620341 -0.90839982
vn 0.579703748 -0.576174855 -0.576164961
vn 0.908400893 0.172618762 -0.380802512
vn 0.911840618 0.172455519 -0.372566611
vn -0.464502275 -0.302205712 -0.832411766
vn 0.382683575 1.21165533E-06 -0.923879445
vn 0.464501232 -0.302204639 -0.832412779
vn -0.382682234 -1.21165124E-06 -0.923880041
vn -0.832410038 -0.302206427 -0.464504927
vn -0.923878789 -4.62098615E-06 -0.382685155
vn -0.832410038 -0.302206188 0.464505076
vn -0.923878789 -4.62098615E-06 0.382685155
vn -0.382682234 -1.21165124E-06 0.923880041
vn -0.464500695 -0.302209079 0.832411468
vn 0.464500964 -0.302197754 0.832415402
vn 0.382683575 1.21165533E-06 0.923879445
vn 0.832411766 -0.30220291 0.464504033
vn 0.923879027 1.21165249E-06 0.382684618
vn 0.832411587 -0.302202821 -0.464504331
vn 0.923879027 1.21165249E-06 -0.382684618
vn 0.464501232 -0.302204639 -0.832412779
vn 0.382683575 1.21165533E-06 -0.923879445
vn -0.382977486 -0.0447731353 -0.922671974
vn 0.381595254 -0.044778619 -0.923244298
vn 0.38298133 -0.044783242 -0.922669828
vn -0.381599605 -0.0447685607 -0.923242986
vn -0.922670066 -0.0447624549 -0.382983446
vn -0.923245847 -0.0447578058 -0.381593853
vn -0.922671378 -0.0447573885 0.382980824
vn -0.923244953 -0.0447527841 0.381596833
vn -0.382978797 -0.0447609499 0.922671974
vn -0.381598741 -0.0447563715 0.92324388
vn 0.382982582 -0.0447710678 0.922669947
vn 0.38159433 -0.0447664447 0.923245251
vn 0.922671378 -0.0447853059 0.382977486
vn 0.923242509 -0.0447807573 0.381599277
vn 0.922670066 -0.0447903723 -0.382980287
vn 0.923243523 -0.0447857715 -0.381596386
vn 0.38298133 -0.044783242 -0.922669828
vn 0.381595254 -0.044778619 -0.923244298
vn -0.908400595 -0.172618002 0.380803645
vn -0.911839008 -0.172456443 -0.372570068
vn -0.908399224 -0.172619775 -0.380806059
vn -0.888916314 0.0216048677 0.457559884
vn -0.380804241 -0.172618717 0.908400178
vn -0.372568876 -0.172455475 0.911839724
vn 0.380805671 -0.172620505 0.908399284
vn 0.457563013 0.0216023419 0.888914704
vn 0.908400416 -0.172622278 0.380802155
vn 0.576173723 0.57616961 0.579700232
vn 0.908400595 -0.17262198 -0.380801857
vn 0.576174974 0.576168895 -0.579699814
vn 0.380804479 -0.172622249 -0.908399403
vn 0.580335677 0.575852692 -0.575850725
vn -0.380802035 -0.172622204 -0.908400476
vn -0.580332577 0.575849593 -0.575857043
vn -0.908399224 -0.172619775 -0.380806059
vn -0.911839008 -0.172456443 -0.372570068
vn -0.832416832 0.464510441 0.302179158
vn -0.923880756 -0.382680416 -3.49174261E-05
vn -0.832417727 -0.464508355 0.302179962
vn -0.923880041 0.382682353 -3.85392595E-05
vn -0.464500755 0.832418203 0.302190423
vn -0.382693052 0.92387557 -1.80834086E-05
vn 0.46450004 0.832405984 0.302225143
vn 0.382675916 0.923882663 1.32491168E-05
vn 0.923877776 0.382687628 3.37056335E-05
vn 0.83240211 0.464501441 0.302233428
vn 0.83240217 -0.464501321 0.302233428
vn 0.923877776 -0.382687628 3.37056335E-05
vn 0.464500129 -0.832405567 0.302226126
vn 0.382675916 -0.923882544 1.32491159E-05
vn -0.464507192 -0.832415164 0.302188933
vn -0.382690996 -0.923876345 -1.44613323E-05
vn -0.832417727 -0.464508355 0.302179962
vn -0.923880756 -0.382680416 -3.49174261E-05
vn -0.922671974 0.382977486 0.0447731353
vn -0.923244715 -0.381594241 0.0447786227
vn -0.92266947 -0.382982343 0.0447832569
vn -0.923242986 0.381599635 0.0447685644
vn -0.382983446 0.922670066 0.0447624549
vn -0.381593853 0.923245847 0.0447578058
vn 0.382980824 0.922671378 0.0447573885
vn 0.381596833 0.923244953 0.0447527841
vn 0.922671974 0.382978857 0.0447609462
vn 0.92324388 0.381598711 0.0447563641
vn 0.92266947 -0.382983685 0.0447710603
vn 0.923245609 -0.381593287 0.0447664112
vn 0.382977933 -0.922671258 0.0447826311
vn 0.38159883 -0.923242807 0.0447780602
vn -0.382980615 -0.922670066 0.0447877049
vn -0.38159591 -0.923243701 0.0447830893
vn -0.92266947 -0.382982343 0.0447832569
vn -0.923244715 -0.381594241 0.0447786227
vn 0.380806565 0.90839833 0.172623187
vn -0.580332577 0.575849593 -0.575857043
vn -0.380802125 0.908401787 0.172615036
vn 0.580335677 0.575852692 -0.575850725
vn 0.908399403 0.380801111 0.172629863
vn 0.576171398 0.579705238 -0.576166928
vn 0.908397913 -0.380803496 0.172631904
vn 0.576169848 -0.57970649 -0.576167345
vn 0.380804062 -0.908398449 0.172628164
vn 0.579703748 -0.576174855 -0.576164961
vn -0.38080138 -0.908401072 0.172620535
vn -0.372570872 -0.911838412 0.172457442
vn -0.908400595 -0.380805641 0.172613755
vn -0.911841393 -0.372566909 0.172450349
vn -0.90840137 0.380804718 0.172611415
vn -0.911841094 0.372568637 0.172448114
vn -0.380802125 0.908401787 0.172615036
vn -0.580332577 0.575849593 -0.575857043
vn -0 -0.143651217 -0.989628434
vn -0 -0.143651217 -0.989628434
vn -0 -0.143651217 -0.989628434
vn -0 -0.143651217 -0.989628434
vn -0.143651053 1.89057914E-07 -0.989628434
vn -0.143651053 1.89057914E-07 -0.989628434
vn -0.143651024 1.89057914E-07 -0.989628434
vn -0.143651053 1.89057943E-07 -0.989628434
vn -0 0.143650457 -0.989628553
vn -0 0.143650457 -0.989628553
vn -0 0.143650472 -0.989628553
vn -0 0.143650442 -0.989628553
vn 0.143651247 4.89610954E-07 -0.989628434
vn 0.143651232 4.89610954E-07 -0.989628434
vn 0.143651232 4.89610954E-07 -0.989628434
vn 0.143651232 4.89610954E-07 -0.989628434
vn -0 1 4.7914574E-07
vn -0 1 4.7914574E-07
vn -0 1 4.7914574E-07
vn -0 1 4.7914574E-07
vn -5.38717586E-07 -1 -3.06548577E-06
vn -5.38717586E-07 -1 -3.06548554E-06
vn -5.38717586E-07 -1 -3.06548577E-06
vn -5.38717586E-07 -1 -3.06548554E-06
vn -1.11112945E-06 -1 1.01581475E-06
vn -1.11112945E-06 -1 1.01581475E-06
vn -1.9752872E-06 -1 -6.7439837E-06
vn -1.9752872E-06 -1 -6.74398461E-06
vn -0 0.989628434 -0.143651262
vn -0 0.989628434 -0.143651262
vn -0 0.989628434 -0.143651262
vn -0 0.989628434 -0.143651277
vn -0.143651441 0.989628434 0
vn -0.143651441 0.989628434 0
vn -0.143651441 0.989628434 0
vn -0.143651441 0.989628434 0
vn -0 0.989628553 0.143650457
vn -0 0.989628553 0.143650457
vn -0 0.989628553 0.143650472
vn -0 0.989628553 0.143650442
vn 0.143651009 0.989628434 5.97469523E-07
vn 0.143651009 0.989628434 5.97469523E-07
vn 0.143651009 0.989628434 5.97469523E-07
vn 0.143651009 0.989628434 5.97469523E-07
vn 1 0 1.91658296E-06
vn 1 0 1.91658296E-06
vn 1 0 1.91658296E-06
vn 1 0 1.91658296E-06
vn -1 0 -1.96190449E-05
vn -1 0 -1.96190449E-05
vn -1 0 -1.96190449E-05
vn -1 0 -1.96190504E-05
vn -1 0 0
vn -1 0 0
vn -1 0 -4.90473803E-06
vn -1 0 -4.90473803E-06
vn 0.989627957 0 -0.143654227
vn 0.989627957 0 -0.143654212
vn 0.989627957 0 -0.143654227
vn 0.989627957 0 -0.143654227
vn 0.989628077 0.14365305 7.57443786E-07
vn 0.989628077 0.14365305 7.57443786E-07
vn 0.989628077 0.14365305 7.57443672E-07
vn 0.989628077 0.14365305 7.57443786E-07
vn 0.989628434 0 0.143651202
vn 0.989628434 0 0.143651202
vn 0.989628434 0 0.143651217
vn 0.989628434 0 0.143651202
vn 0.989628196 -0.143652514 8.11370626E-07
vn 0.989628196 -0.143652514 8.11370683E-07
vn 0.989628196 -0.143652514 8.11370796E-07
vn 0.989628196 -0.143652514 8.11370796E-07
vn 0.382692695 -0.923875749 8.09806006E-05
vn 0.382676214 -0.923882544 8.09811754E-05
vn -0.382677704 -0.923881948 8.01915376E-05
vn -0.382691413 -0.923876286 8.0191021E-05
vn -0.70710963 -0.707103908 6.08408845E-05
vn -0.70710963 -0.707103908 6.08408845E-05
vn 0.707107067 -0.707106411 6.23001033E-05
vn 0.707107127 -0.707106352 6.23001033E-05
vn 0.382676214 -0.923882544 8.09811754E-05
vn 0.382692695 -0.923875749 8.09806006E-05
vn 1 -1.68034535E-06 6.89165518E-07
vn 1 -1.68034512E-06 6.89165404E-07
vn 1 -1.68034535E-06 6.89165518E-07
vn 1 -1.68034512E-06 6.89165404E-07
vn 0.382676989 0.923882186 -8.0580714E-05
vn 0.707108438 0.707105041 -6.13878146E-05
vn 0.707108438 0.707105041 -6.13878146E-05
vn 0.382692128 0.923875988 -8.0580161E-05
vn -0.382680297 0.923880816 -8.13719162E-05
vn -0.38269344 0.923875332 -8.13714505E-05
vn -0.707112074 0.707101464 -6.28497073E-05
vn -0.707112074 0.707101464 -6.28497073E-05
vn -1 0 -2.06705545E-06
vn -1 0 -2.06705545E-06
vn -1 0 -2.06705545E-06
vn -1 0 -2.06705545E-06
vn 0.707103431 0.707110107 -0.000297077699
vn 0.707103431 0.707110107 -0.000297077728
vn 0.382675588 0.923882663 -0.000327367597
vn 0.382683784 0.923879325 -0.000327367539
vn -0.382674515 0.9238832 -0.000327629416
vn -0.382682234 0.923880041 -0.000327629241
vn -0.707096636 0.707116842 -0.000297563296
vn -0.707096636 0.707116783 -0.000297563296
vn 1 -4.48621631E-06 -0.000235643907
vn 1 -4.48621631E-06 -0.000235643951
vn 1 -4.48621631E-06 -0.000235643951
vn 1 -4.48621677E-06 -0.000235643922
vn 0.382669181 -0.923885405 -0.000166088415
vn 0.707101703 -0.707111776 -0.000173567736
vn 0.707101703 -0.707111776 -0.000173567707
vn 0.382688999 -0.92387718 -0.000166089565
vn -0.382661939 -0.923888445 -0.000166349811
vn -0.382689029 -0.92387718 -0.000166351398
vn -0.707093 -0.707120478 -0.00017405214
vn -0.707092941 -0.707120478 -0.00017405214
vn -1 0 -0.000236333304
vn -1 0 -0.000236333304
vn -1 0 -0.000236333304
vn -1 0 -0.000236333304
vn -6.18150734E-05 -0.707113445 -0.707100093
vn -8.07186007E-05 -0.923883975 -0.382672548
vn -6.18150661E-05 -0.707113326 -0.707100153
vn -8.07181132E-05 -0.923878312 -0.382686496
vn -8.08510376E-05 -0.923882365 0.382676631
vn -8.08504556E-05 -0.923875749 0.382692456
vn -6.20592546E-05 -0.707104385 0.707109094
vn -6.20592546E-05 -0.707104385 0.707109094
vn -0 1.68034978E-06 -1
vn -0 1.68034978E-06 -1
vn -0 1.68034978E-06 -1
vn -0 1.68034978E-06 -1
vn 8.09699195E-05 0.923882782 -0.382675469
vn 6.19346101E-05 0.707107365 -0.707106113
vn 6.19346029E-05 0.707107306 -0.707106173
vn 8.0969352E-05 0.923876286 -0.382691443
vn 8.0839578E-05 0.923882365 0.382676631
vn 8.08391123E-05 0.92387706 0.382689178
vn 6.1693805E-05 0.707106888 0.70710659
vn 6.16937905E-05 0.707106888 0.70710659
vn -0 -3.36071912E-06 1
vn -0 -3.3607198E-06 1
vn -0 -3.36071912E-06 1
vn -0 -3.3607198E-06 1
vn -0.000173572815 0.707099438 -0.7071141
vn -0.000165998485 0.923881948 -0.382677704
vn -0.000173572829 0.707099438 -0.7071141
vn -0.000165999751 0.923872709 -0.382699788
vn -0.000167869322 0.918808162 0.394704521
vn -0.000167870588 0.918798745 0.394726098
vn -0.000175325855 0.688398778 0.725332439
vn -0.000175325884 0.688398778 0.725332439
vn -0.000235644824 -2.23970255E-06 -1
vn -0.000235644839 -2.23970278E-06 -1
vn -0.000235644839 -2.23970278E-06 -1
vn -0.000235644824 -2.23970255E-06 -1
vn -0.000325296307 -0.935318708 -0.353806138
vn -0.000300174986 -0.749640048 -0.661845744
vn -0.000300174928 -0.749639928 -0.661845744
vn -0.000325296307 -0.935317457 -0.353809476
vn -0.000326515408 -0.930024505 0.367497295
vn -0.000326515379 -0.930022359 0.367502868
vn -0.000298997911 -0.729887307 0.683567405
vn -0.000298997882 -0.729887307 0.683567405
vn -0.000235644635 0 1
vn -0.000235644591 0 1
vn -0.000235644591 0 1
vn -0.000235644591 0 1
vn 0.923877299 4.04636157E-05 -0.382688999
vn 0.923880935 4.04637613E-05 -0.382679969
vn 0.923880339 4.0067669E-05 0.382681608
vn 0.923877776 4.00675563E-05 0.382687628
vn 0.707103848 3.03983488E-05 0.70710969
vn 0.707103848 3.03983488E-05 0.70710969
vn 0.707106352 3.11302974E-05 -0.707107127
vn 0.707106352 3.11302974E-05 -0.707107127
vn 0.923880935 4.04637613E-05 -0.382679969
vn 0.923877299 4.04636157E-05 -0.382688999
vn 1.6803474E-06 3.44348564E-07 -1
vn 1.6803474E-06 3.44348564E-07 -1
vn 1.6803474E-06 3.44348564E-07 -1
vn 1.6803474E-06 3.44348564E-07 -1
vn -0.923880637 -4.02628939E-05 -0.382680893
vn -0.707105041 -3.06730435E-05 -0.707108438
vn -0.707105041 -3.06730471E-05 -0.707108438
vn -0.923877597 -4.02627666E-05 -0.382688284
vn -0.923879325 -4.0658244E-05 0.382684082
vn -0.923877001 -4.06581457E-05 0.382689804
vn -0.707101464 -3.14034951E-05 0.707112074
vn -0.707101464 -3.14034951E-05 0.707112074
vn -0 -1.03282514E-06 1
vn -0 -1.03282514E-06 1
vn -0 -1.03282514E-06 1
vn -0 -1.03282514E-06 1
vn -0.707110107 -0.000148437903 -0.707103431
vn -0.707110107 -0.000148437903 -0.707103431
vn -0.923881948 -0.000163572564 -0.382677704
vn -0.923880219 -0.000163572535 -0.382681698
vn -0.923882484 -0.000163703386 0.382676482
vn -0.923880756 -0.000163703342 0.382680357
vn -0.707116783 -0.000148680585 0.707096696
vn -0.707116783 -0.000148680556 0.707096696
vn 4.48727133E-06 -0.000117741882 -1
vn 4.48727133E-06 -0.000117741882 -1
vn 4.48727133E-06 -0.000117741882 -1
vn 4.48727133E-06 -0.000117741882 -1
vn 0.9238832 -8.29879282E-05 -0.382674694
vn 0.707111776 -8.67248746E-05 -0.707101762
vn 0.707111776 -8.672486E-05 -0.707101762
vn 0.923879504 -8.29881901E-05 -0.382683516
vn 0.92388612 -8.31185389E-05 0.382667482
vn 0.923879504 -8.311899E-05 0.382683516
vn 0.707120478 -8.69669238E-05 0.707093
vn 0.707120478 -8.69669238E-05 0.707093
vn -0 -0.000118086369 1
vn -0 -0.000118086369 1
vn -0 -0.000118086369 1
vn -0 -0.000118086347 1
vn -0.577353001 0.577352464 0.577345371
vn -0.302204251 0.832410932 0.464504659
vn -0.832410514 0.302204341 0.464505285
vn -0.302209616 0.464506954 0.832407713
vn -0.464503229 0.302205831 0.83241117
vn -0.832416832 0.464510441 0.302179158
vn -0.464500755 0.832418203 0.302190423
vn -0.302204996 -0.832410514 0.464504927
vn -0.302209824 -0.464506716 0.832407832
vn -0.577354431 -0.577352643 0.577343643
vn -0.832410038 -0.302206188 0.464505076
vn -0.832417727 -0.464508355 0.302179962
vn -0.464500695 -0.302209079 0.832411468
vn -0.464507192 -0.832415164 0.302188933
vn -0.302204818 -0.464503855 -0.83241117
vn -0.302205235 -0.832410514 -0.464504749
vn -0.57735008 -0.57735008 -0.577350676
vn -0.680113137 -0.495672196 -0.540143609
vn -0.832410038 -0.302206427 -0.464504927
vn -0.495672792 -0.680113554 -0.540142715
vn -0.464502275 -0.302205712 -0.832411766
vn 0.577348351 0.577349603 -0.577352822
vn 0.540144742 0.68011272 -0.49567166
vn 0.832410455 0.302206963 -0.464503914
vn 0.540142775 0.495670348 -0.680115163
vn 0.464501917 0.302206367 -0.832411766
vn 0.680112302 0.495669425 -0.540147245
vn 0.495669991 0.68011266 -0.540146351
vn 0.464500129 -0.832405567 0.302226126
vn 0.83240217 -0.464501321 0.302233428
vn 0.577344179 -0.577346623 0.577359915
vn 0.464500964 -0.302197754 0.832415402
vn 0.540134788 -0.495665312 0.680125356
vn 0.832411766 -0.30220291 0.464504033
vn 0.540148258 -0.680109799 0.495671719
vn -1 4.55027566E-06 -1.20121476E-05
vn -1 7.53538779E-06 -4.09303357E-06
vn -1 7.6616052E-06 -3.8114606E-06
vn -1 4.51587266E-06 -1.20278974E-05
vn -1 1.59993469E-05 2.09337168E-06
vn -1 8.66659138E-06 -4.17591127E-06
vn -1 1.60886411E-05 2.05377023E-06
vn -1 8.84430938E-06 -3.78785353E-06
vn -1 1.81696796E-05 -7.64496599E-06
vn -1 1.17718037E-05 4.44310308E-06
vn -1 1.8236753E-05 -7.44387489E-06
vn -1 1.17954942E-05 4.41783595E-06
vn -1 9.5288724E-06 -1.37121187E-05
vn -1 7.92366427E-06 -2.87894431E-06
vn -1 1.03246912E-05 -1.39081121E-05
vn -1 7.37002574E-06 -4.19581693E-06
vn -0.287219405 0.114112079 0.951043308
vn -0.282937914 -0.127133474 0.95067513
vn -0.287219465 -0.114112347 0.951043308
vn -0.282937706 0.127133697 0.95067513
vn -0.127133831 -0.282937735 0.95067513
vn -0.114112444 0.287219584 0.951043189
vn -0.114112005 -0.287219554 0.951043308
vn -0.12713325 0.282938182 0.95067513
vn 0.127133042 -0.282937676 0.950675249
vn 0.114112444 0.287219584 0.951043189
vn 0.114112228 -0.287219226 0.951043427
vn 0.12713328 0.282938182 0.95067513
vn 0.282937527 -0.12713334 0.950675249
vn 0.287219405 0.114112079 0.951043308
vn 0.287219137 -0.114112169 0.951043427
vn 0.282937706 0.127133697 0.95067513
vn -0.586742997 0.363900989 -0.723400772
vn -0.590326667 -0.181255311 -0.786550045
vn -0.586742997 -0.36390084 -0.72340095
vn -0.590326786 0.1812554 -0.786549985
vn -0.181255192 -0.590325713 -0.78655076
vn -0.36390084 0.586742938 -0.723400891
vn -0.363900751 -0.586742461 -0.723401368
vn -0.181255281 0.590326369 -0.786550224
vn 0.181255192 -0.590325713 -0.78655076
vn 0.36390084 0.586742997 -0.723400891
vn 0.363900751 -0.586742461 -0.723401368
vn 0.181255296 0.590326309 -0.786550343
vn 0.590326667 -0.181255311 -0.786550045
vn 0.586743116 0.363901109 -0.723400712
vn 0.586742997 -0.36390084 -0.72340095
vn 0.590326726 0.1812554 -0.786549985
vn -0.114112169 -0.951043189 -0.287219822
vn 0.127133518 -0.95067513 -0.282937974
vn 0.114112578 -0.951043189 -0.287219495
vn -0.12713401 -0.950675011 -0.282938093
vn 0.282937855 -0.95067513 -0.127133623
vn -0.287219614 -0.951043189 -0.11411228
vn 0.287219614 -0.951043308 -0.114111885
vn -0.282938123 -0.950675011 -0.127133623
vn 0.282937795 -0.950675249 0.127133206
vn -0.287219614 -0.951043308 0.114112265
vn 0.287219346 -0.951043427 0.114111975
vn -0.282938033 -0.95067513 0.127133593
vn 0.127133399 -0.950675249 0.282937527
vn -0.114112079 -0.951043308 0.287219614
vn 0.114112385 -0.951043427 0.287219077
vn -0.127133921 -0.95067513 0.282937825
vn -0.363900572 0.723401368 -0.58674258
vn 0.18125473 0.786551118 -0.590325356
vn 0.363899499 0.723402321 -0.586742043
vn -0.181255132 0.78655076 -0.590325713
vn 0.590324163 0.786552012 -0.181254953
vn -0.586742818 0.72340095 -0.363901019
vn 0.586740732 0.723402798 -0.363900691
vn -0.590326667 0.786550045 -0.181255341
vn 0.590324163 0.786552012 0.181254968
vn -0.586742818 0.72340095 0.363901019
vn 0.586740732 0.723402739 0.363900661
vn -0.590326667 0.786550045 0.181255341
vn 0.181254759 0.786551058 0.590325415
vn -0.363900572 0.723401368 0.58674258
vn 0.363899529 0.723402321 0.586742043
vn -0.181255132 0.78655076 0.590325713
vn 0.114112169 0.951043189 -0.287219822
vn -0.127133518 0.95067513 -0.282937974
vn -0.114112578 0.951043189 -0.287219495
vn 0.12713401 0.950675011 -0.282938093
vn -0.282937855 0.95067513 -0.127133623
vn 0.287219614 0.951043189 -0.11411228
vn -0.287219614 0.951043308 -0.114111885
vn 0.282938123 0.950675011 -0.127133623
vn -0.282937795 0.950675249 0.127133206
vn 0.287219614 0.951043308 0.114112265
vn -0.287219346 0.951043427 0.114111975
vn 0.282938033 0.95067513 0.127133593
vn -0.127133399 0.950675249 0.282937527
vn 0.114112079 0.951043308 0.287219614
vn -0.114112385 0.951043427 0.287219077
vn 0.127133921 0.95067513 0.282937825
vn 0.363900572 -0.723401368 -0.58674258
vn -0.18125473 -0.786551118 -0.590325356
vn -0.363899499 -0.723402321 -0.586742043
vn 0.181255132 -0.78655076 -0.590325713
vn -0.590324163 -0.786552012 -0.181254953
vn 0.586742818 -0.72340095 -0.363901019
vn -0.586740732 -0.723402798 -0.363900691
vn 0.590326667 -0.786550045 -0.181255341
vn -0.590324163 -0.786552012 0.181254968
vn 0.586742818 -0.72340095 0.363901019
vn -0.586740732 -0.723402739 0.363900661
vn 0.590326667 -0.786550045 0.181255341
vn -0.181254759 -0.786551058 0.590325415
vn 0.363900572 -0.723401368 0.58674258
vn -0.363899529 -0.723402321 0.586742043
vn 0.181255132 -0.78655076 0.590325713
vn -0.951043189 0.114112288 -0.287219852
vn -0.950675011 -0.127133518 -0.282938212
vn -0.951043189 -0.114112474 -0.287219793
vn -0.950675011 0.127133831 -0.282938153
vn -0.95067513 -0.282937855 -0.127133846
vn -0.951043189 0.287219852 -0.114112385
vn -0.951043308 -0.287219554 -0.114112042
vn -0.950675011 0.282938242 -0.127133667
vn -0.950675249 -0.282937735 0.127133444
vn -0.951043189 0.287219733 0.11411234
vn -0.951043427 -0.287219346 0.114112124
vn -0.950675011 0.282938123 0.127133638
vn -0.950675249 -0.127133414 0.282937735
vn -0.951043308 0.114112154 0.287219614
vn -0.951043308 -0.114112273 0.287219316
vn -0.95067513 0.127133757 0.282937914
vn 0.723401546 0.363900483 -0.586742401
vn 0.786550939 -0.181255013 -0.590325654
vn 0.723401845 -0.363900304 -0.586742282
vn 0.78655076 0.181255087 -0.590325654
vn 0.786550999 -0.590325415 -0.181255117
vn 0.723401427 0.586742401 -0.363900721
vn 0.723401904 -0.586741984 -0.363900661
vn 0.786550522 0.590326071 -0.181255206
vn 0.786550999 -0.590325415 0.181255117
vn 0.723401427 0.586742401 0.363900721
vn 0.723401904 -0.586741984 0.363900661
vn 0.786550522 0.590326071 0.181255206
vn 0.786550939 -0.181255013 0.590325654
vn 0.723401546 0.363900483 0.586742401
vn 0.723401845 -0.363900304 0.586742282
vn 0.78655076 0.181255087 0.590325654
vn -6.79540199E-06 1 1.45867998E-05
vn -6.28030057E-06 1 1.44732066E-05
vn 1.9580234E-06 1 6.23487767E-06
vn 1.8620276E-06 1 5.92920151E-06
vn -2.05158121E-05 1 4.9334385E-06
vn -6.23477217E-06 1 1.9580159E-06
vn -2.07077846E-05 1 4.32230945E-06
vn -5.92928518E-06 1 1.86207831E-06
vn -1.18581984E-05 1 -3.72406566E-06
vn -1.44732294E-05 1 1.01964488E-05
vn -1.24696153E-05 1 -3.91608091E-06
vn -1.45868162E-05 1 1.05196077E-05
vn -3.72404884E-06 1 1.18585222E-05
vn -1.21544281E-05 1 2.0708314E-05
vn -3.91606909E-06 1 1.24699736E-05
vn -1.23817636E-05 1 2.05162687E-05
vn -1.45867998E-05 6.79540153E-06 1
vn -1.44732076E-05 6.28029966E-06 1
vn -6.23487904E-06 -1.9580234E-06 1
vn -5.92920151E-06 -1.86202806E-06 1
vn -4.9334385E-06 2.05158121E-05 1
vn -1.9580159E-06 6.23477217E-06 1
vn -4.32230945E-06 2.07077846E-05 1
vn -1.86207831E-06 5.92928518E-06 1
vn 3.72406566E-06 1.18581984E-05 1
vn -1.01964488E-05 1.44732294E-05 1
vn 3.91608091E-06 1.24696153E-05 1
vn -1.05196077E-05 1.45868162E-05 1
vn -1.18585222E-05 3.72404884E-06 1
vn -2.0708314E-05 1.21544281E-05 1
vn -1.24699736E-05 3.91606909E-06 1
vn -2.05162687E-05 1.23817636E-05 1
g P_BendPlusUp_B_0
f 3/3/3 2/2/2 1/1/1
f 6/6/6 5/5/5 4/4/4
f 9/9/9 8/8/8 7/7/7
f 12/12/12 11/11/11 10/10/10
f 15/15/15 14/14/14 13/13/13
f 18/18/18 17/17/17 16/16/16
f 21/21/21 20/20/20 19/19/19
f 24/24/24 23/23/23 22/22/22
f 27/27/27 26/26/26 25/25/25
f 30/30/30 29/29/29 28/28/28
f 33/33/33 32/32/32 31/31/31
f 36/36/36 35/35/35 34/34/34
f 39/39/39 38/38/38 37/37/37
f 42/42/42 41/41/41 40/40/40
f 45/45/45 44/44/44 43/43/43
f 48/48/48 47/47/47 46/46/46
f 51/51/51 50/50/50 49/49/49
f 54/54/54 53/53/53 52/52/52
f 57/57/57 56/56/56 55/55/55
f 60/60/60 59/59/59 58/58/58
f 63/63/63 62/62/62 61/61/61
f 62/62/62 64/64/64 61/61/61
f 65/65/65 61/61/61 64/64/64
f 66/66/66 65/65/65 64/64/64
f 65/65/65 66/66/66 67/67/67
f 66/66/66 68/68/68 67/67/67
f 68/68/68 69/69/69 67/67/67
f 69/69/69 70/70/70 67/67/67
f 70/70/70 69/69/69 71/71/71
f 69/69/69 72/72/72 71/71/71
f 73/73/73 71/71/71 72/72/72
f 74/74/74 73/73/73 72/72/72
f 73/73/73 74/74/74 75/75/75
f 74/74/74 76/76/76 75/75/75
f 77/77/77 75/75/75 76/76/76
f 78/78/78 77/77/77 76/76/76
f 81/81/81 80/80/80 79/79/79
f 82/82/82 81/81/81 79/79/79
f 85/85/85 84/84/84 83/83/83
f 86/86/86 85/85/85 83/83/83
f 89/89/89 88/88/88 87/87/87
f 90/90/90 89/89/89 87/87/87
f 93/93/93 92/92/92 91/91/91
f 94/94/94 93/93/93 91/91/91
f 97/97/97 96/96/96 95/95/95
f 98/98/98 97/97/97 95/95/95
f 101/101/101 100/100/100 99/99/99
f 102/102/102 101/101/101 99/99/99
f 105/105/105 104/104/104 103/103/103
f 106/106/106 105/105/105 103/103/103
f 109/109/109 108/108/108 107/107/107
f 110/110/110 109/109/109 107/107/107
f 113/113/113 112/112/112 111/111/111
f 114/114/114 113/113/113 111/111/111
f 111/111/111 115/115/115 114/114/114
f 115/115/115 116/116/116 114/114/114
f 115/115/115 111/111/111 117/117/117
f 118/118/118 116/116/116 115/115/115
f 119/119/119 115/115/115 117/117/117
f 115/115/115 119/119/119 118/118/118
f 122/122/122 121/121/121 120/120/120
f 123/123/123 122/122/122 120/120/120
f 126/126/126 125/125/125 124/124/124
f 127/127/127 126/126/126 124/124/124
f 127/127/127 124/124/124 128/128/128
f 128/128/128 129/129/129 127/127/127
f 128/128/128 124/124/124 130/130/130
f 129/129/129 128/128/128 131/131/131
f 132/132/132 128/128/128 130/130/130
f 132/132/132 131/131/131 128/128/128
f 135/135/135 134/134/134 133/133/133
f 136/136/136 135/135/135 133/133/133
f 133/133/133 137/137/137 136/136/136
f 138/138/138 136/136/136 137/137/137
f 137/137/137 133/133/133 139/139/139
f 140/140/140 138/138/138 137/137/137
f 141/141/141 137/137/137 139/139/139
f 137/137/137 141/141/141 140/140/140
f 144/144/144 143/143/143 142/142/142
f 143/143/143 145/145/145 142/142/142
f 142/142/142 145/145/145 146/146/146
f 145/145/145 147/147/147 146/146/146
f 146/146/146 147/147/147 148/148/148
f 147/147/147 149/149/149 148/148/148
f 148/148/148 149/149/149 150/150/150
f 149/149/149 151/151/151 150/150/150
f 150/150/150 151/151/151 152/152/152
f 151/151/151 153/153/153 152/152/152
f 152/152/152 153/153/153 154/154/154
f 153/153/153 155/155/155 154/154/154
f 154/154/154 155/155/155 156/156/156
f 155/155/155 157/157/157 156/156/156
f 156/156/156 157/157/157 158/158/158
f 157/157/157 159/159/159 158/158/158
f 162/162/162 161/161/161 160/160/160
f 161/161/161 163/163/163 160/160/160
f 160/160/160 163/163/163 164/164/164
f 163/163/163 165/165/165 164/164/164
f 164/164/164 165/165/165 166/166/166
f 165/165/165 167/167/167 166/166/166
f 166/166/166 167/167/167 168/168/168
f 167/167/167 169/169/169 168/168/168
f 168/168/168 169/169/169 170/170/170
f 169/169/169 171/171/171 170/170/170
f 170/170/170 171/171/171 172/172/172
f 171/171/171 173/173/173 172/172/172
f 172/172/172 173/173/173 174/174/174
f 173/173/173 175/175/175 174/174/174
f 174/174/174 175/175/175 176/176/176
f 175/175/175 177/177/177 176/176/176
f 180/180/180 179/179/179 178/178/178
f 181/181/181 180/180/180 178/178/178
f 184/184/184 183/183/183 182/182/182
f 183/183/183 185/185/185 182/182/182
f 185/185/185 186/186/186 182/182/182
f 186/186/186 187/187/187 182/182/182
f 188/188/188 187/187/187 186/186/186
f 189/189/189 188/188/188 186/186/186
f 192/192/192 191/191/191 190/190/190
f 191/191/191 193/193/193 190/190/190
f 194/194/194 190/190/190 193/193/193
f 195/195/195 194/194/194 193/193/193
f 194/194/194 195/195/195 196/196/196
f 195/195/195 197/197/197 196/196/196
f 197/197/197 198/198/198 196/196/196
f 198/198/198 199/199/199 196/196/196
f 199/199/199 198/198/198 200/200/200
f 198/198/198 201/201/201 200/200/200
f 202/202/202 200/200/200 201/201/201
f 203/203/203 202/202/202 201/201/201
f 202/202/202 203/203/203 204/204/204
f 203/203/203 205/205/205 204/204/204
f 206/206/206 204/204/204 205/205/205
f 207/207/207 206/206/206 205/205/205
f 210/210/210 209/209/209 208/208/208
f 209/209/209 211/211/211 208/208/208
f 208/208/208 211/211/211 212/212/212
f 211/211/211 213/213/213 212/212/212
f 212/212/212 213/213/213 214/214/214
f 213/213/213 215/215/215 214/214/214
f 214/214/214 215/215/215 216/216/216
f 215/215/215 217/217/217 216/216/216
f 216/216/216 217/217/217 218/218/218
f 217/217/217 219/219/219 218/218/218
f 218/218/218 219/219/219 220/220/220
f 219/219/219 221/221/221 220/220/220
f 220/220/220 221/221/221 222/222/222
f 221/221/221 223/223/223 222/222/222
f 222/222/222 223/223/223 224/224/224
f 223/223/223 225/225/225 224/224/224
f 228/228/228 227/227/227 226/226/226
f 227/227/227 229/229/229 226/226/226
f 226/226/226 229/229/229 230/230/230
f 229/229/229 231/231/231 230/230/230
f 230/230/230 231/231/231 232/232/232
f 231/231/231 233/233/233 232/232/232
f 232/232/232 233/233/233 234/234/234
f 233/233/233 235/235/235 234/234/234
f 234/234/234 235/235/235 236/236/236
f 235/235/235 237/237/237 236/236/236
f 236/236/236 237/237/237 238/238/238
f 237/237/237 239/239/239 238/238/238
f 238/238/238 239/239/239 240/240/240
f 239/239/239 241/241/241 240/240/240
f 240/240/240 241/241/241 242/242/242
f 241/241/241 243/243/243 242/242/242
f 246/246/246 245/245/245 244/244/244
f 245/245/245 247/247/247 244/244/244
f 248/248/248 244/244/244 247/247/247
f 249/249/249 248/248/248 247/247/247
f 248/248/248 249/249/249 250/250/250
f 249/249/249 251/251/251 250/250/250
f 251/251/251 252/252/252 250/250/250
f 252/252/252 253/253/253 250/250/250
f 253/253/253 252/252/252 254/254/254
f 252/252/252 255/255/255 254/254/254
f 256/256/256 254/254/254 255/255/255
f 257/257/257 256/256/256 255/255/255
f 256/256/256 257/257/257 258/258/258
f 257/257/257 259/259/259 258/258/258
f 260/260/260 258/258/258 259/259/259
f 261/261/261 260/260/260 259/259/259
f 264/264/264 263/263/263 262/262/262
f 263/263/263 265/265/265 262/262/262
f 262/262/262 265/265/265 266/266/266
f 265/265/265 267/267/267 266/266/266
f 266/266/266 267/267/267 268/268/268
f 267/267/267 269/269/269 268/268/268
f 268/268/268 269/269/269 270/270/270
f 269/269/269 271/271/271 270/270/270
f 270/270/270 271/271/271 272/272/272
f 271/271/271 273/273/273 272/272/272
f 272/272/272 273/273/273 274/274/274
f 273/273/273 275/275/275 274/274/274
f 274/274/274 275/275/275 276/276/276
f 275/275/275 277/277/277 276/276/276
f 276/276/276 277/277/277 278/278/278
f 277/277/277 279/279/279 278/278/278
f 282/282/282 281/281/281 280/280/280
f 281/281/281 283/283/283 280/280/280
f 280/280/280 283/283/283 284/284/284
f 283/283/283 285/285/285 284/284/284
f 284/284/284 285/285/285 286/286/286
f 285/285/285 287/287/287 286/286/286
f 286/286/286 287/287/287 288/288/288
f 287/287/287 289/289/289 288/288/288
f 288/288/288 289/289/289 290/290/290
f 289/289/289 291/291/291 290/290/290
f 290/290/290 291/291/291 292/292/292
f 291/291/291 293/293/293 292/292/292
f 292/292/292 293/293/293 294/294/294
f 293/293/293 295/295/295 294/294/294
f 294/294/294 295/295/295 296/296/296
f 295/295/295 297/297/297 296/296/296
f 300/300/300 299/299/299 298/298/298
f 299/299/299 301/301/301 298/298/298
f 302/302/302 298/298/298 301/301/301
f 303/303/303 302/302/302 301/301/301
f 302/302/302 303/303/303 304/304/304
f 303/303/303 305/305/305 304/304/304
f 305/305/305 306/306/306 304/304/304
f 306/306/306 307/307/307 304/304/304
f 307/307/307 306/306/306 308/308/308
f 306/306/306 309/309/309 308/308/308
f 310/310/310 308/308/308 309/309/309
f 311/311/311 310/310/310 309/309/309
f 310/310/310 311/311/311 312/312/312
f 311/311/311 313/313/313 312/312/312
f 314/314/314 312/312/312 313/313/313
f 315/315/315 314/314/314 313/313/313
f 318/318/318 317/317/317 316/316/316
f 317/317/317 319/319/319 316/316/316
f 316/316/316 319/319/319 320/320/320
f 319/319/319 321/321/321 320/320/320
f 320/320/320 321/321/321 322/322/322
f 321/321/321 323/323/323 322/322/322
f 322/322/322 323/323/323 324/324/324
f 323/323/323 325/325/325 324/324/324
f 324/324/324 325/325/325 326/326/326
f 325/325/325 327/327/327 326/326/326
f 326/326/326 327/327/327 328/328/328
f 327/327/327 329/329/329 328/328/328
f 328/328/328 329/329/329 330/330/330
f 329/329/329 331/331/331 330/330/330
f 330/330/330 331/331/331 332/332/332
f 331/331/331 333/333/333 332/332/332
f 336/336/336 335/335/335 334/334/334
f 335/335/335 337/337/337 334/334/334
f 334/334/334 337/337/337 338/338/338
f 337/337/337 339/339/339 338/338/338
f 338/338/338 339/339/339 340/340/340
f 339/339/339 341/341/341 340/340/340
f 340/340/340 341/341/341 342/342/342
f 341/341/341 343/343/343 342/342/342
f 342/342/342 343/343/343 344/344/344
f 343/343/343 345/345/345 344/344/344
f 344/344/344 345/345/345 346/346/346
f 345/345/345 347/347/347 346/346/346
f 346/346/346 347/347/347 348/348/348
f 347/347/347 349/349/349 348/348/348
f 348/348/348 349/349/349 350/350/350
f 349/349/349 351/351/351 350/350/350
f 354/354/354 353/353/353 352/352/352
f 355/355/355 354/354/354 352/352/352
f 358/358/358 357/357/357 356/356/356
f 359/359/359 358/358/358 356/356/356
f 362/362/362 361/361/361 360/360/360
f 363/363/363 362/362/362 360/360/360
f 366/366/366 365/365/365 364/364/364
f 367/367/367 366/366/366 364/364/364
f 370/370/370 369/369/369 368/368/368
f 371/371/371 370/370/370 368/368/368
f 374/374/374 373/373/373 372/372/372
f 373/373/373 375/375/375 372/372/372
f 375/375/375 376/376/376 372/372/372
f 376/376/376 377/377/377 372/372/372
f 378/378/378 377/377/377 376/376/376
f 379/379/379 378/378/378 376/376/376
f 382/382/382 381/381/381 380/380/380
f 383/383/383 382/382/382 380/380/380
f 386/386/386 385/385/385 384/384/384
f 387/387/387 386/386/386 384/384/384
f 390/390/390 389/389/389 388/388/388
f 391/391/391 390/390/390 388/388/388
f 394/394/394 393/393/393 392/392/392
f 395/395/395 394/394/394 392/392/392
f 398/398/398 397/397/397 396/396/396
f 399/399/399 398/398/398 396/396/396
f 402/402/402 401/401/401 400/400/400
f 401/401/401 403/403/403 400/400/400
f 403/403/403 404/404/404 400/400/400
f 404/404/404 405/405/405 400/400/400
f 406/406/406 405/405/405 404/404/404
f 407/407/407 406/406/406 404/404/404
f 410/410/410 409/409/409 408/408/408
f 411/411/411 410/410/410 408/408/408
f 414/414/414 413/413/413 412/412/412
f 415/415/415 414/414/414 412/412/412
f 418/418/418 417/417/417 416/416/416
f 419/419/419 418/418/418 416/416/416
f 422/422/422 421/421/421 420/420/420
f 423/423/423 422/422/422 420/420/420
f 426/426/426 425/425/425 424/424/424
f 427/427/427 426/426/426 424/424/424
f 428/428/428 426/426/426 427/427/427
f 429/429/429 428/428/428 427/427/427
f 432/432/432 431/431/431 430/430/430
f 433/433/433 432/432/432 430/430/430
f 436/436/436 435/435/435 434/434/434
f 437/437/437 436/436/436 434/434/434
f 440/440/440 439/439/439 438/438/438
f 439/439/439 441/441/441 438/438/438
f 438/438/438 441/441/441 442/442/442
f 441/441/441 443/443/443 442/442/442
f 442/442/442 443/443/443 444/444/444
f 443/443/443 445/445/445 444/444/444
f 448/448/448 447/447/447 446/446/446
f 449/449/449 448/448/448 446/446/446
f 452/452/452 451/451/451 450/450/450
f 453/453/453 452/452/452 450/450/450
f 454/454/454 452/452/452 453/453/453
f 455/455/455 454/454/454 453/453/453
f 456/456/456 454/454/454 455/455/455
f 457/457/457 456/456/456 455/455/455
f 460/460/460 459/459/459 458/458/458
f 461/461/461 460/460/460 458/458/458
f 464/464/464 463/463/463 462/462/462
f 463/463/463 465/465/465 462/462/462
f 462/462/462 465/465/465 466/466/466
f 465/465/465 467/467/467 466/466/466
f 466/466/466 467/467/467 468/468/468
f 467/467/467 469/469/469 468/468/468
f 472/472/472 471/471/471 470/470/470
f 473/473/473 472/472/472 470/470/470
f 476/476/476 475/475/475 474/474/474
f 475/475/475 477/477/477 474/474/474
f 475/475/475 478/478/478 477/477/477
f 478/478/478 479/479/479 477/477/477
f 478/478/478 480/480/480 479/479/479
f 480/480/480 481/481/481 479/479/479
f 484/484/484 483/483/483 482/482/482
f 485/485/485 484/484/484 482/482/482
f 488/488/488 487/487/487 486/486/486
f 489/489/489 488/488/488 486/486/486
f 489/489/489 486/486/486 490/490/490
f 491/491/491 489/489/489 490/490/490
f 491/491/491 490/490/490 492/492/492
f 493/493/493 491/491/491 492/492/492
f 496/496/496 495/495/495 494/494/494
f 497/497/497 496/496/496 494/494/494
f 500/500/500 499/499/499 498/498/498
f 499/499/499 501/501/501 498/498/498
f 499/499/499 502/502/502 501/501/501
f 502/502/502 503/503/503 501/501/501
f 502/502/502 504/504/504 503/503/503
f 504/504/504 505/505/505 503/503/503
f 508/508/508 507/507/507 506/506/506
f 509/509/509 508/508/508 506/506/506
f 512/512/512 511/511/511 510/510/510
f 513/513/513 512/512/512 510/510/510
f 513/513/513 510/510/510 514/514/514
f 515/515/515 513/513/513 514/514/514
f 515/515/515 514/514/514 516/516/516
f 517/517/517 515/515/515 516/516/516
f 520/520/520 519/519/519 518/518/518
f 521/521/521 520/520/520 518/518/518
f 524/524/524 523/523/523 522/522/522
f 525/525/525 524/524/524 522/522/522
f 526/526/526 524/524/524 525/525/525
f 527/527/527 526/526/526 525/525/525
f 530/530/530 529/529/529 528/528/528
f 531/531/531 530/530/530 528/528/528
f 534/534/534 533/533/533 532/532/532
f 535/535/535 534/534/534 532/532/532
f 538/538/538 537/537/537 536/536/536
f 537/537/537 539/539/539 536/536/536
f 536/536/536 539/539/539 540/540/540
f 539/539/539 541/541/541 540/540/540
f 540/540/540 541/541/541 542/542/542
f 541/541/541 543/543/543 542/542/542
f 546/546/546 545/545/545 544/544/544
f 547/547/547 546/546/546 544/544/544
f 550/550/550 549/549/549 548/548/548
f 551/551/551 550/550/550 548/548/548
f 552/552/552 550/550/550 551/551/551
f 553/553/553 552/552/552 551/551/551
f 554/554/554 552/552/552 553/553/553
f 555/555/555 554/554/554 553/553/553
f 558/558/558 557/557/557 556/556/556
f 559/559/559 558/558/558 556/556/556
f 562/562/562 561/561/561 560/560/560
f 561/561/561 563/563/563 560/560/560
f 560/560/560 563/563/563 564/564/564
f 563/563/563 565/565/565 564/564/564
f 564/564/564 565/565/565 566/566/566
f 565/565/565 567/567/567 566/566/566
f 570/570/570 569/569/569 568/568/568
f 571/571/571 570/570/570 568/568/568
f 574/574/574 573/573/573 572/572/572
f 572/572/572 573/573/573 575/575/575
f 572/572/572 576/576/576 574/574/574
f 577/577/577 572/572/572 575/575/575
f 576/576/576 572/572/572 578/578/578
f 577/577/577 578/578/578 572/572/572
f 581/581/581 580/580/580 579/579/579
f 579/579/579 582/582/582 581/581/581
f 580/580/580 581/581/581 583/583/583
f 581/581/581 582/582/582 584/584/584
f 581/581/581 585/585/585 583/583/583
f 581/581/581 584/584/584 585/585/585
f 588/588/588 587/587/587 586/586/586
f 589/589/589 588/588/588 586/586/586
f 587/587/587 588/588/588 590/590/590
f 588/588/588 589/589/589 591/591/591
f 588/588/588 592/592/592 590/590/590
f 591/591/591 592/592/592 588/588/588
f 595/595/595 594/594/594 593/593/593
f 593/593/593 594/594/594 596/596/596
f 593/593/593 597/597/597 595/595/595
f 598/598/598 593/593/593 596/596/596
f 597/597/597 593/593/593 599/599/599
f 593/593/593 598/598/598 599/599/599
f 602/602/602 601/601/601 600/600/600
f 602/602/602 600/600/600 603/603/603
f 604/604/604 601/601/601 602/602/602
f 602/602/602 603/603/603 605/605/605
f 602/602/602 606/606/606 604/604/604
f 606/606/606 602/602/602 605/605/605
f 609/609/609 608/608/608 607/607/607
f 608/608/608 610/610/610 607/607/607
f 611/611/611 608/608/608 609/609/609
f 607/607/607 610/610/610 612/612/612
f 613/613/613 611/611/611 609/609/609
f 610/610/610 614/614/614 612/612/612
f 615/615/615 611/611/611 613/613/613
f 612/612/612 614/614/614 616/616/616
f 617/617/617 615/615/615 613/613/613
f 614/614/614 618/618/618 616/616/616
f 619/619/619 615/615/615 617/617/617
f 616/616/616 618/618/618 620/620/620
f 621/621/621 619/619/619 617/617/617
f 618/618/618 622/622/622 620/620/620
f 622/622/622 619/619/619 621/621/621
f 620/620/620 622/622/622 621/621/621
f 625/625/625 624/624/624 623/623/623
f 624/624/624 626/626/626 623/623/623
f 627/627/627 624/624/624 625/625/625
f 623/623/623 626/626/626 628/628/628
f 629/629/629 627/627/627 625/625/625
f 626/626/626 630/630/630 628/628/628
f 631/631/631 627/627/627 629/629/629
f 628/628/628 630/630/630 632/632/632
f 633/633/633 631/631/631 629/629/629
f 630/630/630 634/634/634 632/632/632
f 635/635/635 631/631/631 633/633/633
f 632/632/632 634/634/634 636/636/636
f 637/637/637 635/635/635 633/633/633
f 634/634/634 638/638/638 636/636/636
f 638/638/638 635/635/635 637/637/637
f 636/636/636 638/638/638 637/637/637
f 641/641/641 640/640/640 639/639/639
f 640/640/640 642/642/642 639/639/639
f 643/643/643 640/640/640 641/641/641
f 639/639/639 642/642/642 644/644/644
f 645/645/645 643/643/643 641/641/641
f 642/642/642 646/646/646 644/644/644
f 647/647/647 643/643/643 645/645/645
f 644/644/644 646/646/646 648/648/648
f 649/649/649 647/647/647 645/645/645
f 646/646/646 650/650/650 648/648/648
f 651/651/651 647/647/647 649/649/649
f 648/648/648 650/650/650 652/652/652
f 653/653/653 651/651/651 649/649/649
f 650/650/650 654/654/654 652/652/652
f 654/654/654 651/651/651 653/653/653
f 652/652/652 654/654/654 653/653/653
f 657/657/657 656/656/656 655/655/655
f 656/656/656 658/658/658 655/655/655
f 659/659/659 656/656/656 657/657/657
f 655/655/655 658/658/658 660/660/660
f 661/661/661 659/659/659 657/657/657
f 658/658/658 662/662/662 660/660/660
f 663/663/663 659/659/659 661/661/661
f 660/660/660 662/662/662 664/664/664
f 665/665/665 663/663/663 661/661/661
f 662/662/662 666/666/666 664/664/664
f 667/667/667 663/663/663 665/665/665
f 664/664/664 666/666/666 668/668/668
f 669/669/669 667/667/667 665/665/665
f 666/666/666 670/670/670 668/668/668
f 670/670/670 667/667/667 669/669/669
f 668/668/668 670/670/670 669/669/669
f 673/673/673 672/672/672 671/671/671
f 672/672/672 674/674/674 671/671/671
f 675/675/675 672/672/672 673/673/673
f 671/671/671 674/674/674 676/676/676
f 677/677/677 675/675/675 673/673/673
f 674/674/674 678/678/678 676/676/676
f 679/679/679 675/675/675 677/677/677
f 676/676/676 678/678/678 680/680/680
f 681/681/681 679/679/679 677/677/677
f 678/678/678 682/682/682 680/680/680
f 683/683/683 679/679/679 681/681/681
f 680/680/680 682/682/682 684/684/684
f 685/685/685 683/683/683 681/681/681
f 682/682/682 686/686/686 684/684/684
f 686/686/686 683/683/683 685/685/685
f 684/684/684 686/686/686 685/685/685
f 689/689/689 688/688/688 687/687/687
f 688/688/688 690/690/690 687/687/687
f 691/691/691 688/688/688 689/689/689
f 687/687/687 690/690/690 692/692/692
f 693/693/693 691/691/691 689/689/689
f 690/690/690 694/694/694 692/692/692
f 695/695/695 691/691/691 693/693/693
f 692/692/692 694/694/694 696/696/696
f 697/697/697 695/695/695 693/693/693
f 694/694/694 698/698/698 696/696/696
f 699/699/699 695/695/695 697/697/697
f 696/696/696 698/698/698 700/700/700
f 701/701/701 699/699/699 697/697/697
f 698/698/698 702/702/702 700/700/700
f 702/702/702 699/699/699 701/701/701
f 700/700/700 702/702/702 701/701/701
f 705/705/705 704/704/704 703/703/703
f 704/704/704 706/706/706 703/703/703
f 707/707/707 704/704/704 705/705/705
f 703/703/703 706/706/706 708/708/708
f 709/709/709 707/707/707 705/705/705
f 706/706/706 710/710/710 708/708/708
f 711/711/711 707/707/707 709/709/709
f 708/708/708 710/710/710 712/712/712
f 713/713/713 711/711/711 709/709/709
f 710/710/710 714/714/714 712/712/712
f 715/715/715 711/711/711 713/713/713
f 712/712/712 714/714/714 716/716/716
f 717/717/717 715/715/715 713/713/713
f 714/714/714 718/718/718 716/716/716
f 718/718/718 715/715/715 717/717/717
f 716/716/716 718/718/718 717/717/717
f 721/721/721 720/720/720 719/719/719
f 720/720/720 722/722/722 719/719/719
f 723/723/723 720/720/720 721/721/721
f 719/719/719 722/722/722 724/724/724
f 725/725/725 723/723/723 721/721/721
f 722/722/722 726/726/726 724/724/724
f 727/727/727 723/723/723 725/725/725
f 724/724/724 726/726/726 728/728/728
f 729/729/729 727/727/727 725/725/725
f 726/726/726 730/730/730 728/728/728
f 731/731/731 727/727/727 729/729/729
f 728/728/728 730/730/730 732/732/732
f 733/733/733 731/731/731 729/729/729
f 730/730/730 734/734/734 732/732/732
f 734/734/734 731/731/731 733/733/733
f 732/732/732 734/734/734 733/733/733
f 737/737/737 736/736/736 735/735/735
f 736/736/736 738/738/738 735/735/735
f 739/739/739 736/736/736 737/737/737
f 735/735/735 738/738/738 740/740/740
f 741/741/741 739/739/739 737/737/737
f 738/738/738 742/742/742 740/740/740
f 743/743/743 739/739/739 741/741/741
f 740/740/740 742/742/742 744/744/744
f 745/745/745 743/743/743 741/741/741
f 742/742/742 746/746/746 744/744/744
f 747/747/747 743/743/743 745/745/745
f 744/744/744 746/746/746 748/748/748
f 749/749/749 747/747/747 745/745/745
f 746/746/746 750/750/750 748/748/748
f 750/750/750 747/747/747 749/749/749
f 748/748/748 750/750/750 749/749/749
f 753/753/753 752/752/752 751/751/751
f 754/754/754 753/753/753 751/751/751
f 751/751/751 752/752/752 755/755/755
f 756/756/756 753/753/753 754/754/754
f 752/752/752 757/757/757 755/755/755
f 758/758/758 756/756/756 754/754/754
f 755/755/755 757/757/757 759/759/759
f 760/760/760 756/756/756 758/758/758
f 757/757/757 761/761/761 759/759/759
f 762/762/762 760/760/760 758/758/758
f 759/759/759 761/761/761 763/763/763
f 764/764/764 760/760/760 762/762/762
f 761/761/761 765/765/765 763/763/763
f 766/766/766 764/764/764 762/762/762
f 763/763/763 765/765/765 766/766/766
f 765/765/765 764/764/764 766/766/766
f 769/769/769 768/768/768 767/767/767
f 770/770/770 769/769/769 767/767/767
f 767/767/767 768/768/768 771/771/771
f 772/772/772 769/769/769 770/770/770
f 768/768/768 773/773/773 771/771/771
f 774/774/774 772/772/772 770/770/770
f 771/771/771 773/773/773 775/775/775
f 776/776/776 772/772/772 774/774/774
f 773/773/773 777/777/777 775/775/775
f 778/778/778 776/776/776 774/774/774
f 775/775/775 777/777/777 779/779/779
f 780/780/780 776/776/776 778/778/778
f 777/777/777 781/781/781 779/779/779
f 782/782/782 780/780/780 778/778/778
f 779/779/779 781/781/781 782/782/782
f 781/781/781 780/780/780 782/782/782
