g P_T_PlusUp
v 0.087202087 -0.329514623 0.0872027203
v 0.0476920977 -0.369024813 0.0872024298
v 0.0872028619 -0.369024605 0.0476928316
v 0.0476920977 -0.194619611 0.0872025266
v 0.087202087 -0.234129742 0.0872027203
v 0.0872028619 -0.194619715 0.0476929173
v -0.0872029662 -0.234129593 0.0872025266
v -0.0476929694 -0.194619611 0.0872025266
v -0.0872021839 -0.194619521 0.0476927273
v -0.0476927757 -0.369024813 0.0872024298
v -0.0872029662 -0.329514533 0.0872025266
v -0.0872021839 -0.369024605 0.047692623
v -0.0872021839 -0.329514414 -0.0872024298
v -0.0476920009 -0.369024605 -0.0872025266
v -0.0872021839 -0.369024605 -0.0476923361
v -0.0476921946 -0.194619656 -0.0872023255
v -0.0872021839 -0.234129563 -0.0872024223
v -0.0872021839 -0.194619521 -0.0476921462
v 0.0872028619 -0.234129786 -0.0872021839
v 0.0476926789 -0.194619656 -0.0872023255
v 0.0872028619 -0.194619715 -0.0476919562
v 0.0476928689 -0.369024605 -0.0872025266
v 0.0872028619 -0.329514652 -0.0872021392
v 0.0872028619 -0.369024694 -0.0476919562
v -0.0761763081 -0.394322187 -0.138424873
v -0.0505551994 -0.332377434 -0.147416577
v -0.112499863 -0.357998699 -0.138424873
v -0.112499863 -0.205645666 -0.138424873
v -0.0505551994 -0.231266931 -0.147416532
v -0.0761763081 -0.169322163 -0.138424873
v 0.0761765987 -0.169322163 -0.138424873
v 0.0505552962 -0.231266931 -0.147416532
v 0.11249996 -0.205645725 -0.138424829
v 0.112500153 -0.357998699 -0.138424873
v 0.0505552962 -0.332377434 -0.147416577
v 0.0761765987 -0.394322187 -0.138424873
v -0.0761761144 -0.420247138 0.112500109
v -0.0505550057 -0.429238856 0.0505553409
v -0.112499863 -0.420247138 0.0761766434
v -0.112499863 -0.420247138 -0.0761764497
v -0.0505550057 -0.429238766 -0.050555151
v -0.0761761144 -0.420247197 -0.112499863
v 0.0761765987 -0.420247227 -0.112499915
v 0.0505554862 -0.429238766 -0.050555151
v 0.112500153 -0.420247108 -0.0761763528
v 0.112500347 -0.420247138 0.0761766434
v 0.0505554862 -0.429238856 0.0505553409
v 0.0761765987 -0.420247138 0.112500109
v -0.138424829 -0.205645666 -0.112499915
v -0.169186324 -0.357998699 -0.112499915
v -0.138424829 -0.357998699 -0.112499915
v -0.169186324 -0.205645666 -0.112499915
v -0.138424829 -0.169322163 -0.0761764497
v -0.169186324 -0.169322163 -0.0761764497
v -0.138424829 -0.169322163 0.0761766508
v -0.169186324 -0.169322163 0.0761766508
v -0.169186324 -0.205645666 0.112500109
v -0.138424829 -0.205645666 0.112500109
v -0.138424829 -0.357998699 0.112500109
v -0.169186324 -0.357998699 0.112500109
v -0.138424829 -0.394322187 0.0761766434
v -0.169186324 -0.394322187 0.0761766434
v -0.138424829 -0.394322187 -0.0761764497
v -0.169186324 -0.394322187 -0.0761764497
v -0.138424829 -0.357998699 -0.112499915
v -0.169186324 -0.357998699 -0.112499915
v -0.112499863 -0.420247138 0.0761766434
v -0.112499863 -0.420247138 -0.0761764497
v -0.138424829 -0.394322187 -0.0761764497
v -0.138424829 -0.394322187 0.0761766434
v -0.0761761144 -0.420247197 -0.112499863
v 0.0761765987 -0.420247227 -0.112499915
v 0.0761765987 -0.394322187 -0.138424873
v -0.0761763081 -0.394322187 -0.138424873
v 0.112500153 -0.420247108 -0.0761763528
v 0.112500347 -0.420247138 0.0761766434
v 0.138425127 -0.394322067 0.0761768296
v 0.138425127 -0.394322067 -0.0761762634
v 0.0761765987 -0.420247138 0.112500109
v -0.0761761144 -0.420247138 0.112500109
v -0.0761774704 -0.394322187 0.138424769
v 0.0761754364 -0.394322187 0.138424769
v -0.0761763081 -0.143397197 0.112500109
v 0.0761765987 -0.143397197 0.112500109
v 0.0761754364 -0.169322163 0.138424769
v -0.0761768892 -0.169322163 0.138424978
v 0.112500153 -0.143397197 0.0761766508
v 0.112500153 -0.143397197 -0.0761764497
v 0.138425127 -0.169322073 -0.0761762634
v 0.138425127 -0.169322088 0.0761768445
v 0.0761765987 -0.143397197 -0.112499915
v -0.0761763081 -0.143397197 -0.112499915
v -0.0761763081 -0.169322163 -0.138424873
v 0.0761765987 -0.169322163 -0.138424873
v -0.112499863 -0.143397197 -0.0761764497
v -0.112499863 -0.143397197 0.0761766508
v -0.138424829 -0.169322163 0.0761766508
v -0.138424829 -0.169322163 -0.0761764497
v 0.138425127 -0.205645636 0.112500302
v 0.138425127 -0.35799852 0.112500302
v 0.112499185 -0.357998699 0.138424769
v 0.112499185 -0.205645666 0.138424769
v 0.100392565 -0.181430012 0.100392319
v 0.0761754364 -0.169322163 0.138424769
v 0.138425127 -0.169322088 0.0761768445
v 0.0761765987 -0.143397197 0.112500109
v 0.112500153 -0.143397197 0.0761766508
v -0.138424829 -0.357998699 0.112500109
v -0.138424829 -0.205645666 0.112500109
v -0.112501025 -0.205645666 0.138424769
v -0.112501025 -0.357998699 0.138424769
v 0.138425127 -0.35799852 -0.112499721
v 0.138425127 -0.205645636 -0.112499721
v 0.11249996 -0.205645725 -0.138424829
v 0.112500153 -0.357998699 -0.138424873
v 0.100392565 -0.382214427 -0.100392073
v 0.0761765987 -0.394322187 -0.138424873
v 0.138425127 -0.394322067 -0.0761762634
v 0.0761765987 -0.420247227 -0.112499915
v 0.112500153 -0.420247108 -0.0761763528
v -0.138424829 -0.205645666 -0.112499915
v -0.138424829 -0.357998699 -0.112499915
v -0.112499863 -0.357998699 -0.138424873
v -0.112499863 -0.205645666 -0.138424873
v -0.10039188 -0.181430012 -0.100392073
v -0.0761763081 -0.169322163 -0.138424873
v -0.138424829 -0.169322163 -0.0761764497
v -0.0761763081 -0.143397197 -0.112499915
v -0.112499863 -0.143397197 -0.0761764497
v -0.188880861 -0.211902454 -0.140662059
v -0.218176946 -0.351155728 -0.139483437
v -0.188880861 -0.35174191 -0.140662044
v -0.218176946 -0.212487906 -0.139483437
v -0.188880861 -0.141160086 -0.0699196681
v -0.218176946 -0.142338127 -0.0693336576
v -0.188880861 -0.141160086 0.0699198619
v -0.218176946 -0.142338112 0.0693342388
v -0.188880861 -0.211902454 0.140662253
v -0.218176946 -0.212487906 0.139484018
v -0.188880861 -0.35174191 0.140662253
v -0.218176946 -0.351155728 0.139484018
v -0.188880861 -0.422484308 0.0699198544
v -0.218176946 -0.421305507 0.0693342388
v -0.188880861 -0.422484308 -0.0699196607
v -0.218176946 -0.421305507 -0.0693336576
v -0.188880861 -0.35174191 -0.140662044
v -0.218176946 -0.351155728 -0.139483437
v -0.228530958 -0.390879631 -0.0596220382
v -0.0872021839 -0.369024605 0.047692623
v -0.228530958 -0.390879631 0.059622515
v -0.0872021839 -0.369024605 -0.0476923361
v -0.228530958 -0.341444016 -0.109057635
v -0.0872021839 -0.329514414 -0.0872024298
v -0.228530958 -0.222199574 -0.109057635
v -0.0872021839 -0.234129563 -0.0872024223
v -0.228530958 -0.172763914 -0.0596219413
v -0.0872021839 -0.194619521 -0.0476921462
v -0.228530958 -0.172763914 0.0596225262
v -0.0872021839 -0.194619521 0.0476927273
v -0.228530958 -0.222199574 0.109058172
v -0.0872029662 -0.234129593 0.0872025266
v -0.228530958 -0.341443956 0.109058172
v -0.0872029662 -0.329514533 0.0872025266
v -0.228530958 -0.390879631 0.059622515
v -0.0872021839 -0.369024605 0.047692623
v -0.0505551994 -0.332377434 -0.147416577
v 0.0505552962 -0.332377434 -0.147416577
v 0.0505552962 -0.231266931 -0.147416532
v -0.0505551994 -0.231266931 -0.147416532
v 0.0872028619 -0.234129786 -0.0872021839
v -0.0476921946 -0.194619656 -0.0872023255
v 0.0476926789 -0.194619656 -0.0872023255
v -0.0872021839 -0.234129563 -0.0872024223
v -0.0872021839 -0.329514414 -0.0872024298
v 0.0872028619 -0.329514652 -0.0872021392
v 0.0476928689 -0.369024605 -0.0872025266
v -0.0476920009 -0.369024605 -0.0872025266
v 0.0761765987 -0.143397197 -0.112499915
v -0.0761763081 -0.112635657 -0.112499915
v -0.0761763081 -0.143397197 -0.112499915
v 0.0761765987 -0.112635657 -0.112499915
v 0.112500153 -0.143397197 -0.0761764497
v 0.112500153 -0.112635657 -0.0761764497
v 0.112500153 -0.143397197 0.0761766508
v 0.112500153 -0.112635657 0.0761766508
v 0.0761765987 -0.112635665 0.112500109
v 0.0761765987 -0.143397197 0.112500109
v -0.0761763081 -0.143397197 0.112500109
v -0.0761763081 -0.112635665 0.112500109
v -0.112499863 -0.143397197 0.0761766508
v -0.112499863 -0.112635657 0.0761766508
v -0.112499863 -0.143397197 -0.0761764497
v -0.112499863 -0.112635657 -0.0761764497
v -0.0761763081 -0.143397197 -0.112499915
v -0.0761763081 -0.112635657 -0.112499915
v 0.0699198097 -0.0929411277 -0.140662044
v -0.0693335086 -0.0636450574 -0.139483452
v -0.0699195191 -0.0929411277 -0.140662044
v 0.0693343803 -0.0636450574 -0.139483452
v 0.140662193 -0.0929411277 -0.0699196681
v 0.139484167 -0.0636450574 -0.0693336502
v 0.140662193 -0.0929411277 0.0699198619
v 0.139484167 -0.0636450574 0.0693342313
v 0.0699198097 -0.0929411277 0.140662253
v 0.0693343803 -0.0636450574 0.139484018
v -0.0699195191 -0.0929411277 0.140662253
v -0.0693335086 -0.0636450574 0.139484018
v -0.140662089 -0.0929411277 0.0699198619
v -0.139483109 -0.0636450574 0.0693342313
v -0.140662089 -0.0929411277 -0.0699196681
v -0.139483109 -0.0636450574 -0.0693336502
v -0.0699195191 -0.0929411277 -0.140662044
v -0.0693335086 -0.0636450574 -0.139483452
v -0.109057255 -0.0532910414 -0.0596220382
v -0.0872021839 -0.194619521 0.0476927273
v -0.109057255 -0.0532910414 0.0596225187
v -0.0872021839 -0.194619521 -0.0476921462
v -0.0596216954 -0.0532910414 -0.109057635
v -0.0476921946 -0.194619656 -0.0872023255
v 0.0596227646 -0.0532910414 -0.109057635
v 0.0476926789 -0.194619656 -0.0872023255
v 0.109058313 -0.0532910414 -0.0596219413
v 0.0872028619 -0.194619715 -0.0476919562
v 0.109058313 -0.0532910414 0.0596225187
v 0.0872028619 -0.194619715 0.0476929173
v 0.0596227646 -0.0532910414 0.109058172
v 0.0476920977 -0.194619611 0.0872025266
v -0.0596216954 -0.0532910414 0.109058172
v -0.0476929694 -0.194619611 0.0872025266
v -0.109057255 -0.0532910414 0.0596225187
v -0.0872021839 -0.194619521 0.0476927273
v 0.138425127 -0.35799852 -0.112499721
v 0.169186622 -0.205645531 -0.11249952
v 0.138425127 -0.205645636 -0.112499721
v 0.169186622 -0.357998461 -0.11249952
v 0.138425127 -0.394322067 -0.0761762634
v 0.169186622 -0.394322008 -0.0761760622
v 0.138425127 -0.394322067 0.0761768296
v 0.169186622 -0.394322008 0.0761770457
v 0.169186622 -0.357998431 0.112500496
v 0.138425127 -0.35799852 0.112500302
v 0.138425127 -0.205645636 0.112500302
v 0.169186622 -0.205645531 0.112500496
v 0.138425127 -0.169322088 0.0761768445
v 0.169186622 -0.169321969 0.0761770308
v 0.138425127 -0.169322073 -0.0761762634
v 0.169186622 -0.169321969 -0.0761760622
v 0.138425127 -0.205645636 -0.112499721
v 0.169186622 -0.205645531 -0.11249952
v 0.188881144 -0.351741672 -0.140661672
v 0.218177214 -0.212488338 -0.13948305
v 0.188881144 -0.21190232 -0.140661657
v 0.218177214 -0.351156235 -0.13948305
v 0.188881144 -0.42248404 -0.0699192807
v 0.218177214 -0.421305984 -0.0693332627
v 0.188881144 -0.42248404 0.0699202493
v 0.218177214 -0.421305984 0.0693346187
v 0.188881144 -0.351741642 0.140662625
v 0.218177214 -0.351156235 0.139484406
v 0.188881144 -0.211902305 0.140662625
v 0.218177214 -0.212488323 0.139484406
v 0.188881144 -0.141159743 0.0699202418
v 0.218177214 -0.142338738 0.0693346187
v 0.188881144 -0.141159743 -0.0699192807
v 0.218177214 -0.142338753 -0.0693332627
v 0.188881144 -0.21190232 -0.140661657
v 0.218177214 -0.212488338 -0.13948305
v 0.228531256 -0.172764599 -0.059621647
v 0.0872028619 -0.194619715 0.0476929173
v 0.228531256 -0.172764584 0.0596229061
v 0.0872028619 -0.194619715 -0.0476919562
v 0.228531256 -0.22220014 -0.10905724
v 0.0872028619 -0.234129786 -0.0872021839
v 0.228531256 -0.341444612 -0.10905724
v 0.0872028619 -0.329514652 -0.0872021392
v 0.228531256 -0.390880167 -0.0596215539
v 0.0872028619 -0.369024694 -0.0476919562
v 0.228531256 -0.390880167 0.0596229173
v 0.0872028619 -0.369024605 0.0476928316
v 0.228531256 -0.341444612 0.109058551
v 0.087202087 -0.329514623 0.0872027203
v 0.228531256 -0.22220014 0.109058551
v 0.087202087 -0.234129742 0.0872027203
v 0.228531256 -0.172764584 0.0596229061
v 0.0872028619 -0.194619715 0.0476929173
v -0.112501025 -0.205645666 0.138424769
v -0.112502187 -0.357998699 0.169185877
v -0.112501025 -0.357998699 0.138424769
v -0.112502187 -0.205645666 0.169185877
v -0.0761768892 -0.169322163 0.138424978
v -0.0761786327 -0.169322163 0.169185877
v 0.0761754364 -0.169322163 0.138424769
v 0.0761744678 -0.169322163 0.169185877
v 0.112498023 -0.205645666 0.169185877
v 0.112499185 -0.205645666 0.138424769
v 0.112499185 -0.357998699 0.138424769
v 0.112498023 -0.357998699 0.169185877
v 0.0761754364 -0.394322187 0.138424769
v 0.0761744678 -0.394322187 0.169185877
v -0.0761774704 -0.394322187 0.138424769
v -0.0761786327 -0.394322187 0.169185877
v -0.112501025 -0.357998699 0.138424769
v -0.112502187 -0.357998699 0.169185877
v -0.140664235 -0.211902454 0.188880414
v -0.139485627 -0.351155728 0.218176514
v -0.140664235 -0.35174191 0.188880414
v -0.139485627 -0.212487906 0.218176514
v -0.0699218437 -0.141160086 0.188880414
v -0.0693358332 -0.142338112 0.218176514
v 0.0699176788 -0.141160086 0.188880414
v 0.0693320557 -0.142338112 0.218176514
v 0.140660062 -0.211902454 0.188880414
v 0.139481843 -0.212487906 0.218176514
v 0.140660062 -0.35174191 0.188880414
v 0.139481843 -0.351155728 0.218176514
v 0.0699176788 -0.422484308 0.188880444
v 0.0693320557 -0.421305507 0.218176499
v -0.0699218437 -0.422484308 0.188880444
v -0.0693358332 -0.421305507 0.218176499
v -0.140664235 -0.35174191 0.188880414
v -0.139485627 -0.351155728 0.218176514
v -0.0596242175 -0.390879631 0.228530541
v 0.0476920977 -0.369024813 0.0872024298
v 0.0596202463 -0.390879631 0.228530541
v -0.0476927757 -0.369024813 0.0872024298
v -0.109059773 -0.341443956 0.228530541
v -0.0872029662 -0.329514533 0.0872025266
v -0.109059773 -0.222199544 0.228530511
v -0.0872029662 -0.234129593 0.0872025266
v -0.0596240237 -0.172763914 0.228530511
v -0.0476929694 -0.194619611 0.0872025266
v 0.0596202463 -0.172763914 0.228530511
v 0.0476920977 -0.194619611 0.0872025266
v 0.109055981 -0.222199544 0.228530511
v 0.087202087 -0.234129742 0.0872027203
v 0.109055981 -0.341443956 0.228530541
v 0.087202087 -0.329514623 0.0872027203
v 0.0596202463 -0.390879631 0.228530541
v 0.0476920977 -0.369024813 0.0872024298
v 0.0761765987 -0.394322187 -0.138424873
v 0.0505552962 -0.332377434 -0.147416577
v -0.0505551994 -0.332377434 -0.147416577
v -0.0761763081 -0.394322187 -0.138424873
v -0.112499863 -0.357998699 -0.138424873
v -0.0505551994 -0.332377434 -0.147416577
v -0.0505551994 -0.231266931 -0.147416532
v -0.112499863 -0.205645666 -0.138424873
v -0.0761763081 -0.169322163 -0.138424873
v -0.0505551994 -0.231266931 -0.147416532
v 0.0505552962 -0.231266931 -0.147416532
v 0.0761765987 -0.169322163 -0.138424873
v 0.11249996 -0.205645725 -0.138424829
v 0.0505552962 -0.231266931 -0.147416532
v 0.0505552962 -0.332377434 -0.147416577
v 0.112500153 -0.357998699 -0.138424873
v -0.0505550057 -0.429238856 0.0505553409
v 0.0505554862 -0.429238856 0.0505553409
v 0.0505554862 -0.429238766 -0.050555151
v -0.0505550057 -0.429238766 -0.050555151
v 0.0872028619 -0.369024694 -0.0476919562
v -0.0476920009 -0.369024605 -0.0872025266
v 0.0476928689 -0.369024605 -0.0872025266
v -0.0872021839 -0.369024605 -0.0476923361
v -0.0872021839 -0.369024605 0.047692623
v 0.0872028619 -0.369024605 0.0476928316
v 0.0476920977 -0.369024813 0.0872024298
v -0.0476927757 -0.369024813 0.0872024298
v 0.0761765987 -0.420247138 0.112500109
v 0.0505554862 -0.429238856 0.0505553409
v -0.0505550057 -0.429238856 0.0505553409
v -0.0761761144 -0.420247138 0.112500109
v -0.112499863 -0.420247138 0.0761766434
v -0.0505550057 -0.429238856 0.0505553409
v -0.0505550057 -0.429238766 -0.050555151
v -0.112499863 -0.420247138 -0.0761764497
v -0.0761761144 -0.420247197 -0.112499863
v -0.0505550057 -0.429238766 -0.050555151
v 0.0505554862 -0.429238766 -0.050555151
v 0.0761765987 -0.420247227 -0.112499915
v 0.112500153 -0.420247108 -0.0761763528
v 0.0505554862 -0.429238766 -0.050555151
v 0.0505554862 -0.429238856 0.0505553409
v 0.112500347 -0.420247138 0.0761766434
v 0.05766223 -0.407156825 0.499999404
v 0.05766242 -0.407181382 0.218749136
v -0.0576623231 -0.407181591 0.218748376
v -0.0576625131 -0.407157004 0.499998659
v -0.125906214 -0.338936955 0.218748361
v -0.125906795 -0.338912338 0.499998659
v 0.125906497 -0.338912427 0.499999404
v 0.125906706 -0.338937074 0.218749151
v 0.05766242 -0.407181382 0.218749136
v 0.05766223 -0.407156825 0.499999404
v 0.125906706 -0.22358726 0.499998629
v 0.1259069 -0.223611861 0.218748376
v 0.125906706 -0.338937074 0.218749151
v 0.125906497 -0.338912427 0.499999404
v 0.05766261 -0.155342847 0.499997854
v 0.1259069 -0.223611861 0.218748376
v 0.125906706 -0.22358726 0.499998629
v 0.0576628111 -0.155367449 0.218747586
v -0.0576627105 -0.155342847 0.499998659
v -0.0576625131 -0.155367449 0.218748376
v -0.125906795 -0.223587751 0.499998629
v -0.125906214 -0.223612368 0.218748376
v -0.125906795 -0.338912338 0.499998659
v -0.125906214 -0.338936955 0.218748361
v -0.125906214 -0.223612368 0.218748376
v -0.125906795 -0.223587751 0.499998629
v -0.0942438096 -0.324411303 0.499998659
v -0.0943100899 -0.324464321 0.218748376
v -0.0431924723 -0.375580311 0.218748376
v -0.0431620441 -0.375493765 0.499998629
v 0.0431921743 -0.375580013 0.218748376
v 0.0431615636 -0.375493467 0.499998659
v 0.0943103805 -0.32446444 0.218748376
v 0.0942439064 -0.324411392 0.499998659
v -0.0942434222 -0.238088474 0.499999404
v -0.0943096876 -0.238084599 0.218749136
v -0.0943100899 -0.324464321 0.218748376
v -0.0942438096 -0.324411303 0.499998659
v -0.0431616567 -0.18700631 0.499999404
v -0.0943096876 -0.238084599 0.218749136
v -0.0942434222 -0.238088474 0.499999404
v -0.0431920812 -0.186968818 0.218749136
v 0.0431609824 -0.187006503 0.499998659
v 0.0431915931 -0.186969012 0.218748376
v 0.0942439064 -0.238088563 0.499997854
v 0.0943103805 -0.238084674 0.218747586
v 0.0942439064 -0.324411392 0.499998659
v 0.0943103805 -0.32446444 0.218748376
v 0.0943103805 -0.238084674 0.218747586
v 0.0942439064 -0.238088563 0.499997854
v -0.499999464 -0.338912547 -0.125908107
v -0.218750358 -0.407181501 -0.0576624684
v -0.218749583 -0.338937134 -0.125908107
v -0.500000238 -0.407156944 -0.0576624684
v -0.218750358 -0.407181501 0.0576614924
v -0.499999464 -0.407156944 0.0576613024
v -0.218751132 -0.338936687 0.125905782
v -0.500000238 -0.33891204 0.125905782
v -0.499998689 -0.223587349 -0.125907913
v -0.499999464 -0.338912547 -0.125908107
v -0.218749583 -0.338937134 -0.125908107
v -0.218748808 -0.223611981 -0.125907913
v -0.499998689 -0.155342981 -0.0576634333
v -0.499998689 -0.223587349 -0.125907913
v -0.218748808 -0.223611981 -0.125907913
v -0.218748808 -0.155367643 -0.0576634333
v -0.499998689 -0.155342981 0.0576614924
v -0.218749583 -0.155367643 0.0576616935
v -0.499999464 -0.223587573 0.125906155
v -0.218750358 -0.223612174 0.125906155
v -0.500000238 -0.33891204 0.125905782
v -0.499999464 -0.223587573 0.125906155
v -0.218750358 -0.223612174 0.125906155
v -0.218751132 -0.338936687 0.125905782
v -0.499999464 -0.324525446 0.0944918022
v -0.218749583 -0.375705093 0.0432441719
v -0.218749583 -0.324521512 0.0944255218
v -0.499999464 -0.375742555 0.0432745926
v -0.218749583 -0.375705212 -0.0432459041
v -0.499999464 -0.375742674 -0.0432763286
v -0.218749583 -0.321775556 -0.0944274664
v -0.499999464 -0.32177946 -0.0944937468
v -0.499999464 -0.237974122 0.0944916159
v -0.499999464 -0.324525446 0.0944918022
v -0.218749583 -0.324521512 0.0944255218
v -0.218749583 -0.238027275 0.0944253355
v -0.499999464 -0.192754269 0.0432743914
v -0.499999464 -0.237974122 0.0944916159
v -0.218749583 -0.238027275 0.0944253355
v -0.218749583 -0.192840993 0.0432439707
v -0.499999464 -0.192754269 -0.0432765223
v -0.218749583 -0.192840993 -0.0432460979
v -0.499999464 -0.240721166 -0.0944937468
v -0.218749583 -0.240774304 -0.0944274664
v -0.499999464 -0.32177946 -0.0944937468
v -0.499999464 -0.240721166 -0.0944937468
v -0.218749583 -0.240774304 -0.0944274664
v -0.218749583 -0.321775556 -0.0944274664
v 0.500000715 -0.407156825 -0.0576630495
v 0.218750447 -0.407181382 -0.0576632395
v 0.218749687 -0.407181591 0.0576614924
v 0.49999994 -0.407157004 0.0576616861
v 0.218749687 -0.338936955 0.125905395
v 0.49999994 -0.338912338 0.125905976
v 0.500000715 -0.338912457 -0.125907332
v 0.218750447 -0.338937074 -0.125907525
v 0.218750447 -0.407181382 -0.0576632395
v 0.500000715 -0.407156825 -0.0576630495
v 0.49999994 -0.22358726 -0.125907525
v 0.218749687 -0.223611891 -0.125907719
v 0.218750447 -0.338937074 -0.125907525
v 0.500000715 -0.338912457 -0.125907332
v 0.499999136 -0.155342847 -0.0576634333
v 0.218749687 -0.223611891 -0.125907719
v 0.49999994 -0.22358726 -0.125907525
v 0.218748882 -0.155367449 -0.0576636307
v 0.49999994 -0.155342847 0.0576618835
v 0.218749687 -0.155367449 0.0576616935
v 0.49999994 -0.223587751 0.125905976
v 0.218749687 -0.223612368 0.125905395
v 0.49999994 -0.338912338 0.125905976
v 0.218749687 -0.338936955 0.125905395
v 0.218749687 -0.223612368 0.125905395
v 0.49999994 -0.223587751 0.125905976
v 0.49999994 -0.324411303 0.09424299
v 0.218749687 -0.324464321 0.094309248
v 0.218749687 -0.375580311 0.0431916416
v 0.49999994 -0.375493735 0.0431612208
v 0.218749687 -0.375580013 -0.043193005
v 0.49999994 -0.375493467 -0.0431623831
v 0.218749687 -0.32446444 -0.0943112001
v 0.49999994 -0.324411392 -0.094244726
v 0.500000715 -0.238088474 0.0942425877
v 0.218750447 -0.238084599 0.0943088681
v 0.218749687 -0.324464321 0.094309248
v 0.49999994 -0.324411303 0.09424299
v 0.500000715 -0.18700631 0.0431608371
v 0.218750447 -0.238084599 0.0943088681
v 0.500000715 -0.238088474 0.0942425877
v 0.218750447 -0.186968818 0.0431912616
v 0.49999994 -0.187006503 -0.043161802
v 0.218749687 -0.186969012 -0.0431924239
v 0.499999136 -0.238088563 -0.094244726
v 0.218748882 -0.238084689 -0.0943112001
v 0.49999994 -0.324411392 -0.094244726
v 0.218749687 -0.32446444 -0.0943112001
v 0.218748882 -0.238084689 -0.0943112001
v 0.499999136 -0.238088563 -0.094244726
v 0.125524268 0.500000477 -0.057663057
v 0.125548825 -0.0628825948 -0.0576632395
v 0.125549018 -0.0628833696 0.0576614924
v 0.125524461 0.499999672 0.0576616935
v 0.057304401 -0.0628833696 0.125905395
v 0.0572797842 0.499999672 0.125905976
v 0.0572798811 0.500000477 -0.125907317
v 0.0573044941 -0.0628825948 -0.125907525
v 0.125548825 -0.0628825948 -0.0576632395
v 0.125524268 0.500000477 -0.057663057
v -0.0580452904 0.499999672 -0.125907511
v -0.0580206811 -0.0628833696 -0.125907719
v 0.0573044941 -0.0628825948 -0.125907525
v 0.0572798811 0.500000477 -0.125907317
v -0.126289725 0.499998927 -0.0576634407
v -0.0580206811 -0.0628833696 -0.125907719
v -0.0580452904 0.499999672 -0.125907511
v -0.126265109 -0.0628841445 -0.0576636307
v -0.126289725 0.499999672 0.0576618835
v -0.126265109 -0.0628833696 0.0576616935
v -0.0580448098 0.499999672 0.125905976
v -0.0580202006 -0.0628833696 0.125905395
v 0.0572797842 0.499999672 0.125905976
v 0.057304401 -0.0628833696 0.125905395
v -0.0580202006 -0.0628833696 0.125905395
v -0.0580448098 0.499999672 0.125905976
v 0.0427787341 0.499999672 0.09424299
v 0.0428317823 -0.0628833696 0.0943092629
v 0.0939477533 -0.0628833696 0.0431916453
v 0.0938611776 0.499999672 0.0431612208
v 0.0939474627 -0.0628833696 -0.0431930013
v 0.0938608944 0.499999672 -0.0431623831
v 0.0428318791 -0.0628833696 -0.0943112001
v 0.0427788347 0.499999672 -0.094244726
v -0.043544095 0.500000477 0.0942426026
v -0.043547973 -0.0628825948 0.0943088681
v 0.0428317823 -0.0628833696 0.0943092629
v 0.0427787341 0.499999672 0.09424299
v -0.0946262553 0.500000477 0.0431608371
v -0.043547973 -0.0628825948 0.0943088681
v -0.043544095 0.500000477 0.0942426026
v -0.0946637541 -0.0628825948 0.0431912616
v -0.0946260542 0.499999672 -0.0431618094
v -0.0946635529 -0.0628833696 -0.0431924202
v -0.0435439944 0.499998927 -0.094244726
v -0.0435478762 -0.0628841445 -0.0943112001
v 0.0427788347 0.499999672 -0.094244726
v 0.0428318791 -0.0628833696 -0.0943112001
v -0.0435478762 -0.0628841445 -0.0943112001
v -0.0435439944 0.499998927 -0.094244726
v -0.10039188 -0.181430012 0.100392222
v -0.138424829 -0.169322163 0.0761766508
v -0.112499863 -0.143397197 0.0761766508
v -0.138424829 -0.205645666 0.112500109
v -0.0761763081 -0.143397197 0.112500109
v -0.112501025 -0.205645666 0.138424769
v -0.0761768892 -0.169322163 0.138424978
v -0.138424829 -0.394322187 0.0761766434
v -0.138424829 -0.357998699 0.112500109
v -0.10039188 -0.382214397 0.100392222
v -0.112499863 -0.420247138 0.0761766434
v -0.112501025 -0.357998699 0.138424769
v -0.0761761144 -0.420247138 0.112500109
v -0.0761774704 -0.394322187 0.138424769
v -0.138424829 -0.357998699 -0.112499915
v -0.138424829 -0.394322187 -0.0761764497
v -0.10039188 -0.382214427 -0.100392073
v -0.112499863 -0.357998699 -0.138424873
v -0.112499863 -0.420247138 -0.0761764497
v -0.0761763081 -0.394322187 -0.138424873
v -0.0761761144 -0.420247197 -0.112499863
v 0.0761754364 -0.394322187 0.138424769
v 0.112499185 -0.357998699 0.138424769
v 0.100392565 -0.382214397 0.100392319
v 0.0761765987 -0.420247138 0.112500109
v 0.138425127 -0.35799852 0.112500302
v 0.112500347 -0.420247138 0.0761766434
v 0.138425127 -0.394322067 0.0761768296
v 0.138425127 -0.205645636 -0.112499721
v 0.100392565 -0.181430012 -0.100392073
v 0.11249996 -0.205645725 -0.138424829
v 0.138425127 -0.169322073 -0.0761762634
v 0.0761765987 -0.169322163 -0.138424873
v 0.112500153 -0.143397197 -0.0761764497
v 0.0761765987 -0.143397197 -0.112499915
v -0.500000238 -0.33891204 0.125905782
v -0.499999464 -0.237974122 0.0944916159
v -0.499999464 -0.223587573 0.125906155
v -0.499999464 -0.324525446 0.0944918022
v -0.499999464 -0.192754269 0.0432743914
v -0.499999464 -0.407156944 0.0576613024
v -0.499998689 -0.155342981 0.0576614924
v -0.499999464 -0.375742555 0.0432745926
v -0.499999464 -0.192754269 -0.0432765223
v -0.500000238 -0.407156944 -0.0576624684
v -0.499998689 -0.155342981 -0.0576634333
v -0.499999464 -0.375742674 -0.0432763286
v -0.499999464 -0.240721166 -0.0944937468
v -0.499999464 -0.338912547 -0.125908107
v -0.499998689 -0.223587349 -0.125907913
v -0.499999464 -0.32177946 -0.0944937468
v -0.139485627 -0.212487906 0.218176514
v -0.109059773 -0.341443956 0.228530541
v -0.139485627 -0.351155728 0.218176514
v -0.109059773 -0.222199544 0.228530511
v -0.0596242175 -0.390879631 0.228530541
v -0.0693358332 -0.142338112 0.218176514
v -0.0693358332 -0.421305507 0.218176499
v -0.0596240237 -0.172763914 0.228530511
v 0.0596202463 -0.390879631 0.228530541
v 0.0693320557 -0.142338112 0.218176514
v 0.0693320557 -0.421305507 0.218176499
v 0.0596202463 -0.172763914 0.228530511
v 0.109055981 -0.341443956 0.228530541
v 0.139481843 -0.212487906 0.218176514
v 0.139481843 -0.351155728 0.218176514
v 0.109055981 -0.222199544 0.228530511
v -0.112502187 -0.205645666 0.169185877
v -0.140664235 -0.35174191 0.188880414
v -0.112502187 -0.357998699 0.169185877
v -0.140664235 -0.211902454 0.188880414
v -0.0699218437 -0.422484308 0.188880444
v -0.0761786327 -0.169322163 0.169185877
v -0.0761786327 -0.394322187 0.169185877
v -0.0699218437 -0.141160086 0.188880414
v 0.0699176788 -0.422484308 0.188880444
v 0.0761744678 -0.169322163 0.169185877
v 0.0761744678 -0.394322187 0.169185877
v 0.0699176788 -0.141160086 0.188880414
v 0.140660062 -0.35174191 0.188880414
v 0.112498023 -0.205645666 0.169185877
v 0.112498023 -0.357998699 0.169185877
v 0.140660062 -0.211902454 0.188880414
v 0.218177214 -0.351156235 -0.13948305
v 0.228531256 -0.22220014 -0.10905724
v 0.218177214 -0.212488338 -0.13948305
v 0.228531256 -0.341444612 -0.10905724
v 0.228531256 -0.172764599 -0.059621647
v 0.218177214 -0.421305984 -0.0693332627
v 0.218177214 -0.142338753 -0.0693332627
v 0.228531256 -0.390880167 -0.0596215539
v 0.228531256 -0.172764584 0.0596229061
v 0.218177214 -0.421305984 0.0693346187
v 0.218177214 -0.142338738 0.0693346187
v 0.228531256 -0.390880167 0.0596229173
v 0.228531256 -0.22220014 0.109058551
v 0.218177214 -0.351156235 0.139484406
v 0.218177214 -0.212488323 0.139484406
v 0.228531256 -0.341444612 0.109058551
v 0.169186622 -0.357998461 -0.11249952
v 0.188881144 -0.21190232 -0.140661657
v 0.169186622 -0.205645531 -0.11249952
v 0.188881144 -0.351741672 -0.140661672
v 0.188881144 -0.141159743 -0.0699192807
v 0.169186622 -0.394322008 -0.0761760622
v 0.169186622 -0.169321969 -0.0761760622
v 0.188881144 -0.42248404 -0.0699192807
v 0.188881144 -0.141159743 0.0699202418
v 0.169186622 -0.394322008 0.0761770457
v 0.169186622 -0.169321969 0.0761770308
v 0.188881144 -0.42248404 0.0699202493
v 0.188881144 -0.211902305 0.140662625
v 0.169186622 -0.357998431 0.112500496
v 0.169186622 -0.205645531 0.112500496
v 0.188881144 -0.351741642 0.140662625
v 0.0693343803 -0.0636450574 -0.139483452
v -0.0596216954 -0.0532910414 -0.109057635
v -0.0693335086 -0.0636450574 -0.139483452
v 0.0596227646 -0.0532910414 -0.109057635
v -0.109057255 -0.0532910414 -0.0596220382
v 0.139484167 -0.0636450574 -0.0693336502
v -0.139483109 -0.0636450574 -0.0693336502
v 0.109058313 -0.0532910414 -0.0596219413
v -0.109057255 -0.0532910414 0.0596225187
v 0.139484167 -0.0636450574 0.0693342313
v -0.139483109 -0.0636450574 0.0693342313
v 0.109058313 -0.0532910414 0.0596225187
v -0.0596216954 -0.0532910414 0.109058172
v 0.0693343803 -0.0636450574 0.139484018
v -0.0693335086 -0.0636450574 0.139484018
v 0.0596227646 -0.0532910414 0.109058172
v 0.0761765987 -0.112635657 -0.112499915
v -0.0699195191 -0.0929411277 -0.140662044
v -0.0761763081 -0.112635657 -0.112499915
v 0.0699198097 -0.0929411277 -0.140662044
v -0.140662089 -0.0929411277 -0.0699196681
v 0.112500153 -0.112635657 -0.0761764497
v -0.112499863 -0.112635657 -0.0761764497
v 0.140662193 -0.0929411277 -0.0699196681
v -0.140662089 -0.0929411277 0.0699198619
v 0.112500153 -0.112635657 0.0761766508
v -0.112499863 -0.112635657 0.0761766508
v 0.140662193 -0.0929411277 0.0699198619
v -0.0699195191 -0.0929411277 0.140662253
v 0.0761765987 -0.112635665 0.112500109
v -0.0761763081 -0.112635665 0.112500109
v 0.0699198097 -0.0929411277 0.140662253
v -0.218176946 -0.212487906 -0.139483437
v -0.228530958 -0.341444016 -0.109057635
v -0.218176946 -0.351155728 -0.139483437
v -0.228530958 -0.222199574 -0.109057635
v -0.228530958 -0.390879631 -0.0596220382
v -0.218176946 -0.142338127 -0.0693336576
v -0.218176946 -0.421305507 -0.0693336576
v -0.228530958 -0.172763914 -0.0596219413
v -0.228530958 -0.390879631 0.059622515
v -0.218176946 -0.142338112 0.0693342388
v -0.218176946 -0.421305507 0.0693342388
v -0.228530958 -0.172763914 0.0596225262
v -0.228530958 -0.341443956 0.109058172
v -0.218176946 -0.212487906 0.139484018
v -0.218176946 -0.351155728 0.139484018
v -0.228530958 -0.222199574 0.109058172
v -0.169186324 -0.205645666 -0.112499915
v -0.188880861 -0.35174191 -0.140662044
v -0.169186324 -0.357998699 -0.112499915
v -0.188880861 -0.211902454 -0.140662059
v -0.188880861 -0.422484308 -0.0699196607
v -0.169186324 -0.169322163 -0.0761764497
v -0.169186324 -0.394322187 -0.0761764497
v -0.188880861 -0.141160086 -0.0699196681
v -0.188880861 -0.422484308 0.0699198544
v -0.169186324 -0.169322163 0.0761766508
v -0.169186324 -0.394322187 0.0761766434
v -0.188880861 -0.141160086 0.0699198619
v -0.188880861 -0.35174191 0.140662253
v -0.169186324 -0.205645666 0.112500109
v -0.169186324 -0.357998699 0.112500109
v -0.188880861 -0.211902454 0.140662253
v -0.0580448098 0.499999672 0.125905976
v -0.043544095 0.500000477 0.0942426026
v 0.0427787341 0.499999672 0.09424299
v 0.0572797842 0.499999672 0.125905976
v -0.126289725 0.499999672 0.0576618835
v 0.0938611776 0.499999672 0.0431612208
v -0.0946262553 0.500000477 0.0431608371
v 0.125524461 0.499999672 0.0576616935
v -0.126289725 0.499998927 -0.0576634407
v 0.0938608944 0.499999672 -0.0431623831
v -0.0946260542 0.499999672 -0.0431618094
v 0.125524268 0.500000477 -0.057663057
v -0.0580452904 0.499999672 -0.125907511
v 0.0427788347 0.499999672 -0.094244726
v -0.0435439944 0.499998927 -0.094244726
v 0.0572798811 0.500000477 -0.125907317
v 0.49999994 -0.223587751 0.125905976
v 0.500000715 -0.238088474 0.0942425877
v 0.49999994 -0.324411303 0.09424299
v 0.49999994 -0.338912338 0.125905976
v 0.49999994 -0.155342847 0.0576618835
v 0.49999994 -0.375493735 0.0431612208
v 0.500000715 -0.18700631 0.0431608371
v 0.49999994 -0.407157004 0.0576616861
v 0.499999136 -0.155342847 -0.0576634333
v 0.49999994 -0.375493467 -0.0431623831
v 0.49999994 -0.187006503 -0.043161802
v 0.500000715 -0.407156825 -0.0576630495
v 0.49999994 -0.22358726 -0.125907525
v 0.49999994 -0.324411392 -0.094244726
v 0.499999136 -0.238088563 -0.094244726
v 0.500000715 -0.338912457 -0.125907332
v -0.125906795 -0.223587751 0.499998629
v -0.0942434222 -0.238088474 0.499999404
v -0.0942438096 -0.324411303 0.499998659
v -0.125906795 -0.338912338 0.499998659
v -0.0576627105 -0.155342847 0.499998659
v -0.0431620441 -0.375493765 0.499998629
v -0.0431616567 -0.18700631 0.499999404
v -0.0576625131 -0.407157004 0.499998659
v 0.05766261 -0.155342847 0.499997854
v 0.0431615636 -0.375493467 0.499998659
v 0.0431609824 -0.187006503 0.499998659
v 0.05766223 -0.407156825 0.499999404
v 0.125906706 -0.22358726 0.499998629
v 0.0942439064 -0.324411392 0.499998659
v 0.0942439064 -0.238088563 0.499997854
v 0.125906497 -0.338912427 0.499999404
vt 0.303610355 0.557493865
vt 0.289743423 0.557493806
vt 0.303610355 0.543626904
vt 0.28974247 0.557508826
vt 0.303609401 0.543641865
vt 0.303609401 0.557508826
vt 0.303610295 0.543641925
vt 0.289743364 0.557508826
vt 0.303610295 0.557508886
vt 0.303609401 0.557493746
vt 0.303609401 0.543626785
vt 0.28974247 0.557493746
vt 0.303610355 0.543626785
vt 0.303610355 0.557493746
vt 0.289743364 0.557493746
vt 0.289743364 0.557508826
vt 0.303610295 0.557508826
vt 0.303610295 0.543641865
vt 0.303609401 0.543641865
vt 0.303609401 0.557508886
vt 0.289742351 0.557508826
vt 0.289743423 0.557508886
vt 0.303610355 0.557508826
vt 0.303610355 0.543641865
vt 0.194534019 0.521521568
vt 0.201188356 0.537650406
vt 0.185059592 0.530996025
vt 0.185059592 0.570734799
vt 0.201188356 0.564080477
vt 0.194534019 0.580209196
vt 0.234272793 0.580209196
vt 0.227618396 0.564080477
vt 0.243747205 0.570734799
vt 0.243747279 0.530996025
vt 0.22761853 0.537650406
vt 0.234272793 0.521521568
vt 0.194534019 0.521521568
vt 0.201188356 0.537650406
vt 0.185059592 0.530996025
vt 0.185059592 0.570734799
vt 0.201188356 0.564080477
vt 0.194534019 0.580209196
vt 0.234272793 0.580209196
vt 0.227618396 0.564080477
vt 0.243747205 0.570734799
vt 0.243747279 0.530996025
vt 0.22761853 0.537650406
vt 0.234272793 0.521521568
vt 0.368281573 0.491155148
vt 0.411386162 0.500348091
vt 0.411386162 0.491155148
vt 0.368281573 0.500348091
vt 0.354508102 0.491155148
vt 0.354508102 0.500348091
vt 0.311403632 0.491155148
vt 0.311403632 0.500348091
vt 0.297630072 0.500348091
vt 0.297630072 0.491155148
vt 0.254525572 0.491155148
vt 0.254525572 0.500348091
vt 0.24075219 0.491155148
vt 0.24075219 0.500348091
vt 0.197647512 0.491155148
vt 0.197647512 0.500348091
vt 0.183874145 0.491155148
vt 0.183874145 0.500348091
vt 0.35181424 0.574387252
vt 0.351812482 0.512232006
vt 0.341238648 0.512237966
vt 0.341238707 0.574387252
vt 0.35181424 0.574387252
vt 0.351812482 0.512232006
vt 0.341238648 0.512237966
vt 0.341238707 0.574387252
vt 0.35181424 0.574387252
vt 0.351812482 0.512232006
vt 0.341238648 0.512237966
vt 0.341238707 0.574387252
vt 0.35181424 0.574387252
vt 0.351812482 0.512232006
vt 0.341238648 0.512237966
vt 0.341238707 0.574387252
vt 0.341238648 0.512237966
vt 0.341238707 0.574387252
vt 0.35181424 0.574387252
vt 0.351812482 0.512232006
vt 0.341238588 0.512238503
vt 0.341238707 0.574387252
vt 0.35181424 0.574387252
vt 0.351811528 0.512241721
vt 0.341238767 0.512238622
vt 0.341238707 0.574387252
vt 0.35181424 0.574387252
vt 0.351816326 0.512244642
vt 0.341238767 0.512238204
vt 0.341238707 0.574387252
vt 0.35181424 0.574387252
vt 0.351816684 0.512235701
vt 0.351815194 0.574401379
vt 0.351811528 0.512241721
vt 0.341238588 0.512238503
vt 0.341217428 0.574401379
vt 0.346516341 0.58457464
vt 0.333793223 0.585203469
vt 0.359239519 0.585203469
vt 0.339092016 0.594105422
vt 0.353940427 0.594105422
vt 0.341238588 0.512238503
vt 0.341238707 0.574387252
vt 0.35181424 0.574387252
vt 0.351811528 0.512241721
vt 0.351820976 0.574407101
vt 0.351816684 0.512235701
vt 0.341238767 0.512238204
vt 0.34122327 0.57440722
vt 0.346522063 0.584580362
vt 0.333798856 0.58520925
vt 0.359245121 0.58520925
vt 0.339097708 0.594111264
vt 0.353946149 0.594111264
vt 0.351830453 0.574397564
vt 0.351811528 0.512241721
vt 0.341238588 0.512238503
vt 0.341232687 0.574397624
vt 0.346531421 0.584570944
vt 0.333808362 0.585199714
vt 0.359254688 0.585199714
vt 0.339107394 0.594101608
vt 0.353955775 0.594101608
vt 0.373407066 0.501248002
vt 0.406814426 0.510002971
vt 0.406814545 0.501248002
vt 0.373406947 0.510002971
vt 0.349936515 0.501248002
vt 0.349936336 0.510002971
vt 0.316529006 0.501248002
vt 0.316529006 0.510002971
vt 0.293058574 0.501248002
vt 0.293058574 0.510002971
vt 0.259651124 0.501248002
vt 0.259651244 0.510002971
vt 0.236180514 0.501248002
vt 0.236180589 0.510002971
vt 0.202773035 0.501248002
vt 0.202773035 0.510002971
vt 0.179302529 0.501248002
vt 0.179302394 0.510002971
vt 0.152341053 0.497526556
vt 0.182130128 0.492455095
vt 0.161560729 0.479605764
vt 0.174755573 0.506789386
vt 0.14836669 0.508656621
vt 0.171579778 0.515681386
vt 0.144152626 0.528369009
vt 0.168209895 0.531442225
vt 0.143230125 0.540147841
vt 0.167473018 0.54085964
vt 0.144305274 0.560265779
vt 0.168332502 0.556965053
vt 0.146478698 0.571876228
vt 0.170070559 0.566251397
vt 0.152762696 0.591022849
vt 0.17509748 0.581569314
vt 0.157894179 0.601665556
vt 0.179198623 0.59007591
vt 0.201188356 0.537650406
vt 0.22761853 0.537650406
vt 0.227618396 0.564080477
vt 0.201188356 0.564080477
vt 0.322065234 0.565958321
vt 0.282595873 0.57751894
vt 0.310504973 0.57751894
vt 0.271035403 0.5659585
vt 0.271035403 0.538049519
vt 0.322065234 0.538049459
vt 0.310504973 0.526489079
vt 0.282595873 0.526489139
vt 0.368281573 0.491155148
vt 0.411386162 0.500348091
vt 0.411386162 0.491155148
vt 0.368281573 0.500348091
vt 0.354508102 0.491155148
vt 0.354508102 0.500348091
vt 0.311403632 0.491155148
vt 0.311403632 0.500348091
vt 0.297630072 0.500348091
vt 0.297630072 0.491155148
vt 0.254525572 0.491155148
vt 0.254525572 0.500348091
vt 0.24075219 0.491155148
vt 0.24075219 0.500348091
vt 0.197647512 0.491155148
vt 0.197647512 0.500348091
vt 0.183874145 0.491155148
vt 0.183874145 0.500348091
vt 0.373407066 0.501248002
vt 0.406814426 0.510002971
vt 0.406814545 0.501248002
vt 0.373406947 0.510002971
vt 0.349936515 0.501248002
vt 0.349936336 0.510002971
vt 0.316529006 0.501248002
vt 0.316529006 0.510002971
vt 0.293058574 0.501248002
vt 0.293058574 0.510002971
vt 0.259651124 0.501248002
vt 0.259651244 0.510002971
vt 0.236180514 0.501248002
vt 0.236180589 0.510002971
vt 0.202773035 0.501248002
vt 0.202773035 0.510002971
vt 0.179302529 0.501248002
vt 0.179302394 0.510002971
vt 0.152341053 0.497526556
vt 0.182130128 0.492455095
vt 0.161560729 0.479605764
vt 0.174755573 0.506789386
vt 0.14836669 0.508656621
vt 0.171579778 0.515681386
vt 0.144152626 0.528369009
vt 0.168209895 0.531442225
vt 0.143230125 0.540147841
vt 0.167473018 0.54085964
vt 0.144305274 0.560265779
vt 0.168332502 0.556965053
vt 0.146478698 0.571876228
vt 0.170070559 0.566251397
vt 0.152762696 0.591022849
vt 0.17509748 0.581569314
vt 0.157894179 0.601665556
vt 0.179198623 0.59007591
vt 0.368281573 0.491155148
vt 0.411386162 0.500348091
vt 0.411386162 0.491155148
vt 0.368281573 0.500348091
vt 0.354508102 0.491155148
vt 0.354508102 0.500348091
vt 0.311403632 0.491155148
vt 0.311403632 0.500348091
vt 0.297630072 0.500348091
vt 0.297630072 0.491155148
vt 0.254525572 0.491155148
vt 0.254525572 0.500348091
vt 0.24075219 0.491155148
vt 0.24075219 0.500348091
vt 0.197647512 0.491155148
vt 0.197647512 0.500348091
vt 0.183874145 0.491155148
vt 0.183874145 0.500348091
vt 0.373407066 0.501248002
vt 0.406814426 0.510002971
vt 0.406814545 0.501248002
vt 0.373406947 0.510002971
vt 0.349936515 0.501248002
vt 0.349936336 0.510002971
vt 0.316529006 0.501248002
vt 0.316529006 0.510002971
vt 0.293058574 0.501248002
vt 0.293058574 0.510002971
vt 0.259651124 0.501248002
vt 0.259651244 0.510002971
vt 0.236180514 0.501248002
vt 0.236180589 0.510002971
vt 0.202773035 0.501248002
vt 0.202773035 0.510002971
vt 0.179302529 0.501248002
vt 0.179302394 0.510002971
vt 0.152341053 0.497526556
vt 0.182130128 0.492455095
vt 0.161560729 0.479605764
vt 0.174755573 0.506789386
vt 0.14836669 0.508656621
vt 0.171579778 0.515681386
vt 0.144152626 0.528369009
vt 0.168209895 0.531442225
vt 0.143230125 0.540147841
vt 0.167473018 0.54085964
vt 0.144305274 0.560265779
vt 0.168332502 0.556965053
vt 0.146478698 0.571876228
vt 0.170070559 0.566251397
vt 0.152762696 0.591022849
vt 0.17509748 0.581569314
vt 0.157894179 0.601665556
vt 0.179198623 0.59007591
vt 0.368281573 0.491155148
vt 0.411386162 0.500348091
vt 0.411386162 0.491155148
vt 0.368281573 0.500348091
vt 0.354508102 0.491155148
vt 0.354508102 0.500348091
vt 0.311403632 0.491155148
vt 0.311403632 0.500348091
vt 0.297630072 0.500348091
vt 0.297630072 0.491155148
vt 0.254525572 0.491155148
vt 0.254525572 0.500348091
vt 0.24075219 0.491155148
vt 0.24075219 0.500348091
vt 0.197647512 0.491155148
vt 0.197647512 0.500348091
vt 0.183874145 0.491155148
vt 0.183874145 0.500348091
vt 0.373407066 0.501248002
vt 0.406814426 0.510002971
vt 0.406814545 0.501248002
vt 0.373406947 0.510002971
vt 0.349936515 0.501248002
vt 0.349936336 0.510002971
vt 0.316529006 0.501248002
vt 0.316529006 0.510002971
vt 0.293058574 0.501248002
vt 0.293058574 0.510002971
vt 0.259651124 0.501248002
vt 0.259651244 0.510002971
vt 0.236180514 0.501248002
vt 0.236180589 0.510002971
vt 0.202773035 0.501248002
vt 0.202773035 0.510002971
vt 0.179302529 0.501248002
vt 0.179302394 0.510002971
vt 0.152341053 0.497526556
vt 0.182130128 0.492455095
vt 0.161560729 0.479605764
vt 0.174755573 0.506789386
vt 0.14836669 0.508656621
vt 0.171579778 0.515681386
vt 0.144152626 0.528369009
vt 0.168209895 0.531442225
vt 0.143230125 0.540147841
vt 0.167473018 0.54085964
vt 0.144305274 0.560265779
vt 0.168332502 0.556965053
vt 0.146478698 0.571876228
vt 0.170070559 0.566251397
vt 0.152762696 0.591022849
vt 0.17509748 0.581569314
vt 0.157894179 0.601665556
vt 0.179198623 0.59007591
vt 0.234272793 0.521521568
vt 0.22761853 0.537650406
vt 0.201188356 0.537650406
vt 0.194534019 0.521521568
vt 0.185059592 0.530996025
vt 0.201188356 0.537650406
vt 0.201188356 0.564080477
vt 0.185059592 0.570734799
vt 0.194534019 0.580209196
vt 0.201188356 0.564080477
vt 0.227618396 0.564080477
vt 0.234272793 0.580209196
vt 0.243747205 0.570734799
vt 0.227618396 0.564080477
vt 0.22761853 0.537650406
vt 0.243747279 0.530996025
vt 0.201188356 0.537650406
vt 0.22761853 0.537650406
vt 0.227618396 0.564080477
vt 0.201188356 0.564080477
vt 0.322065234 0.565958321
vt 0.282595873 0.57751894
vt 0.310504973 0.57751894
vt 0.271035403 0.5659585
vt 0.271035403 0.538049519
vt 0.322065234 0.538049459
vt 0.310504973 0.526489079
vt 0.282595873 0.526489139
vt 0.234272793 0.521521568
vt 0.22761853 0.537650406
vt 0.201188356 0.537650406
vt 0.194534019 0.521521568
vt 0.185059592 0.530996025
vt 0.201188356 0.537650406
vt 0.201188356 0.564080477
vt 0.185059592 0.570734799
vt 0.194534019 0.580209196
vt 0.201188356 0.564080477
vt 0.227618396 0.564080477
vt 0.234272793 0.580209196
vt 0.243747205 0.570734799
vt 0.227618396 0.564080477
vt 0.22761853 0.537650406
vt 0.243747279 0.530996025
vt 0.00336804357 0.764106929
vt 0.00336804357 0.809443891
vt 0.0207588784 0.809443891
vt 0.0207588784 0.764106691
vt 0.0363097563 0.809443891
vt 0.0363097563 0.764106691
vt 0.120393127 0.764107108
vt 0.120393127 0.809443891
vt 0.135994047 0.809443891
vt 0.135994047 0.764106929
vt 0.102861397 0.764107764
vt 0.102861397 0.809443891
vt 0.120393127 0.809443891
vt 0.120393127 0.764107108
vt 0.0871015564 0.764107943
vt 0.102861397 0.809443891
vt 0.102861397 0.764107764
vt 0.0871015564 0.809443891
vt 0.069469437 0.764108419
vt 0.069469437 0.809443891
vt 0.0536553785 0.764108598
vt 0.0536553785 0.809443891
vt 0.0363097563 0.764108777
vt 0.0363097563 0.809443891
vt 0.0536553785 0.809443891
vt 0.0536553785 0.764108598
vt 0.157264173 0.689855278
vt 0.157264173 0.735112071
vt 0.169070974 0.735112071
vt 0.169070974 0.689855695
vt 0.182457983 0.735112071
vt 0.182457983 0.689856172
vt 0.1940929 0.735112071
vt 0.1940929 0.689857364
vt 0.144577652 0.689853549
vt 0.144560009 0.735112071
vt 0.157264173 0.735112071
vt 0.157264173 0.689855278
vt 0.231968209 0.689859509
vt 0.243533179 0.735112071
vt 0.24352169 0.689858496
vt 0.231968209 0.735112071
vt 0.218569621 0.689859092
vt 0.218569621 0.735112071
vt 0.206768319 0.689858675
vt 0.206768319 0.735112071
vt 0.1940929 0.689857364
vt 0.1940929 0.735112071
vt 0.206768319 0.735112071
vt 0.206768319 0.689858675
vt 0.0871014819 0.569017589
vt 0.102861352 0.614354551
vt 0.0871014819 0.614354372
vt 0.102861352 0.569017589
vt 0.120393172 0.614354789
vt 0.120393172 0.569017589
vt 0.136139318 0.614354789
vt 0.136139318 0.569017589
vt 0.0694694519 0.569017589
vt 0.0871014819 0.569017589
vt 0.0871014819 0.614354372
vt 0.0694694519 0.614353716
vt 0.0536554232 0.569017589
vt 0.0694694519 0.569017589
vt 0.0694694519 0.614353716
vt 0.0536554232 0.614353538
vt 0.0363097563 0.569017589
vt 0.0363097563 0.614353061
vt 0.0207588784 0.569017589
vt 0.0207588784 0.614352882
vt 0.00336805894 0.569017589
vt 0.0207588784 0.569017589
vt 0.0207588784 0.614352882
vt 0.00336805894 0.614352703
vt 0.144560009 0.735112071
vt 0.157264173 0.689855278
vt 0.144577652 0.689853549
vt 0.157264173 0.735112071
vt 0.169070974 0.689855695
vt 0.169070974 0.735112071
vt 0.182457983 0.689856172
vt 0.182457983 0.735112071
vt 0.231968209 0.735112071
vt 0.243533179 0.735112071
vt 0.24352169 0.689858496
vt 0.231968209 0.689859509
vt 0.218569621 0.735112071
vt 0.231968209 0.735112071
vt 0.231968209 0.689859509
vt 0.218569621 0.689859092
vt 0.206768319 0.735112071
vt 0.206768319 0.689858675
vt 0.1940929 0.735112071
vt 0.1940929 0.689857364
vt 0.182457983 0.735112071
vt 0.1940929 0.735112071
vt 0.1940929 0.689857364
vt 0.182457983 0.689856172
vt 0.00336804357 0.764106929
vt 0.00336804357 0.809443891
vt 0.0207588784 0.809443891
vt 0.0207588784 0.764106691
vt 0.0363097563 0.809443891
vt 0.0363097563 0.764106691
vt 0.120393127 0.764107108
vt 0.120393127 0.809443891
vt 0.135994047 0.809443891
vt 0.135994047 0.764106929
vt 0.102861397 0.764107764
vt 0.102861397 0.809443891
vt 0.120393127 0.809443891
vt 0.120393127 0.764107108
vt 0.0871015564 0.764107943
vt 0.102861397 0.809443891
vt 0.102861397 0.764107764
vt 0.0871015564 0.809443891
vt 0.069469437 0.764108419
vt 0.069469437 0.809443891
vt 0.0536553785 0.764108598
vt 0.0536553785 0.809443891
vt 0.0363097563 0.764108777
vt 0.0363097563 0.809443891
vt 0.0536553785 0.809443891
vt 0.0536553785 0.764108598
vt 0.157264173 0.689855278
vt 0.157264173 0.735112071
vt 0.169070974 0.735112071
vt 0.169070974 0.689855695
vt 0.182457983 0.735112071
vt 0.182457983 0.689856172
vt 0.1940929 0.735112071
vt 0.1940929 0.689857364
vt 0.144577652 0.689853549
vt 0.144560009 0.735112071
vt 0.157264173 0.735112071
vt 0.157264173 0.689855278
vt 0.231968209 0.689859509
vt 0.243533179 0.735112071
vt 0.24352169 0.689858496
vt 0.231968209 0.735112071
vt 0.218569621 0.689859092
vt 0.218569621 0.735112071
vt 0.206768319 0.689858675
vt 0.206768319 0.735112071
vt 0.1940929 0.689857364
vt 0.1940929 0.735112071
vt 0.206768319 0.735112071
vt 0.206768319 0.689858675
vt 0.00336804357 0.764106929
vt 0.00336804357 0.809443891
vt 0.0207588784 0.809443891
vt 0.0207588784 0.764106691
vt 0.0363097563 0.809443891
vt 0.0363097563 0.764106691
vt 0.120393127 0.764107108
vt 0.120393127 0.809443891
vt 0.135994047 0.809443891
vt 0.135994047 0.764106929
vt 0.102861397 0.764107764
vt 0.102861397 0.809443891
vt 0.120393127 0.809443891
vt 0.120393127 0.764107108
vt 0.0871015564 0.764107943
vt 0.102861397 0.809443891
vt 0.102861397 0.764107764
vt 0.0871015564 0.809443891
vt 0.069469437 0.764108419
vt 0.069469437 0.809443891
vt 0.0536553785 0.764108598
vt 0.0536553785 0.809443891
vt 0.0363097563 0.764108777
vt 0.0363097563 0.809443891
vt 0.0536553785 0.809443891
vt 0.0536553785 0.764108598
vt 0.157264173 0.689855278
vt 0.157264173 0.735112071
vt 0.169070974 0.735112071
vt 0.169070974 0.689855695
vt 0.182457983 0.735112071
vt 0.182457983 0.689856172
vt 0.1940929 0.735112071
vt 0.1940929 0.689857364
vt 0.144577652 0.689853549
vt 0.144560009 0.735112071
vt 0.157264173 0.735112071
vt 0.157264173 0.689855278
vt 0.231968209 0.689859509
vt 0.243533179 0.735112071
vt 0.24352169 0.689858496
vt 0.231968209 0.735112071
vt 0.218569621 0.689859092
vt 0.218569621 0.735112071
vt 0.206768319 0.689858675
vt 0.206768319 0.735112071
vt 0.1940929 0.689857364
vt 0.1940929 0.735112071
vt 0.206768319 0.735112071
vt 0.206768319 0.689858675
vt 0.346525788 0.584565163
vt 0.359248966 0.585194051
vt 0.353950113 0.594095886
vt 0.351824701 0.574391842
vt 0.339101613 0.594095886
vt 0.341226995 0.574391842
vt 0.3338027 0.585194051
vt 0.359248966 0.585194051
vt 0.351824701 0.574391842
vt 0.346525788 0.584565163
vt 0.353950113 0.594095886
vt 0.341226995 0.574391842
vt 0.339101613 0.594095886
vt 0.3338027 0.585194051
vt 0.351830453 0.574397564
vt 0.359254688 0.585199714
vt 0.346531421 0.584570944
vt 0.341232687 0.574397624
vt 0.353955775 0.594101608
vt 0.333808362 0.585199714
vt 0.339107394 0.594101608
vt 0.333793223 0.585203469
vt 0.341217428 0.574401379
vt 0.346516341 0.58457464
vt 0.339092016 0.594105422
vt 0.351815194 0.574401379
vt 0.353940427 0.594105422
vt 0.359239519 0.585203469
vt 0.351820976 0.574407101
vt 0.346522063 0.584580362
vt 0.34122327 0.57440722
vt 0.359245121 0.58520925
vt 0.333798856 0.58520925
vt 0.353946149 0.594111264
vt 0.339097708 0.594111264
vt 0.243351296 0.893893063
vt 0.237342566 0.913127661
vt 0.243344903 0.915795267
vt 0.237288713 0.896663189
vt 0.227520749 0.92273128
vt 0.230309129 0.880872905
vt 0.230264947 0.928717196
vt 0.227547809 0.886895478
vt 0.211056277 0.92273128
vt 0.208310634 0.880853891
vt 0.208266318 0.928717196
vt 0.211069733 0.886900127
vt 0.20123066 0.91304642
vt 0.195211872 0.893904209
vt 0.195172146 0.915767908
vt 0.201286867 0.896702588
vt 0.256652474 0.572351277
vt 0.2663908 0.534849763
vt 0.256649226 0.531641662
vt 0.266389251 0.569017589
vt 0.279755771 0.522277772
vt 0.276932597 0.590739489
vt 0.276716858 0.512825131
vt 0.279851258 0.581225514
vt 0.314077348 0.521752238
vt 0.317598909 0.589793086
vt 0.316963375 0.512740433
vt 0.314452112 0.581225216
vt 0.328341633 0.534796238
vt 0.337506294 0.571227312
vt 0.337477475 0.531570613
vt 0.328342587 0.567961812
vt 0.236411393 0.583281577
vt 0.194903642 0.591282785
vt 0.193125963 0.583281577
vt 0.234633729 0.591282785
vt 0.174804702 0.57118398
vt 0.246731326 0.572961688
vt 0.182806045 0.572961688
vt 0.254732519 0.57118398
vt 0.174804702 0.531453848
vt 0.246731326 0.529676199
vt 0.182806045 0.529676199
vt 0.254732519 0.531453848
vt 0.194903642 0.511354983
vt 0.236411393 0.51935631
vt 0.193125963 0.51935631
vt 0.234633729 0.511354983
vt 0.256652474 0.572351277
vt 0.2663908 0.534849763
vt 0.256649226 0.531641662
vt 0.266389251 0.569017589
vt 0.279755771 0.522277772
vt 0.276932597 0.590739489
vt 0.276716858 0.512825131
vt 0.279851258 0.581225514
vt 0.314077348 0.521752238
vt 0.317598909 0.589793086
vt 0.316963375 0.512740433
vt 0.314452112 0.581225216
vt 0.328341633 0.534796238
vt 0.337506294 0.571227312
vt 0.337477475 0.531570613
vt 0.328342587 0.567961812
vt 0.236411393 0.583281577
vt 0.194903642 0.591282785
vt 0.193125963 0.583281577
vt 0.234633729 0.591282785
vt 0.174804702 0.57118398
vt 0.246731326 0.572961688
vt 0.182806045 0.572961688
vt 0.254732519 0.57118398
vt 0.174804702 0.531453848
vt 0.246731326 0.529676199
vt 0.182806045 0.529676199
vt 0.254732519 0.531453848
vt 0.194903642 0.511354983
vt 0.236411393 0.51935631
vt 0.193125963 0.51935631
vt 0.234633729 0.511354983
vt 0.256652474 0.572351277
vt 0.2663908 0.534849763
vt 0.256649226 0.531641662
vt 0.266389251 0.569017589
vt 0.279755771 0.522277772
vt 0.276932597 0.590739489
vt 0.276716858 0.512825131
vt 0.279851258 0.581225514
vt 0.314077348 0.521752238
vt 0.317598909 0.589793086
vt 0.316963375 0.512740433
vt 0.314452112 0.581225216
vt 0.328341633 0.534796238
vt 0.337506294 0.571227312
vt 0.337477475 0.531570613
vt 0.328342587 0.567961812
vt 0.236411393 0.583281577
vt 0.194903642 0.591282785
vt 0.193125963 0.583281577
vt 0.234633729 0.591282785
vt 0.174804702 0.57118398
vt 0.246731326 0.572961688
vt 0.182806045 0.572961688
vt 0.254732519 0.57118398
vt 0.174804702 0.531453848
vt 0.246731326 0.529676199
vt 0.182806045 0.529676199
vt 0.254732519 0.531453848
vt 0.194903642 0.511354983
vt 0.236411393 0.51935631
vt 0.193125963 0.51935631
vt 0.234633729 0.511354983
vt 0.256652474 0.572351277
vt 0.2663908 0.534849763
vt 0.256649226 0.531641662
vt 0.266389251 0.569017589
vt 0.279755771 0.522277772
vt 0.276932597 0.590739489
vt 0.276716858 0.512825131
vt 0.279851258 0.581225514
vt 0.314077348 0.521752238
vt 0.317598909 0.589793086
vt 0.316963375 0.512740433
vt 0.314452112 0.581225216
vt 0.328341633 0.534796238
vt 0.337506294 0.571227312
vt 0.337477475 0.531570613
vt 0.328342587 0.567961812
vt 0.236411393 0.583281577
vt 0.194903642 0.591282785
vt 0.193125963 0.583281577
vt 0.234633729 0.591282785
vt 0.174804702 0.57118398
vt 0.246731326 0.572961688
vt 0.182806045 0.572961688
vt 0.254732519 0.57118398
vt 0.174804702 0.531453848
vt 0.246731326 0.529676199
vt 0.182806045 0.529676199
vt 0.254732519 0.531453848
vt 0.194903642 0.511354983
vt 0.236411393 0.51935631
vt 0.193125963 0.51935631
vt 0.234633729 0.511354983
vt 0.195172146 0.915767908
vt 0.20123066 0.91304642
vt 0.201287389 0.896703184
vt 0.195211872 0.893904209
vt 0.208266318 0.928717196
vt 0.211069733 0.886900127
vt 0.211056277 0.92273128
vt 0.208310634 0.880853891
vt 0.230264947 0.928717196
vt 0.227547809 0.886895478
vt 0.227520749 0.92273128
vt 0.230309129 0.880872905
vt 0.243344903 0.915795267
vt 0.237288713 0.896663189
vt 0.237342566 0.913127661
vt 0.243351296 0.893893063
vt 0.195172146 0.915767908
vt 0.20123066 0.91304642
vt 0.201287389 0.896703184
vt 0.195211872 0.893904209
vt 0.208266318 0.928717196
vt 0.211069733 0.886900127
vt 0.211056277 0.92273128
vt 0.208310634 0.880853891
vt 0.230264947 0.928717196
vt 0.227547809 0.886895478
vt 0.227520749 0.92273128
vt 0.230309129 0.880872905
vt 0.243344903 0.915795267
vt 0.237288713 0.896663189
vt 0.237342566 0.913127661
vt 0.243351296 0.893893063
vt 0.195172146 0.915767908
vt 0.20123066 0.91304642
vt 0.201287389 0.896703184
vt 0.195211872 0.893904209
vt 0.208266318 0.928717196
vt 0.211069733 0.886900127
vt 0.211056277 0.92273128
vt 0.208310634 0.880853891
vt 0.230264947 0.928717196
vt 0.227547809 0.886895478
vt 0.227520749 0.92273128
vt 0.230309129 0.880872905
vt 0.243344903 0.915795267
vt 0.237288713 0.896663189
vt 0.237342566 0.913127661
vt 0.243351296 0.893893063
vn -0.577345073 0.577346504 -0.577359259
vn -0.577345073 0.577346444 -0.5773592
vn -0.0215983912 0.888914585 -0.45756343
vn -0.577344954 -0.57734555 -0.577360392
vn -0.577344835 -0.57734555 -0.577360392
vn -0.576166987 -0.576169789 -0.579706669
vn 0.576170623 -0.579705834 -0.576167226
vn 0.579704702 -0.576173425 -0.576165378
vn 0.576172471 -0.576171041 -0.579700112
vn 0.57735312 0.57735312 -0.577344656
vn 0.576170981 0.579706132 -0.576166391
vn 0.0216068178 0.888916552 -0.457559139
vn 0.021603886 0.457560271 0.888916135
vn 0.577350736 0.577349424 0.577350736
vn 0.0216044858 0.888915658 0.457561016
vn 0.457561523 -0.021604171 0.888915479
vn 0.0216023978 -0.457561553 0.888915479
vn 0.576170325 -0.576172173 0.579701066
vn -0.577351868 -0.577350497 0.577348411
vn -0.577351868 -0.577350497 0.577348471
vn -0.576172471 -0.576170325 0.579700828
vn -0.577354312 0.577349305 0.577347159
vn -0.577354312 0.577349305 0.577347159
vn -0.0216018353 0.88891679 0.457559109
vn -0.101618968 -0.101619095 -0.989619672
vn -0.101618968 -0.101619102 -0.989619672
vn -0.101618968 -0.101619102 -0.989619672
vn -0.101618424 0.101618573 -0.989619792
vn -0.101618439 0.101618588 -0.989619792
vn -0.101618439 0.101618581 -0.989619792
vn 0.101619646 0.101617761 -0.989619792
vn 0.101619631 0.101617761 -0.989619792
vn 0.101619631 0.101617761 -0.989619792
vn 0.101618752 -0.101618893 -0.989619792
vn 0.101618752 -0.101618879 -0.989619792
vn 0.101618744 -0.101618879 -0.989619672
vn -0.101618506 -0.989619672 0.101619311
vn -0.101618491 -0.989619672 0.101619303
vn -0.101618506 -0.989619672 0.101619311
vn -0.101617388 -0.989619911 -0.101618327
vn -0.101617381 -0.989619911 -0.10161832
vn -0.101617381 -0.989619911 -0.10161832
vn 0.101619311 -0.989619911 -0.101616666
vn 0.101619326 -0.989619911 -0.101616673
vn 0.101619311 -0.989619911 -0.101616651
vn 0.101618506 -0.989619672 0.101619311
vn 0.101618491 -0.989619672 0.101619303
vn 0.101618506 -0.989619672 0.101619311
vn -0.302204579 0.464504004 -0.83241117
vn -0 -0.382683158 -0.923879623
vn -0.302204818 -0.464503855 -0.83241117
vn -0 0.382683158 -0.923879623
vn -0.302204579 0.832410932 -0.464504629
vn -0 0.923879445 -0.382683724
vn -0.302204311 0.832410872 0.464504778
vn -0 0.923879445 0.382683724
vn -0 0.382683158 0.923879623
vn -0.302209616 0.464506954 0.832407713
vn -0.302209824 -0.464506716 0.832407832
vn -0 -0.382683158 0.923879623
vn -0.30220443 -0.832410932 0.464504659
vn -0 -0.923879445 0.382683724
vn -0.302204669 -0.832410932 -0.46450451
vn -0 -0.923879445 -0.382683724
vn -0.302204818 -0.464503855 -0.83241117
vn -0 -0.382683158 -0.923879623
vn -0.680112422 -0.540143192 0.495673686
vn -0.680112123 -0.540143609 -0.495673507
vn -0.302204669 -0.832410932 -0.46450451
vn -0.30220443 -0.832410932 0.464504659
vn -0.495669514 -0.540145755 -0.680113494
vn 0.495669246 -0.540146232 -0.680113316
vn 0.495669305 -0.680113256 -0.540146232
vn -0.495672315 -0.680114567 -0.540141821
vn 0.680115044 -0.540143311 -0.495669991
vn 0.680113733 -0.540144622 0.49567017
vn 0.302205861 -0.832410455 0.46450457
vn 0.30221054 -0.832409203 -0.464503765
vn 0.495669991 -0.540134728 0.680121839
vn -0.495666176 -0.540151119 0.680111647
vn -0.464506805 -0.832415462 0.302188307
vn 0.464499921 -0.832405806 0.30222559
vn -0.464503229 0.302205831 0.83241117
vn 0.464502543 0.302199781 0.832413852
vn 0.46450004 0.832405984 0.302225143
vn -0.464500755 0.832418203 0.302190423
vn 0.832410216 0.302207321 0.464504063
vn 0.832410693 0.302205384 -0.46450448
vn 0.302206069 0.832410514 -0.464504182
vn 0.302200437 0.832412243 0.464504808
vn 0.464502573 0.302206159 -0.832411349
vn -0.464503914 0.302204341 -0.832411349
vn -0.495672166 0.680113614 -0.540143013
vn 0.495669991 0.680112481 -0.54014647
vn -0.832410634 0.30220452 -0.464505106
vn -0.832410634 0.302204281 0.464505255
vn -0.302204311 0.832410872 0.464504778
vn -0.302204579 0.832410932 -0.464504629
vn 0.30219242 0.464499772 0.832417965
vn 0.302195609 -0.464499205 0.832417071
vn 0.832401633 -0.464501977 0.302234143
vn 0.832401395 0.464502066 0.302234828
vn 0.577341557 0.577348709 0.57736063
vn 0.46450004 0.832405984 0.302225143
vn 0.302200437 0.832412243 0.464504808
vn 0.464502543 0.302199781 0.832413852
vn 0.832410216 0.302207321 0.464504063
vn -0.302209824 -0.464506716 0.832407832
vn -0.302209616 0.464506954 0.832407713
vn -0.832416832 0.464510441 0.302179158
vn -0.832417727 -0.464508355 0.302179962
vn 0.302211523 -0.464502007 -0.832409799
vn 0.302207649 0.464502245 -0.832411051
vn 0.680113971 0.49566856 -0.540145993
vn 0.680115163 -0.495669484 -0.540143669
vn 0.577350736 -0.577349901 -0.57735014
vn 0.495669305 -0.680113256 -0.540146232
vn 0.30221054 -0.832409203 -0.464503765
vn 0.495669246 -0.540146232 -0.680113316
vn 0.680115044 -0.540143311 -0.495669991
vn -0.302204579 0.464504004 -0.83241117
vn -0.302204818 -0.464503855 -0.83241117
vn -0.680113137 -0.495672196 -0.540143609
vn -0.680113196 0.495672584 -0.540143311
vn -0.577350497 0.577349901 -0.577350378
vn -0.495672166 0.680113614 -0.540143013
vn -0.302204579 0.832410932 -0.464504629
vn -0.464503914 0.302204341 -0.832411349
vn -0.832410634 0.30220452 -0.464505106
vn -0.0447731204 0.382977486 -0.922671974
vn -0.0447786227 -0.381594241 -0.923244715
vn -0.0447832569 -0.382982343 -0.92266947
vn -0.0447685607 0.381599635 -0.923242986
vn -0.0447624549 0.922670066 -0.382983446
vn -0.0447578058 0.923245847 -0.381593853
vn -0.0447573885 0.922671378 0.382980824
vn -0.0447527841 0.923244953 0.381596833
vn -0.0447609462 0.382978857 0.922671974
vn -0.0447563715 0.381598711 0.92324388
vn -0.0447710715 -0.382983685 0.92266947
vn -0.0447664298 -0.381593287 0.923245609
vn -0.0447826311 -0.922671258 0.382977933
vn -0.0447780639 -0.923242807 0.38159883
vn -0.0447877161 -0.922670066 -0.382980615
vn -0.0447831042 -0.923243701 -0.38159591
vn -0.0447832569 -0.382982343 -0.92266947
vn -0.0447786227 -0.381594241 -0.923244715
vn -0.172618687 0.908400178 0.38080436
vn 0.0216068178 0.888916552 -0.457559139
vn -0.1726197 0.908399701 -0.380805105
vn 0.0216044858 0.888915658 0.457561016
vn -0.172619298 0.380803138 0.908400476
vn 0.021603886 0.457560271 0.888916135
vn -0.172620893 -0.380804807 0.908399522
vn 0.0216023978 -0.457561553 0.888915479
vn -0.172622174 -0.908400118 0.38080281
vn 0.576170325 -0.576172173 0.579701066
vn -0.172623187 -0.908399224 -0.380804688
vn 0.576172471 -0.576171041 -0.579700112
vn -0.172623605 -0.380802512 -0.908399999
vn 0.576170623 -0.579705834 -0.576167226
vn -0.172622263 0.380802095 -0.908400416
vn 0.576170981 0.579706132 -0.576166391
vn -0.1726197 0.908399701 -0.380805105
vn 0.0216068178 0.888916552 -0.457559139
vn -0 4.7914574E-07 -1
vn -0 4.7914574E-07 -1
vn -0 4.7914574E-07 -1
vn -0 4.7914574E-07 -1
vn -8.97858456E-07 6.13091174E-07 1
vn -8.97858456E-07 6.13091117E-07 1
vn -8.97858456E-07 6.13091174E-07 1
vn -8.97858456E-07 6.13091174E-07 1
vn -1.52780331E-06 2.53953601E-07 1
vn -1.52780331E-06 2.53953601E-07 1
vn -1.07743631E-06 -6.13092925E-06 1
vn -1.07743631E-06 -6.13092925E-06 1
vn 0.464502573 0.302206159 -0.832411349
vn -0.38268286 0 -0.923879802
vn -0.464503914 0.302204341 -0.832411349
vn 0.38268286 0 -0.923879802
vn 0.832410693 0.302205384 -0.46450448
vn 0.923879325 0 -0.382684082
vn 0.832410216 0.302207321 0.464504063
vn 0.923879325 0 0.382684082
vn 0.38268286 0 0.923879802
vn 0.464502543 0.302199781 0.832413852
vn -0.464503229 0.302205831 0.83241117
vn -0.38268286 0 0.923879802
vn -0.832410634 0.302204281 0.464505255
vn -0.923879325 0 0.382684082
vn -0.832410634 0.30220452 -0.464505106
vn -0.923879325 0 -0.382684082
vn -0.464503914 0.302204341 -0.832411349
vn -0.38268286 0 -0.923879802
vn 0.382977486 0.0447731353 -0.922671974
vn -0.381595254 0.0447786413 -0.923244238
vn -0.38298133 0.0447832569 -0.922669828
vn 0.381599605 0.0447685793 -0.923242986
vn 0.922670066 0.0447624698 -0.382983446
vn 0.923245847 0.0447578318 -0.381593853
vn 0.922671378 0.0447574109 0.382980824
vn 0.923244953 0.0447528027 0.381596833
vn 0.382978797 0.0447609611 0.922671974
vn 0.381598741 0.0447563902 0.92324388
vn -0.382982701 0.0447710976 0.922669947
vn -0.38159433 0.0447664596 0.923245251
vn -0.922671378 0.0447853319 0.382977486
vn -0.923242509 0.0447807759 0.381599188
vn -0.922670066 0.0447903834 -0.382980108
vn -0.923243523 0.0447857939 -0.381596297
vn -0.38298133 0.0447832569 -0.922669828
vn -0.381595254 0.0447786413 -0.923244238
vn 0.908400416 0.172619492 0.380803496
vn 0.576172471 -0.576171041 -0.579700112
vn 0.908401012 0.172618717 -0.380802333
vn 0.576170325 -0.576172173 0.579701066
vn 0.380804092 0.172620386 0.90839988
vn 0.457561523 -0.021604171 0.888915479
vn -0.380804896 0.172621712 0.908399284
vn -0.372568488 0.172458395 0.911839187
vn -0.908399999 0.172622129 0.380803049
vn -0.576172471 -0.576170325 0.579700828
vn -0.908398628 0.172623068 -0.380805999
vn -0.576166987 -0.576169789 -0.579706669
vn -0.380801857 0.17262347 -0.908400297
vn -0.580333769 -0.575849175 -0.575856268
vn 0.380803943 0.172620997 -0.90839988
vn 0.579704702 -0.576173425 -0.576165378
vn 0.908401012 0.172618717 -0.380802333
vn 0.576172471 -0.576171041 -0.579700112
vn 0.302211523 -0.464502007 -0.832409799
vn 4.62099433E-06 0.382684082 -0.923879325
vn 0.302207649 0.464502245 -0.832411051
vn 7.01797535E-06 -0.38268277 -0.923879802
vn 0.30221054 -0.832409203 -0.464503765
vn 5.31330079E-06 -0.923879743 -0.382683069
vn 0.302205861 -0.832410455 0.46450457
vn 4.93003483E-07 -0.92387861 0.382685602
vn -4.62100843E-06 -0.382681668 0.923880219
vn 0.302195609 -0.464499205 0.832417071
vn 0.30219242 0.464499772 0.832417965
vn -7.01797399E-06 0.382682949 0.923879743
vn 0.302200437 0.832412243 0.464504808
vn -5.31330988E-06 0.923878789 0.382685006
vn 0.302206069 0.832410514 -0.464504182
vn -4.93027528E-07 0.923879921 -0.382682443
vn 0.302207649 0.464502245 -0.832411051
vn 4.62099433E-06 0.382684082 -0.923879325
vn 0.0447731353 -0.382977486 -0.922671974
vn 0.044778619 0.381595254 -0.923244298
vn 0.044783242 0.38298133 -0.922669828
vn 0.0447685607 -0.381599605 -0.923242986
vn 0.0447624549 -0.922670066 -0.382983446
vn 0.0447578058 -0.923245847 -0.381593853
vn 0.0447573885 -0.922671378 0.382980824
vn 0.0447527841 -0.923244953 0.381596833
vn 0.0447609462 -0.382978857 0.922671974
vn 0.0447563715 -0.381598741 0.92324388
vn 0.0447710678 0.382982582 0.922669947
vn 0.0447664447 0.38159433 0.923245251
vn 0.0447853059 0.922671378 0.382977486
vn 0.0447807573 0.923242509 0.381599277
vn 0.0447903723 0.922670066 -0.382980287
vn 0.0447857715 0.923243523 -0.381596386
vn 0.044783242 0.38298133 -0.922669828
vn 0.044778619 0.381595254 -0.923244298
vn 0.172619492 -0.908400416 0.380803406
vn -0.576166987 -0.576169789 -0.579706669
vn 0.172620639 -0.90839988 -0.380804062
vn -0.576172471 -0.576170325 0.579700828
vn 0.172619492 -0.380804211 0.908400118
vn 0.172456235 -0.372568578 0.911839724
vn 0.172620282 0.380805045 0.908399582
vn 0.17245695 0.372568548 0.911839485
vn 0.172621638 0.908400416 0.380802453
vn -0.0216018353 0.88891679 0.457559109
vn 0.172623187 0.908399582 -0.380803674
vn -0.0215983912 0.888914585 -0.45756343
vn 0.172624052 0.380803943 -0.908399284
vn -0.575850725 0.580331624 -0.575856745
vn 0.172622815 -0.380803168 -0.90839982
vn -0.575852394 -0.580331206 -0.575855613
vn 0.172620639 -0.90839988 -0.380804062
vn -0.576166987 -0.576169789 -0.579706669
vn -0.832416832 0.464510441 0.302179158
vn -0.923880756 -0.382680416 -3.49174261E-05
vn -0.832417727 -0.464508355 0.302179962
vn -0.923880041 0.382682353 -3.85392595E-05
vn -0.464500755 0.832418203 0.302190423
vn -0.382693052 0.92387557 -1.80834086E-05
vn 0.46450004 0.832405984 0.302225143
vn 0.382675916 0.923882663 1.32491168E-05
vn 0.923877776 0.382687628 3.37056335E-05
vn 0.832401395 0.464502066 0.302234828
vn 0.832401633 -0.464501977 0.302234143
vn 0.923877776 -0.382687628 3.37253878E-05
vn 0.464499921 -0.832405806 0.30222559
vn 0.382675916 -0.923882544 1.3268871E-05
vn -0.464506805 -0.832415462 0.302188307
vn -0.382690996 -0.923876345 -1.44613323E-05
vn -0.832417727 -0.464508355 0.302179962
vn -0.923880756 -0.382680416 -3.49174261E-05
vn -0.922671974 0.382977486 0.0447731204
vn -0.923244715 -0.381594241 0.0447786227
vn -0.92266947 -0.382982343 0.0447832569
vn -0.923242986 0.381599635 0.0447685607
vn -0.382983446 0.922670066 0.0447624549
vn -0.381593853 0.923245847 0.0447578058
vn 0.382980824 0.922671378 0.0447573885
vn 0.381596833 0.923244953 0.0447527841
vn 0.922671974 0.382978857 0.0447609462
vn 0.92324388 0.381598711 0.0447563641
vn 0.92266947 -0.382983685 0.0447710715
vn 0.923245609 -0.381593287 0.0447664298
vn 0.382977933 -0.922671258 0.0447826311
vn 0.38159883 -0.923242807 0.0447780639
vn -0.382980615 -0.922670066 0.0447877161
vn -0.38159591 -0.923243701 0.0447831042
vn -0.92266947 -0.382982343 0.0447832569
vn -0.923244715 -0.381594241 0.0447786227
vn 0.380806684 0.90839833 0.172622889
vn -0.372570485 0.911839724 0.172451466
vn -0.380802691 0.908401549 0.172614589
vn 0.372565478 0.91184032 0.172459379
vn 0.908399284 0.38080138 0.172629997
vn 0.576170981 0.579706132 -0.576166391
vn 0.90839833 -0.380802751 0.172631443
vn 0.576170623 -0.579705834 -0.576167226
vn 0.380804598 -0.90839833 0.172627419
vn 0.579704702 -0.576173425 -0.576165378
vn -0.380801708 -0.908401012 0.172620028
vn -0.580333769 -0.575849175 -0.575856268
vn -0.908400714 -0.380805492 0.17261371
vn -0.575852394 -0.580331206 -0.575855613
vn -0.908401549 0.380804211 0.17261143
vn -0.575850725 0.580331624 -0.575856745
vn -0.380802691 0.908401549 0.172614589
vn -0.372570485 0.911839724 0.172451466
vn -0 -0.143651217 -0.989628434
vn -0 -0.143651217 -0.989628434
vn -0 -0.143651217 -0.989628434
vn -0 -0.143651217 -0.989628434
vn -0.143651053 1.89057914E-07 -0.989628434
vn -0.143651053 1.89057914E-07 -0.989628434
vn -0.143651024 1.89057914E-07 -0.989628434
vn -0.143651053 1.89057943E-07 -0.989628434
vn -0 0.143650457 -0.989628553
vn -0 0.143650457 -0.989628553
vn -0 0.143650472 -0.989628553
vn -0 0.143650442 -0.989628553
vn 0.143651217 4.89610954E-07 -0.989628434
vn 0.143651232 4.89610954E-07 -0.989628434
vn 0.143651217 4.89610954E-07 -0.989628434
vn 0.143651217 4.89610954E-07 -0.989628434
vn -0 -1 -9.5829148E-07
vn -0 -1 -9.5829148E-07
vn -0 -1 -9.5829148E-07
vn -0 -1 -9.5829148E-07
vn 3.59141751E-07 1 1.22617644E-06
vn 3.59141779E-07 1 1.22617644E-06
vn 3.59141779E-07 1 1.22617644E-06
vn 3.59141779E-07 1 1.22617644E-06
vn 2.777833E-07 1 -5.07907203E-07
vn 2.777833E-07 1 -5.07907203E-07
vn -0 1 4.90478669E-06
vn -0 1 4.90478533E-06
vn -0 -0.989628434 0.143651217
vn -0 -0.989628434 0.143651217
vn -0 -0.989628434 0.143651217
vn -0 -0.989628434 0.143651217
vn -0.143650219 -0.989628553 -3.78114692E-07
vn -0.143650219 -0.989628553 -3.78114663E-07
vn -0.143650234 -0.989628553 -3.78114606E-07
vn -0.143650219 -0.989628553 -3.78114692E-07
vn -2.16931895E-07 -0.989628673 -0.143649355
vn -2.16931909E-07 -0.989628673 -0.143649369
vn -2.16931909E-07 -0.989628673 -0.143649369
vn -2.1693188E-07 -0.989628673 -0.14364934
vn 0.143650845 -0.989628434 -6.78668414E-07
vn 0.143650815 -0.989628434 -6.78668357E-07
vn 0.143650845 -0.989628434 -6.78668414E-07
vn 0.143650815 -0.989628434 -6.78668357E-07
vn 0.382692695 -0.923875749 8.09821286E-05
vn 0.382676214 -0.923882544 8.09827034E-05
vn -0.382677704 -0.923881948 8.01915376E-05
vn -0.382691413 -0.923876286 8.0191021E-05
vn -0.70710963 -0.707103908 6.08408845E-05
vn -0.70710963 -0.707103908 6.08408845E-05
vn 0.707107067 -0.707106411 6.23029482E-05
vn 0.707107127 -0.707106352 6.23029409E-05
vn 0.382676214 -0.923882544 8.09827034E-05
vn 0.382692695 -0.923875749 8.09821286E-05
vn 1 -1.68034535E-06 6.89165518E-07
vn 1 -1.68034512E-06 6.89165404E-07
vn 1 -1.68034535E-06 6.89165518E-07
vn 1 -1.68034512E-06 6.89165404E-07
vn 0.382676989 0.923882186 -8.0580714E-05
vn 0.707108438 0.707105041 -6.13878146E-05
vn 0.707108438 0.707105041 -6.13878146E-05
vn 0.382692128 0.923875988 -8.0580161E-05
vn -0.382680297 0.923880816 -8.13719162E-05
vn -0.38269344 0.923875332 -8.13714505E-05
vn -0.707112074 0.707101464 -6.28497073E-05
vn -0.707112074 0.707101464 -6.28497073E-05
vn -1 0 -2.06705545E-06
vn -1 0 -2.06705545E-06
vn -1 0 -2.06705545E-06
vn -1 0 -2.06705545E-06
vn 0.707103431 0.707110107 -0.000297077699
vn 0.707103431 0.707110107 -0.000297077728
vn 0.382675588 0.923882663 -0.000327367656
vn 0.382683784 0.923879325 -0.000327367568
vn -0.382674515 0.9238832 -0.000327630434
vn -0.382682264 0.923879921 -0.00032763026
vn -0.707096636 0.707116842 -0.000297565246
vn -0.707096636 0.707116842 -0.000297565246
vn 1 -4.48621631E-06 -0.000235643907
vn 1 -4.48621631E-06 -0.000235643951
vn 1 -4.48621631E-06 -0.000235643951
vn 1 -4.48621677E-06 -0.000235643922
vn 0.382669181 -0.923885405 -0.000166088415
vn 0.707101703 -0.707111776 -0.000173567736
vn 0.707101703 -0.707111776 -0.000173567707
vn 0.382688999 -0.92387718 -0.000166089565
vn -0.382661939 -0.923888445 -0.000166349811
vn -0.382689029 -0.92387718 -0.000166351398
vn -0.707093 -0.707120478 -0.00017405214
vn -0.707092941 -0.707120478 -0.00017405214
vn -1 0 -0.000236333304
vn -1 0 -0.000236333304
vn -1 0 -0.000236333304
vn -1 0 -0.000236333304
vn -6.18150734E-05 -0.707113445 -0.707100093
vn -8.07186007E-05 -0.923883975 -0.382672548
vn -6.18150661E-05 -0.707113326 -0.707100153
vn -8.07181132E-05 -0.923878312 -0.382686496
vn -8.08510376E-05 -0.923882365 0.382676631
vn -8.08504556E-05 -0.923875749 0.382692456
vn -6.20592546E-05 -0.707104385 0.707109094
vn -6.20592546E-05 -0.707104385 0.707109094
vn -0 1.68034978E-06 -1
vn -0 1.68034978E-06 -1
vn -0 1.68034978E-06 -1
vn -0 1.68034978E-06 -1
vn 8.09699195E-05 0.923882782 -0.382675469
vn 6.19346101E-05 0.707107365 -0.707106113
vn 6.19346029E-05 0.707107306 -0.707106173
vn 8.0969352E-05 0.923876286 -0.382691443
vn 8.0839578E-05 0.923882365 0.382676631
vn 8.08391123E-05 0.92387706 0.382689178
vn 6.1693805E-05 0.707106888 0.70710659
vn 6.16937905E-05 0.707106888 0.70710659
vn -0 -3.36071912E-06 1
vn -0 -3.3607198E-06 1
vn -0 -3.36071912E-06 1
vn -0 -3.3607198E-06 1
vn -0.000173570894 0.707099438 -0.7071141
vn -0.000165997466 0.923881948 -0.382677704
vn -0.000173570894 0.707099438 -0.7071141
vn -0.000165998747 0.923872709 -0.382699788
vn -0.000167867343 0.918808162 0.394704521
vn -0.000167868595 0.918798745 0.394726098
vn -0.000175322188 0.688398778 0.725332439
vn -0.000175322202 0.688398778 0.725332439
vn -0.000235644824 -2.23970255E-06 -1
vn -0.000235644839 -2.23970278E-06 -1
vn -0.000235644839 -2.23970278E-06 -1
vn -0.000235644824 -2.23970255E-06 -1
vn -0.000325296307 -0.935318708 -0.353806138
vn -0.000300174986 -0.749640048 -0.661845744
vn -0.000300174928 -0.749639928 -0.661845744
vn -0.000325296307 -0.935317457 -0.353809476
vn -0.000326515408 -0.930024505 0.367497295
vn -0.000326515379 -0.930022359 0.367502868
vn -0.000298997911 -0.729887307 0.683567405
vn -0.000298997882 -0.729887307 0.683567405
vn -0.000235644635 0 1
vn -0.000235644591 0 1
vn -0.000235644591 0 1
vn -0.000235644591 0 1
vn 8.09821286E-05 -0.923875749 -0.382692695
vn 8.09827034E-05 -0.923882544 -0.382676214
vn 8.01915376E-05 -0.923881948 0.382677704
vn 8.0191021E-05 -0.923876286 0.382691413
vn 6.08408845E-05 -0.707103908 0.70710963
vn 6.08408845E-05 -0.707103908 0.70710963
vn 6.23029482E-05 -0.707106411 -0.707107067
vn 6.23029409E-05 -0.707106352 -0.707107127
vn 8.09827034E-05 -0.923882544 -0.382676214
vn 8.09821286E-05 -0.923875749 -0.382692695
vn 6.89165518E-07 -1.68034535E-06 -1
vn 6.89165404E-07 -1.68034512E-06 -1
vn 6.89165518E-07 -1.68034535E-06 -1
vn 6.89165404E-07 -1.68034512E-06 -1
vn -8.0580714E-05 0.923882186 -0.382676989
vn -6.13878146E-05 0.707105041 -0.707108438
vn -6.13878146E-05 0.707105041 -0.707108438
vn -8.0580161E-05 0.923875988 -0.382692128
vn -8.13719162E-05 0.923880816 0.382680297
vn -8.13714505E-05 0.923875332 0.38269344
vn -6.28497073E-05 0.707101464 0.707112074
vn -6.28497073E-05 0.707101464 0.707112074
vn -2.06705545E-06 0 1
vn -2.06705545E-06 0 1
vn -2.06705545E-06 0 1
vn -2.06705545E-06 0 1
vn -0.000297077699 0.707110107 -0.707103431
vn -0.000297077728 0.707110107 -0.707103431
vn -0.000327367656 0.923882663 -0.382675588
vn -0.000327367568 0.923879325 -0.382683784
vn -0.000327630434 0.9238832 0.382674515
vn -0.00032763026 0.923879921 0.382682264
vn -0.000297565217 0.707116842 0.707096636
vn -0.000297565217 0.707116842 0.707096636
vn -0.000235643907 -4.48621631E-06 -1
vn -0.000235643951 -4.48621631E-06 -1
vn -0.000235643951 -4.48621631E-06 -1
vn -0.000235643922 -4.48621677E-06 -1
vn -0.000166088415 -0.923885405 -0.382669181
vn -0.000173567736 -0.707111776 -0.707101703
vn -0.000173567707 -0.707111776 -0.707101703
vn -0.000166089565 -0.92387718 -0.382688999
vn -0.000166349811 -0.923888445 0.382661939
vn -0.000166351398 -0.92387718 0.382689029
vn -0.00017405214 -0.707120478 0.707093
vn -0.00017405214 -0.707120478 0.707092941
vn -0.000236333304 0 1
vn -0.000236333304 0 1
vn -0.000236333304 0 1
vn -0.000236333304 0 1
vn 0.923877299 4.04636157E-05 -0.382688999
vn 0.923880935 4.04637613E-05 -0.382679969
vn 0.923880339 4.00676763E-05 0.382681519
vn 0.923877776 4.00675563E-05 0.382687569
vn 0.707103908 3.03983488E-05 0.70710963
vn 0.707103908 3.03983488E-05 0.70710963
vn 0.707106352 3.11302974E-05 -0.707107127
vn 0.707106352 3.11302974E-05 -0.707107127
vn 0.923880935 4.04637613E-05 -0.382679969
vn 0.923877299 4.04636157E-05 -0.382688999
vn 1.68034774E-06 3.44348592E-07 -1
vn 1.68034774E-06 3.44348592E-07 -1
vn 1.68034774E-06 3.44348592E-07 -1
vn 1.68034774E-06 3.44348592E-07 -1
vn -0.923880637 -4.02629048E-05 -0.382680893
vn -0.707105041 -3.06730544E-05 -0.707108438
vn -0.707104981 -3.06730471E-05 -0.707108557
vn -0.923877597 -4.02627702E-05 -0.382688344
vn -0.923879325 -4.0658244E-05 0.382684082
vn -0.923877001 -4.06581457E-05 0.382689804
vn -0.707101464 -3.14034951E-05 0.707112074
vn -0.707101464 -3.14034951E-05 0.707112074
vn -0 -1.03282537E-06 1
vn -0 -1.03282537E-06 1
vn -0 -1.03282537E-06 1
vn -0 -1.03282537E-06 1
vn -0.707110107 -0.000148437903 -0.707103431
vn -0.707110107 -0.000148437903 -0.707103431
vn -0.923881948 -0.000163572608 -0.382677704
vn -0.923880219 -0.000163572535 -0.382681638
vn -0.923882484 -0.000163703371 0.382676482
vn -0.923880756 -0.000163703342 0.382680357
vn -0.707116783 -0.00014868057 0.707096696
vn -0.707116902 -0.000148680585 0.707096696
vn 4.48727224E-06 -0.000117741904 -1
vn 4.48727224E-06 -0.000117741896 -1
vn 4.48727224E-06 -0.000117741904 -1
vn 4.48727224E-06 -0.000117741904 -1
vn 0.9238832 -8.29879427E-05 -0.382674694
vn 0.707111835 -8.67248891E-05 -0.707101703
vn 0.707111776 -8.67248818E-05 -0.707101703
vn 0.923879504 -8.29881974E-05 -0.382683456
vn 0.92388612 -8.31185462E-05 0.382667571
vn 0.923879504 -8.31190046E-05 0.382683516
vn 0.707120478 -8.69669311E-05 0.707093
vn 0.707120478 -8.69669238E-05 0.707093
vn -0 -0.000118086376 1
vn -0 -0.000118086376 1
vn -0 -0.000118086376 1
vn -0 -0.000118086369 1
vn -0.577353001 0.577352464 0.577345371
vn -0.302204311 0.832410872 0.464504778
vn -0.832410634 0.302204281 0.464505255
vn -0.302209616 0.464506954 0.832407713
vn -0.464503229 0.302205831 0.83241117
vn -0.832416832 0.464510441 0.302179158
vn -0.464500755 0.832418203 0.302190423
vn -0.30220443 -0.832410932 0.464504659
vn -0.302209824 -0.464506716 0.832407832
vn -0.577354312 -0.577352941 0.577343524
vn -0.680112422 -0.540143192 0.495673686
vn -0.832417727 -0.464508355 0.302179962
vn -0.495666176 -0.540151119 0.680111647
vn -0.464506805 -0.832415462 0.302188307
vn -0.302204818 -0.464503855 -0.83241117
vn -0.302204669 -0.832410932 -0.46450451
vn -0.577349901 -0.577350497 -0.577350497
vn -0.680113137 -0.495672196 -0.540143609
vn -0.680112123 -0.540143609 -0.495673507
vn -0.495672315 -0.680114567 -0.540141821
vn -0.495669514 -0.540145755 -0.680113494
vn 0.464499921 -0.832405806 0.30222559
vn 0.832401633 -0.464501977 0.302234143
vn 0.577343047 -0.57734704 0.57736069
vn 0.495669991 -0.540134728 0.680121839
vn 0.302195609 -0.464499205 0.832417071
vn 0.680113733 -0.540144622 0.49567017
vn 0.302205861 -0.832410455 0.46450457
vn 0.302207649 0.464502245 -0.832411051
vn 0.577349126 0.577349901 -0.577351749
vn 0.680113971 0.49566856 -0.540145993
vn 0.302206069 0.832410514 -0.464504182
vn 0.495669991 0.680112481 -0.54014647
vn 0.832410693 0.302205384 -0.46450448
vn 0.464502573 0.302206159 -0.832411349
vn -1 4.55027566E-06 -1.20121476E-05
vn -1 7.53538779E-06 -4.09303357E-06
vn -1 7.6616052E-06 -3.8114606E-06
vn -1 4.51587266E-06 -1.20278974E-05
vn -1 1.59993469E-05 2.09337168E-06
vn -1 8.66659138E-06 -4.17591127E-06
vn -1 1.60886411E-05 2.05377023E-06
vn -1 8.84430938E-06 -3.78785353E-06
vn -1 1.81696796E-05 -7.64496599E-06
vn -1 1.17718037E-05 4.44310308E-06
vn -1 1.8236753E-05 -7.44387489E-06
vn -1 1.17954942E-05 4.41783595E-06
vn -1 9.5288724E-06 -1.37121187E-05
vn -1 7.92366427E-06 -2.87894431E-06
vn -1 1.03246912E-05 -1.39081121E-05
vn -1 7.37002574E-06 -4.19581693E-06
vn -0.287219405 0.114112079 0.951043308
vn -0.282937914 -0.127133459 0.95067513
vn -0.287219465 -0.114112347 0.951043308
vn -0.282937706 0.127133697 0.95067513
vn -0.127133831 -0.282937765 0.95067513
vn -0.114112444 0.287219584 0.951043189
vn -0.114112005 -0.287219554 0.951043308
vn -0.12713325 0.282938182 0.95067513
vn 0.127133042 -0.282937676 0.950675249
vn 0.114112444 0.287219584 0.951043189
vn 0.114112228 -0.287219226 0.951043427
vn 0.12713328 0.282938182 0.95067513
vn 0.282937527 -0.12713334 0.950675249
vn 0.287219405 0.114112079 0.951043308
vn 0.287219137 -0.114112169 0.951043427
vn 0.282937706 0.127133697 0.95067513
vn -0.586742997 0.363900989 -0.723400772
vn -0.590326667 -0.181255311 -0.786550045
vn -0.586742997 -0.36390084 -0.72340095
vn -0.590326786 0.1812554 -0.786549985
vn -0.181255192 -0.590325713 -0.78655076
vn -0.36390084 0.586742938 -0.723400891
vn -0.363900751 -0.586742461 -0.723401368
vn -0.181255281 0.590326369 -0.786550224
vn 0.181255192 -0.590325713 -0.78655076
vn 0.36390084 0.586742997 -0.723400891
vn 0.363900751 -0.586742461 -0.723401368
vn 0.181255296 0.590326309 -0.786550343
vn 0.590326667 -0.181255311 -0.786550045
vn 0.586743116 0.363901109 -0.723400712
vn 0.586742997 -0.36390084 -0.72340095
vn 0.590326726 0.1812554 -0.786549985
vn 0.951043189 -0.114112169 -0.287219822
vn 0.95067513 0.127133518 -0.282937974
vn 0.951043189 0.114112578 -0.287219495
vn 0.950675011 -0.12713401 -0.282938093
vn 0.95067513 0.282937855 -0.127133623
vn 0.951043189 -0.287219614 -0.11411228
vn 0.951043308 0.287219614 -0.114111885
vn 0.950675011 -0.282938093 -0.127133623
vn 0.950675249 0.282937795 0.127133206
vn 0.951043308 -0.287219614 0.114112265
vn 0.951043427 0.287219346 0.114111975
vn 0.95067513 -0.282938033 0.127133593
vn 0.950675249 0.127133399 0.282937527
vn 0.951043308 -0.114112079 0.287219614
vn 0.951043427 0.114112385 0.287219077
vn 0.95067513 -0.127133921 0.282937825
vn -0.723401368 -0.363900572 -0.58674258
vn -0.786551058 0.181254715 -0.590325475
vn -0.723402321 0.363899499 -0.586742043
vn -0.78655076 -0.181255132 -0.590325773
vn -0.786552012 0.590324163 -0.181254953
vn -0.72340095 -0.586742818 -0.363901019
vn -0.723402798 0.586740732 -0.363900691
vn -0.786550045 -0.590326667 -0.181255341
vn -0.786552012 0.590324163 0.181254953
vn -0.72340095 -0.586742818 0.363901019
vn -0.723402739 0.586740732 0.363900661
vn -0.786550045 -0.590326667 0.181255341
vn -0.786551058 0.181254715 0.590325475
vn -0.723401368 -0.363900572 0.58674258
vn -0.723402321 0.363899529 0.586742103
vn -0.78655076 -0.181255132 0.590325773
vn 0.114112169 0.951043189 -0.287219822
vn -0.127133518 0.95067513 -0.282937974
vn -0.114112578 0.951043189 -0.287219495
vn 0.12713401 0.950675011 -0.282938093
vn -0.282937855 0.95067513 -0.127133623
vn 0.287219614 0.951043189 -0.11411228
vn -0.287219614 0.951043308 -0.114111885
vn 0.282938123 0.950675011 -0.127133623
vn -0.282937795 0.950675249 0.127133206
vn 0.287219614 0.951043308 0.114112265
vn -0.287219346 0.951043427 0.114111975
vn 0.282938033 0.95067513 0.127133593
vn -0.127133399 0.950675249 0.282937527
vn 0.114112079 0.951043308 0.287219614
vn -0.114112385 0.951043427 0.287219077
vn 0.127133921 0.95067513 0.282937825
vn 0.363900572 -0.723401368 -0.58674258
vn -0.18125473 -0.786551118 -0.590325356
vn -0.363899499 -0.723402321 -0.586742043
vn 0.181255132 -0.78655076 -0.590325713
vn -0.590324163 -0.786552012 -0.181254953
vn 0.586742818 -0.72340095 -0.363901019
vn -0.586740732 -0.723402798 -0.363900691
vn 0.590326667 -0.786550045 -0.181255341
vn -0.590324163 -0.786552012 0.181254968
vn 0.586742818 -0.72340095 0.363901019
vn -0.586740732 -0.723402739 0.363900661
vn 0.590326667 -0.786550045 0.181255341
vn -0.181254759 -0.786551058 0.590325415
vn 0.363900572 -0.723401368 0.58674258
vn -0.363899529 -0.723402321 0.586742043
vn 0.181255132 -0.78655076 0.590325713
vn -0.951043189 0.114112288 -0.287219852
vn -0.950675011 -0.127133518 -0.282938212
vn -0.951043189 -0.114112481 -0.287219793
vn -0.950675011 0.127133831 -0.282938153
vn -0.95067513 -0.282937855 -0.127133846
vn -0.951043189 0.287219852 -0.114112385
vn -0.951043308 -0.287219644 -0.114112057
vn -0.950675011 0.282938242 -0.127133667
vn -0.950675249 -0.282937735 0.127133444
vn -0.951043189 0.287219733 0.11411234
vn -0.951043427 -0.287219346 0.114112124
vn -0.950675011 0.282938123 0.127133638
vn -0.950675249 -0.127133414 0.282937735
vn -0.951043308 0.114112154 0.287219614
vn -0.951043308 -0.114112273 0.287219316
vn -0.95067513 0.127133757 0.282937914
vn 0.723401546 0.363900483 -0.586742401
vn 0.786550939 -0.181255013 -0.590325654
vn 0.723401845 -0.363900304 -0.586742282
vn 0.78655076 0.181255087 -0.590325654
vn 0.786550999 -0.590325415 -0.181255117
vn 0.723401427 0.586742401 -0.363900721
vn 0.723401904 -0.586741984 -0.363900661
vn 0.786550522 0.590326071 -0.181255206
vn 0.786550999 -0.590325415 0.181255117
vn 0.723401427 0.586742401 0.363900721
vn 0.723401904 -0.586741984 0.363900661
vn 0.786550522 0.590326071 0.181255206
vn 0.786550939 -0.181255013 0.590325654
vn 0.723401546 0.363900483 0.586742401
vn 0.723401845 -0.363900304 0.586742282
vn 0.78655076 0.181255087 0.590325654
vn -6.79540199E-06 1 1.45867998E-05
vn -6.28030057E-06 1 1.44732066E-05
vn 1.9580234E-06 1 6.23487767E-06
vn 1.8620276E-06 1 5.92920151E-06
vn -2.05158121E-05 1 4.9334385E-06
vn -6.23477217E-06 1 1.9580159E-06
vn -2.07077846E-05 1 4.32230945E-06
vn -5.92928518E-06 1 1.86207831E-06
vn -1.18581984E-05 1 -3.72406566E-06
vn -1.44732294E-05 1 1.01964488E-05
vn -1.24696153E-05 1 -3.91608091E-06
vn -1.45868162E-05 1 1.05196077E-05
vn -3.72404884E-06 1 1.18585222E-05
vn -1.21544281E-05 1 2.0708314E-05
vn -3.91606909E-06 1 1.24699736E-05
vn -1.23817636E-05 1 2.05162687E-05
vn 1 6.79540199E-06 1.45867998E-05
vn 1 6.28030057E-06 1.44732066E-05
vn 1 -1.9580234E-06 6.23487767E-06
vn 1 -1.8620276E-06 5.92920151E-06
vn 1 2.05158121E-05 4.9334385E-06
vn 1 6.23477217E-06 1.9580159E-06
vn 1 2.07077846E-05 4.32230945E-06
vn 1 5.92928518E-06 1.86207831E-06
vn 1 1.18581984E-05 -3.72406566E-06
vn 1 1.44732294E-05 1.01964488E-05
vn 1 1.24696153E-05 -3.91608091E-06
vn 1 1.45868162E-05 1.05196077E-05
vn 1 3.72404884E-06 1.18585222E-05
vn 1 1.21544281E-05 2.0708314E-05
vn 1 3.91606909E-06 1.24699736E-05
vn 1 1.23817636E-05 2.05162687E-05
vn -1.45867998E-05 6.79540199E-06 1
vn -1.44732066E-05 6.28030057E-06 1
vn -6.23487767E-06 -1.9580234E-06 1
vn -5.92920151E-06 -1.8620276E-06 1
vn -4.9334385E-06 2.05158121E-05 1
vn -1.9580159E-06 6.23477217E-06 1
vn -4.32230945E-06 2.07077846E-05 1
vn -1.86207831E-06 5.92928518E-06 1
vn 3.72406566E-06 1.18581984E-05 1
vn -1.01964488E-05 1.44732294E-05 1
vn 3.91608091E-06 1.24696153E-05 1
vn -1.05196077E-05 1.45868162E-05 1
vn -1.18585222E-05 3.72404884E-06 1
vn -2.0708314E-05 1.21544281E-05 1
vn -1.24699736E-05 3.91606909E-06 1
vn -2.05162687E-05 1.23817636E-05 1
g P_T_PlusUp_0
f 3/3/3 2/2/2 1/1/1
f 6/6/6 5/5/5 4/4/4
f 9/9/9 8/8/8 7/7/7
f 12/12/12 11/11/11 10/10/10
f 15/15/15 14/14/14 13/13/13
f 18/18/18 17/17/17 16/16/16
f 21/21/21 20/20/20 19/19/19
f 24/24/24 23/23/23 22/22/22
f 27/27/27 26/26/26 25/25/25
f 30/30/30 29/29/29 28/28/28
f 33/33/33 32/32/32 31/31/31
f 36/36/36 35/35/35 34/34/34
f 39/39/39 38/38/38 37/37/37
f 42/42/42 41/41/41 40/40/40
f 45/45/45 44/44/44 43/43/43
f 48/48/48 47/47/47 46/46/46
f 51/51/51 50/50/50 49/49/49
f 50/50/50 52/52/52 49/49/49
f 53/53/53 49/49/49 52/52/52
f 54/54/54 53/53/53 52/52/52
f 53/53/53 54/54/54 55/55/55
f 54/54/54 56/56/56 55/55/55
f 56/56/56 57/57/57 55/55/55
f 57/57/57 58/58/58 55/55/55
f 58/58/58 57/57/57 59/59/59
f 57/57/57 60/60/60 59/59/59
f 61/61/61 59/59/59 60/60/60
f 62/62/62 61/61/61 60/60/60
f 61/61/61 62/62/62 63/63/63
f 62/62/62 64/64/64 63/63/63
f 65/65/65 63/63/63 64/64/64
f 66/66/66 65/65/65 64/64/64
f 69/69/69 68/68/68 67/67/67
f 70/70/70 69/69/69 67/67/67
f 73/73/73 72/72/72 71/71/71
f 74/74/74 73/73/73 71/71/71
f 77/77/77 76/76/76 75/75/75
f 78/78/78 77/77/77 75/75/75
f 81/81/81 80/80/80 79/79/79
f 82/82/82 81/81/81 79/79/79
f 85/85/85 84/84/84 83/83/83
f 86/86/86 85/85/85 83/83/83
f 89/89/89 88/88/88 87/87/87
f 90/90/90 89/89/89 87/87/87
f 93/93/93 92/92/92 91/91/91
f 94/94/94 93/93/93 91/91/91
f 97/97/97 96/96/96 95/95/95
f 98/98/98 97/97/97 95/95/95
f 101/101/101 100/100/100 99/99/99
f 102/102/102 101/101/101 99/99/99
f 99/99/99 103/103/103 102/102/102
f 103/103/103 104/104/104 102/102/102
f 103/103/103 99/99/99 105/105/105
f 106/106/106 104/104/104 103/103/103
f 107/107/107 103/103/103 105/105/105
f 103/103/103 107/107/107 106/106/106
f 110/110/110 109/109/109 108/108/108
f 111/111/111 110/110/110 108/108/108
f 114/114/114 113/113/113 112/112/112
f 115/115/115 114/114/114 112/112/112
f 115/115/115 112/112/112 116/116/116
f 116/116/116 117/117/117 115/115/115
f 116/116/116 112/112/112 118/118/118
f 117/117/117 116/116/116 119/119/119
f 120/120/120 116/116/116 118/118/118
f 120/120/120 119/119/119 116/116/116
f 123/123/123 122/122/122 121/121/121
f 124/124/124 123/123/123 121/121/121
f 121/121/121 125/125/125 124/124/124
f 126/126/126 124/124/124 125/125/125
f 125/125/125 121/121/121 127/127/127
f 128/128/128 126/126/126 125/125/125
f 129/129/129 125/125/125 127/127/127
f 125/125/125 129/129/129 128/128/128
f 132/132/132 131/131/131 130/130/130
f 131/131/131 133/133/133 130/130/130
f 130/130/130 133/133/133 134/134/134
f 133/133/133 135/135/135 134/134/134
f 134/134/134 135/135/135 136/136/136
f 135/135/135 137/137/137 136/136/136
f 136/136/136 137/137/137 138/138/138
f 137/137/137 139/139/139 138/138/138
f 138/138/138 139/139/139 140/140/140
f 139/139/139 141/141/141 140/140/140
f 140/140/140 141/141/141 142/142/142
f 141/141/141 143/143/143 142/142/142
f 142/142/142 143/143/143 144/144/144
f 143/143/143 145/145/145 144/144/144
f 144/144/144 145/145/145 146/146/146
f 145/145/145 147/147/147 146/146/146
f 150/150/150 149/149/149 148/148/148
f 149/149/149 151/151/151 148/148/148
f 148/148/148 151/151/151 152/152/152
f 151/151/151 153/153/153 152/152/152
f 152/152/152 153/153/153 154/154/154
f 153/153/153 155/155/155 154/154/154
f 154/154/154 155/155/155 156/156/156
f 155/155/155 157/157/157 156/156/156
f 156/156/156 157/157/157 158/158/158
f 157/157/157 159/159/159 158/158/158
f 158/158/158 159/159/159 160/160/160
f 159/159/159 161/161/161 160/160/160
f 160/160/160 161/161/161 162/162/162
f 161/161/161 163/163/163 162/162/162
f 162/162/162 163/163/163 164/164/164
f 163/163/163 165/165/165 164/164/164
f 168/168/168 167/167/167 166/166/166
f 169/169/169 168/168/168 166/166/166
f 172/172/172 171/171/171 170/170/170
f 171/171/171 173/173/173 170/170/170
f 173/173/173 174/174/174 170/170/170
f 174/174/174 175/175/175 170/170/170
f 176/176/176 175/175/175 174/174/174
f 177/177/177 176/176/176 174/174/174
f 180/180/180 179/179/179 178/178/178
f 179/179/179 181/181/181 178/178/178
f 182/182/182 178/178/178 181/181/181
f 183/183/183 182/182/182 181/181/181
f 182/182/182 183/183/183 184/184/184
f 183/183/183 185/185/185 184/184/184
f 185/185/185 186/186/186 184/184/184
f 186/186/186 187/187/187 184/184/184
f 187/187/187 186/186/186 188/188/188
f 186/186/186 189/189/189 188/188/188
f 190/190/190 188/188/188 189/189/189
f 191/191/191 190/190/190 189/189/189
f 190/190/190 191/191/191 192/192/192
f 191/191/191 193/193/193 192/192/192
f 194/194/194 192/192/192 193/193/193
f 195/195/195 194/194/194 193/193/193
f 198/198/198 197/197/197 196/196/196
f 197/197/197 199/199/199 196/196/196
f 196/196/196 199/199/199 200/200/200
f 199/199/199 201/201/201 200/200/200
f 200/200/200 201/201/201 202/202/202
f 201/201/201 203/203/203 202/202/202
f 202/202/202 203/203/203 204/204/204
f 203/203/203 205/205/205 204/204/204
f 204/204/204 205/205/205 206/206/206
f 205/205/205 207/207/207 206/206/206
f 206/206/206 207/207/207 208/208/208
f 207/207/207 209/209/209 208/208/208
f 208/208/208 209/209/209 210/210/210
f 209/209/209 211/211/211 210/210/210
f 210/210/210 211/211/211 212/212/212
f 211/211/211 213/213/213 212/212/212
f 216/216/216 215/215/215 214/214/214
f 215/215/215 217/217/217 214/214/214
f 214/214/214 217/217/217 218/218/218
f 217/217/217 219/219/219 218/218/218
f 218/218/218 219/219/219 220/220/220
f 219/219/219 221/221/221 220/220/220
f 220/220/220 221/221/221 222/222/222
f 221/221/221 223/223/223 222/222/222
f 222/222/222 223/223/223 224/224/224
f 223/223/223 225/225/225 224/224/224
f 224/224/224 225/225/225 226/226/226
f 225/225/225 227/227/227 226/226/226
f 226/226/226 227/227/227 228/228/228
f 227/227/227 229/229/229 228/228/228
f 228/228/228 229/229/229 230/230/230
f 229/229/229 231/231/231 230/230/230
f 234/234/234 233/233/233 232/232/232
f 233/233/233 235/235/235 232/232/232
f 236/236/236 232/232/232 235/235/235
f 237/237/237 236/236/236 235/235/235
f 236/236/236 237/237/237 238/238/238
f 237/237/237 239/239/239 238/238/238
f 239/239/239 240/240/240 238/238/238
f 240/240/240 241/241/241 238/238/238
f 241/241/241 240/240/240 242/242/242
f 240/240/240 243/243/243 242/242/242
f 244/244/244 242/242/242 243/243/243
f 245/245/245 244/244/244 243/243/243
f 244/244/244 245/245/245 246/246/246
f 245/245/245 247/247/247 246/246/246
f 248/248/248 246/246/246 247/247/247
f 249/249/249 248/248/248 247/247/247
f 252/252/252 251/251/251 250/250/250
f 251/251/251 253/253/253 250/250/250
f 250/250/250 253/253/253 254/254/254
f 253/253/253 255/255/255 254/254/254
f 254/254/254 255/255/255 256/256/256
f 255/255/255 257/257/257 256/256/256
f 256/256/256 257/257/257 258/258/258
f 257/257/257 259/259/259 258/258/258
f 258/258/258 259/259/259 260/260/260
f 259/259/259 261/261/261 260/260/260
f 260/260/260 261/261/261 262/262/262
f 261/261/261 263/263/263 262/262/262
f 262/262/262 263/263/263 264/264/264
f 263/263/263 265/265/265 264/264/264
f 264/264/264 265/265/265 266/266/266
f 265/265/265 267/267/267 266/266/266
f 270/270/270 269/269/269 268/268/268
f 269/269/269 271/271/271 268/268/268
f 268/268/268 271/271/271 272/272/272
f 271/271/271 273/273/273 272/272/272
f 272/272/272 273/273/273 274/274/274
f 273/273/273 275/275/275 274/274/274
f 274/274/274 275/275/275 276/276/276
f 275/275/275 277/277/277 276/276/276
f 276/276/276 277/277/277 278/278/278
f 277/277/277 279/279/279 278/278/278
f 278/278/278 279/279/279 280/280/280
f 279/279/279 281/281/281 280/280/280
f 280/280/280 281/281/281 282/282/282
f 281/281/281 283/283/283 282/282/282
f 282/282/282 283/283/283 284/284/284
f 283/283/283 285/285/285 284/284/284
f 288/288/288 287/287/287 286/286/286
f 287/287/287 289/289/289 286/286/286
f 290/290/290 286/286/286 289/289/289
f 291/291/291 290/290/290 289/289/289
f 290/290/290 291/291/291 292/292/292
f 291/291/291 293/293/293 292/292/292
f 293/293/293 294/294/294 292/292/292
f 294/294/294 295/295/295 292/292/292
f 295/295/295 294/294/294 296/296/296
f 294/294/294 297/297/297 296/296/296
f 298/298/298 296/296/296 297/297/297
f 299/299/299 298/298/298 297/297/297
f 298/298/298 299/299/299 300/300/300
f 299/299/299 301/301/301 300/300/300
f 302/302/302 300/300/300 301/301/301
f 303/303/303 302/302/302 301/301/301
f 306/306/306 305/305/305 304/304/304
f 305/305/305 307/307/307 304/304/304
f 304/304/304 307/307/307 308/308/308
f 307/307/307 309/309/309 308/308/308
f 308/308/308 309/309/309 310/310/310
f 309/309/309 311/311/311 310/310/310
f 310/310/310 311/311/311 312/312/312
f 311/311/311 313/313/313 312/312/312
f 312/312/312 313/313/313 314/314/314
f 313/313/313 315/315/315 314/314/314
f 314/314/314 315/315/315 316/316/316
f 315/315/315 317/317/317 316/316/316
f 316/316/316 317/317/317 318/318/318
f 317/317/317 319/319/319 318/318/318
f 318/318/318 319/319/319 320/320/320
f 319/319/319 321/321/321 320/320/320
f 324/324/324 323/323/323 322/322/322
f 323/323/323 325/325/325 322/322/322
f 322/322/322 325/325/325 326/326/326
f 325/325/325 327/327/327 326/326/326
f 326/326/326 327/327/327 328/328/328
f 327/327/327 329/329/329 328/328/328
f 328/328/328 329/329/329 330/330/330
f 329/329/329 331/331/331 330/330/330
f 330/330/330 331/331/331 332/332/332
f 331/331/331 333/333/333 332/332/332
f 332/332/332 333/333/333 334/334/334
f 333/333/333 335/335/335 334/334/334
f 334/334/334 335/335/335 336/336/336
f 335/335/335 337/337/337 336/336/336
f 336/336/336 337/337/337 338/338/338
f 337/337/337 339/339/339 338/338/338
f 342/342/342 341/341/341 340/340/340
f 343/343/343 342/342/342 340/340/340
f 346/346/346 345/345/345 344/344/344
f 347/347/347 346/346/346 344/344/344
f 350/350/350 349/349/349 348/348/348
f 351/351/351 350/350/350 348/348/348
f 354/354/354 353/353/353 352/352/352
f 355/355/355 354/354/354 352/352/352
f 358/358/358 357/357/357 356/356/356
f 359/359/359 358/358/358 356/356/356
f 362/362/362 361/361/361 360/360/360
f 361/361/361 363/363/363 360/360/360
f 363/363/363 364/364/364 360/360/360
f 364/364/364 365/365/365 360/360/360
f 366/366/366 365/365/365 364/364/364
f 367/367/367 366/366/366 364/364/364
f 370/370/370 369/369/369 368/368/368
f 371/371/371 370/370/370 368/368/368
f 374/374/374 373/373/373 372/372/372
f 375/375/375 374/374/374 372/372/372
f 378/378/378 377/377/377 376/376/376
f 379/379/379 378/378/378 376/376/376
f 382/382/382 381/381/381 380/380/380
f 383/383/383 382/382/382 380/380/380
f 386/386/386 385/385/385 384/384/384
f 387/387/387 386/386/386 384/384/384
f 388/388/388 386/386/386 387/387/387
f 389/389/389 388/388/388 387/387/387
f 392/392/392 391/391/391 390/390/390
f 393/393/393 392/392/392 390/390/390
f 396/396/396 395/395/395 394/394/394
f 397/397/397 396/396/396 394/394/394
f 400/400/400 399/399/399 398/398/398
f 399/399/399 401/401/401 398/398/398
f 398/398/398 401/401/401 402/402/402
f 401/401/401 403/403/403 402/402/402
f 402/402/402 403/403/403 404/404/404
f 403/403/403 405/405/405 404/404/404
f 408/408/408 407/407/407 406/406/406
f 409/409/409 408/408/408 406/406/406
f 412/412/412 411/411/411 410/410/410
f 413/413/413 412/412/412 410/410/410
f 414/414/414 412/412/412 413/413/413
f 415/415/415 414/414/414 413/413/413
f 416/416/416 414/414/414 415/415/415
f 417/417/417 416/416/416 415/415/415
f 420/420/420 419/419/419 418/418/418
f 421/421/421 420/420/420 418/418/418
f 424/424/424 423/423/423 422/422/422
f 423/423/423 425/425/425 422/422/422
f 422/422/422 425/425/425 426/426/426
f 425/425/425 427/427/427 426/426/426
f 426/426/426 427/427/427 428/428/428
f 427/427/427 429/429/429 428/428/428
f 432/432/432 431/431/431 430/430/430
f 433/433/433 432/432/432 430/430/430
f 436/436/436 435/435/435 434/434/434
f 435/435/435 437/437/437 434/434/434
f 435/435/435 438/438/438 437/437/437
f 438/438/438 439/439/439 437/437/437
f 438/438/438 440/440/440 439/439/439
f 440/440/440 441/441/441 439/439/439
f 444/444/444 443/443/443 442/442/442
f 445/445/445 444/444/444 442/442/442
f 448/448/448 447/447/447 446/446/446
f 449/449/449 448/448/448 446/446/446
f 449/449/449 446/446/446 450/450/450
f 451/451/451 449/449/449 450/450/450
f 451/451/451 450/450/450 452/452/452
f 453/453/453 451/451/451 452/452/452
f 456/456/456 455/455/455 454/454/454
f 457/457/457 456/456/456 454/454/454
f 460/460/460 459/459/459 458/458/458
f 459/459/459 461/461/461 458/458/458
f 459/459/459 462/462/462 461/461/461
f 462/462/462 463/463/463 461/461/461
f 462/462/462 464/464/464 463/463/463
f 464/464/464 465/465/465 463/463/463
f 468/468/468 467/467/467 466/466/466
f 469/469/469 468/468/468 466/466/466
f 472/472/472 471/471/471 470/470/470
f 473/473/473 472/472/472 470/470/470
f 473/473/473 470/470/470 474/474/474
f 475/475/475 473/473/473 474/474/474
f 475/475/475 474/474/474 476/476/476
f 477/477/477 475/475/475 476/476/476
f 480/480/480 479/479/479 478/478/478
f 481/481/481 480/480/480 478/478/478
f 484/484/484 483/483/483 482/482/482
f 485/485/485 484/484/484 482/482/482
f 486/486/486 484/484/484 485/485/485
f 487/487/487 486/486/486 485/485/485
f 490/490/490 489/489/489 488/488/488
f 491/491/491 490/490/490 488/488/488
f 494/494/494 493/493/493 492/492/492
f 495/495/495 494/494/494 492/492/492
f 498/498/498 497/497/497 496/496/496
f 497/497/497 499/499/499 496/496/496
f 496/496/496 499/499/499 500/500/500
f 499/499/499 501/501/501 500/500/500
f 500/500/500 501/501/501 502/502/502
f 501/501/501 503/503/503 502/502/502
f 506/506/506 505/505/505 504/504/504
f 507/507/507 506/506/506 504/504/504
f 510/510/510 509/509/509 508/508/508
f 511/511/511 510/510/510 508/508/508
f 512/512/512 510/510/510 511/511/511
f 513/513/513 512/512/512 511/511/511
f 514/514/514 512/512/512 513/513/513
f 515/515/515 514/514/514 513/513/513
f 518/518/518 517/517/517 516/516/516
f 519/519/519 518/518/518 516/516/516
f 522/522/522 521/521/521 520/520/520
f 521/521/521 523/523/523 520/520/520
f 520/520/520 523/523/523 524/524/524
f 523/523/523 525/525/525 524/524/524
f 524/524/524 525/525/525 526/526/526
f 525/525/525 527/527/527 526/526/526
f 530/530/530 529/529/529 528/528/528
f 531/531/531 530/530/530 528/528/528
f 534/534/534 533/533/533 532/532/532
f 535/535/535 534/534/534 532/532/532
f 536/536/536 534/534/534 535/535/535
f 537/537/537 536/536/536 535/535/535
f 540/540/540 539/539/539 538/538/538
f 541/541/541 540/540/540 538/538/538
f 544/544/544 543/543/543 542/542/542
f 545/545/545 544/544/544 542/542/542
f 548/548/548 547/547/547 546/546/546
f 547/547/547 549/549/549 546/546/546
f 546/546/546 549/549/549 550/550/550
f 549/549/549 551/551/551 550/550/550
f 550/550/550 551/551/551 552/552/552
f 551/551/551 553/553/553 552/552/552
f 556/556/556 555/555/555 554/554/554
f 557/557/557 556/556/556 554/554/554
f 560/560/560 559/559/559 558/558/558
f 561/561/561 560/560/560 558/558/558
f 562/562/562 560/560/560 561/561/561
f 563/563/563 562/562/562 561/561/561
f 564/564/564 562/562/562 563/563/563
f 565/565/565 564/564/564 563/563/563
f 568/568/568 567/567/567 566/566/566
f 569/569/569 568/568/568 566/566/566
f 572/572/572 571/571/571 570/570/570
f 571/571/571 573/573/573 570/570/570
f 570/570/570 573/573/573 574/574/574
f 573/573/573 575/575/575 574/574/574
f 574/574/574 575/575/575 576/576/576
f 575/575/575 577/577/577 576/576/576
f 580/580/580 579/579/579 578/578/578
f 581/581/581 580/580/580 578/578/578
f 584/584/584 583/583/583 582/582/582
f 582/582/582 583/583/583 585/585/585
f 582/582/582 586/586/586 584/584/584
f 587/587/587 582/582/582 585/585/585
f 586/586/586 582/582/582 588/588/588
f 587/587/587 588/588/588 582/582/582
f 591/591/591 590/590/590 589/589/589
f 589/589/589 592/592/592 591/591/591
f 590/590/590 591/591/591 593/593/593
f 591/591/591 592/592/592 594/594/594
f 591/591/591 595/595/595 593/593/593
f 591/591/591 594/594/594 595/595/595
f 598/598/598 597/597/597 596/596/596
f 599/599/599 598/598/598 596/596/596
f 597/597/597 598/598/598 600/600/600
f 598/598/598 599/599/599 601/601/601
f 598/598/598 602/602/602 600/600/600
f 601/601/601 602/602/602 598/598/598
f 605/605/605 604/604/604 603/603/603
f 605/605/605 603/603/603 606/606/606
f 607/607/607 604/604/604 605/605/605
f 605/605/605 606/606/606 608/608/608
f 605/605/605 609/609/609 607/607/607
f 609/609/609 605/605/605 608/608/608
f 612/612/612 611/611/611 610/610/610
f 611/611/611 613/613/613 610/610/610
f 611/611/611 612/612/612 614/614/614
f 615/615/615 613/613/613 611/611/611
f 616/616/616 611/611/611 614/614/614
f 611/611/611 616/616/616 615/615/615
f 619/619/619 618/618/618 617/617/617
f 618/618/618 620/620/620 617/617/617
f 621/621/621 618/618/618 619/619/619
f 617/617/617 620/620/620 622/622/622
f 623/623/623 621/621/621 619/619/619
f 620/620/620 624/624/624 622/622/622
f 625/625/625 621/621/621 623/623/623
f 622/622/622 624/624/624 626/626/626
f 627/627/627 625/625/625 623/623/623
f 624/624/624 628/628/628 626/626/626
f 629/629/629 625/625/625 627/627/627
f 626/626/626 628/628/628 630/630/630
f 631/631/631 629/629/629 627/627/627
f 628/628/628 632/632/632 630/630/630
f 632/632/632 629/629/629 631/631/631
f 630/630/630 632/632/632 631/631/631
f 635/635/635 634/634/634 633/633/633
f 634/634/634 636/636/636 633/633/633
f 637/637/637 634/634/634 635/635/635
f 633/633/633 636/636/636 638/638/638
f 639/639/639 637/637/637 635/635/635
f 636/636/636 640/640/640 638/638/638
f 641/641/641 637/637/637 639/639/639
f 638/638/638 640/640/640 642/642/642
f 643/643/643 641/641/641 639/639/639
f 640/640/640 644/644/644 642/642/642
f 645/645/645 641/641/641 643/643/643
f 642/642/642 644/644/644 646/646/646
f 647/647/647 645/645/645 643/643/643
f 644/644/644 648/648/648 646/646/646
f 648/648/648 645/645/645 647/647/647
f 646/646/646 648/648/648 647/647/647
f 651/651/651 650/650/650 649/649/649
f 650/650/650 652/652/652 649/649/649
f 653/653/653 650/650/650 651/651/651
f 649/649/649 652/652/652 654/654/654
f 655/655/655 653/653/653 651/651/651
f 652/652/652 656/656/656 654/654/654
f 657/657/657 653/653/653 655/655/655
f 654/654/654 656/656/656 658/658/658
f 659/659/659 657/657/657 655/655/655
f 656/656/656 660/660/660 658/658/658
f 661/661/661 657/657/657 659/659/659
f 658/658/658 660/660/660 662/662/662
f 663/663/663 661/661/661 659/659/659
f 660/660/660 664/664/664 662/662/662
f 664/664/664 661/661/661 663/663/663
f 662/662/662 664/664/664 663/663/663
f 667/667/667 666/666/666 665/665/665
f 666/666/666 668/668/668 665/665/665
f 669/669/669 666/666/666 667/667/667
f 665/665/665 668/668/668 670/670/670
f 671/671/671 669/669/669 667/667/667
f 668/668/668 672/672/672 670/670/670
f 673/673/673 669/669/669 671/671/671
f 670/670/670 672/672/672 674/674/674
f 675/675/675 673/673/673 671/671/671
f 672/672/672 676/676/676 674/674/674
f 677/677/677 673/673/673 675/675/675
f 674/674/674 676/676/676 678/678/678
f 679/679/679 677/677/677 675/675/675
f 676/676/676 680/680/680 678/678/678
f 680/680/680 677/677/677 679/679/679
f 678/678/678 680/680/680 679/679/679
f 683/683/683 682/682/682 681/681/681
f 682/682/682 684/684/684 681/681/681
f 685/685/685 682/682/682 683/683/683
f 681/681/681 684/684/684 686/686/686
f 687/687/687 685/685/685 683/683/683
f 684/684/684 688/688/688 686/686/686
f 689/689/689 685/685/685 687/687/687
f 686/686/686 688/688/688 690/690/690
f 691/691/691 689/689/689 687/687/687
f 688/688/688 692/692/692 690/690/690
f 693/693/693 689/689/689 691/691/691
f 690/690/690 692/692/692 694/694/694
f 695/695/695 693/693/693 691/691/691
f 692/692/692 696/696/696 694/694/694
f 696/696/696 693/693/693 695/695/695
f 694/694/694 696/696/696 695/695/695
f 699/699/699 698/698/698 697/697/697
f 698/698/698 700/700/700 697/697/697
f 701/701/701 698/698/698 699/699/699
f 697/697/697 700/700/700 702/702/702
f 703/703/703 701/701/701 699/699/699
f 700/700/700 704/704/704 702/702/702
f 705/705/705 701/701/701 703/703/703
f 702/702/702 704/704/704 706/706/706
f 707/707/707 705/705/705 703/703/703
f 704/704/704 708/708/708 706/706/706
f 709/709/709 705/705/705 707/707/707
f 706/706/706 708/708/708 710/710/710
f 711/711/711 709/709/709 707/707/707
f 708/708/708 712/712/712 710/710/710
f 712/712/712 709/709/709 711/711/711
f 710/710/710 712/712/712 711/711/711
f 715/715/715 714/714/714 713/713/713
f 714/714/714 716/716/716 713/713/713
f 717/717/717 714/714/714 715/715/715
f 713/713/713 716/716/716 718/718/718
f 719/719/719 717/717/717 715/715/715
f 716/716/716 720/720/720 718/718/718
f 721/721/721 717/717/717 719/719/719
f 718/718/718 720/720/720 722/722/722
f 723/723/723 721/721/721 719/719/719
f 720/720/720 724/724/724 722/722/722
f 725/725/725 721/721/721 723/723/723
f 722/722/722 724/724/724 726/726/726
f 727/727/727 725/725/725 723/723/723
f 724/724/724 728/728/728 726/726/726
f 728/728/728 725/725/725 727/727/727
f 726/726/726 728/728/728 727/727/727
f 731/731/731 730/730/730 729/729/729
f 730/730/730 732/732/732 729/729/729
f 733/733/733 730/730/730 731/731/731
f 729/729/729 732/732/732 734/734/734
f 735/735/735 733/733/733 731/731/731
f 732/732/732 736/736/736 734/734/734
f 737/737/737 733/733/733 735/735/735
f 734/734/734 736/736/736 738/738/738
f 739/739/739 737/737/737 735/735/735
f 736/736/736 740/740/740 738/738/738
f 741/741/741 737/737/737 739/739/739
f 738/738/738 740/740/740 742/742/742
f 743/743/743 741/741/741 739/739/739
f 740/740/740 744/744/744 742/742/742
f 744/744/744 741/741/741 743/743/743
f 742/742/742 744/744/744 743/743/743
f 747/747/747 746/746/746 745/745/745
f 746/746/746 748/748/748 745/745/745
f 749/749/749 746/746/746 747/747/747
f 745/745/745 748/748/748 750/750/750
f 751/751/751 749/749/749 747/747/747
f 748/748/748 752/752/752 750/750/750
f 753/753/753 749/749/749 751/751/751
f 750/750/750 752/752/752 754/754/754
f 755/755/755 753/753/753 751/751/751
f 752/752/752 756/756/756 754/754/754
f 757/757/757 753/753/753 755/755/755
f 754/754/754 756/756/756 758/758/758
f 759/759/759 757/757/757 755/755/755
f 756/756/756 760/760/760 758/758/758
f 760/760/760 757/757/757 759/759/759
f 758/758/758 760/760/760 759/759/759
f 763/763/763 762/762/762 761/761/761
f 764/764/764 763/763/763 761/761/761
f 761/761/761 762/762/762 765/765/765
f 766/766/766 763/763/763 764/764/764
f 762/762/762 767/767/767 765/765/765
f 768/768/768 766/766/766 764/764/764
f 765/765/765 767/767/767 769/769/769
f 770/770/770 766/766/766 768/768/768
f 767/767/767 771/771/771 769/769/769
f 772/772/772 770/770/770 768/768/768
f 769/769/769 771/771/771 773/773/773
f 774/774/774 770/770/770 772/772/772
f 771/771/771 775/775/775 773/773/773
f 776/776/776 774/774/774 772/772/772
f 773/773/773 775/775/775 776/776/776
f 775/775/775 774/774/774 776/776/776
f 779/779/779 778/778/778 777/777/777
f 780/780/780 779/779/779 777/777/777
f 777/777/777 778/778/778 781/781/781
f 782/782/782 779/779/779 780/780/780
f 778/778/778 783/783/783 781/781/781
f 784/784/784 782/782/782 780/780/780
f 781/781/781 783/783/783 785/785/785
f 786/786/786 782/782/782 784/784/784
f 783/783/783 787/787/787 785/785/785
f 788/788/788 786/786/786 784/784/784
f 785/785/785 787/787/787 789/789/789
f 790/790/790 786/786/786 788/788/788
f 787/787/787 791/791/791 789/789/789
f 792/792/792 790/790/790 788/788/788
f 789/789/789 791/791/791 792/792/792
f 791/791/791 790/790/790 792/792/792
f 795/795/795 794/794/794 793/793/793
f 796/796/796 795/795/795 793/793/793
f 793/793/793 794/794/794 797/797/797
f 798/798/798 795/795/795 796/796/796
f 794/794/794 799/799/799 797/797/797
f 800/800/800 798/798/798 796/796/796
f 797/797/797 799/799/799 801/801/801
f 802/802/802 798/798/798 800/800/800
f 799/799/799 803/803/803 801/801/801
f 804/804/804 802/802/802 800/800/800
f 801/801/801 803/803/803 805/805/805
f 806/806/806 802/802/802 804/804/804
f 803/803/803 807/807/807 805/805/805
f 808/808/808 806/806/806 804/804/804
f 805/805/805 807/807/807 808/808/808
f 807/807/807 806/806/806 808/808/808
