g P_Cross_PlusUp
v 0.0871518999 -0.329515308 0.0882042125
v 0.0476419069 -0.369025499 0.0882039219
v 0.0871526673 -0.36902529 0.0486943051
v 0.0476419069 -0.194620401 0.0882040188
v 0.0871518999 -0.234130412 0.0882042125
v 0.0871526673 -0.194620371 0.0486942194
v -0.0872531459 -0.234130278 0.0882040188
v -0.0477429666 -0.194620401 0.0882041156
v -0.0872523785 -0.194620192 0.0486942194
v -0.0477429666 -0.369025499 0.0882039219
v -0.0872531459 -0.329515219 0.0882040188
v -0.0872523785 -0.36902529 0.0486941151
v -0.0872531459 -0.329515159 -0.0862011313
v -0.0477427766 -0.36902529 -0.0862011313
v -0.0872523785 -0.36902529 -0.0466908552
v -0.0477429666 -0.194620341 -0.0862011313
v -0.0872531459 -0.234130278 -0.0862011313
v -0.0872523785 -0.194620237 -0.046690654
v 0.0871521011 -0.234130412 -0.0862009376
v 0.0476421006 -0.194620237 -0.0862011313
v 0.0871526673 -0.194620475 -0.0466905572
v 0.0476421006 -0.36902529 -0.0862011313
v 0.0871521011 -0.329515308 -0.0862009376
v 0.0871526673 -0.369025379 -0.046690464
v -0.0762265027 -0.143397942 -0.111498371
v -0.0506053902 -0.134406179 -0.0495536588
v -0.112550057 -0.143397942 -0.075174965
v -0.112550057 -0.143397883 0.0771781355
v -0.0506053902 -0.134406224 0.0515568331
v -0.0762265027 -0.143397927 0.113501601
v 0.0761264041 -0.143397927 0.113501601
v 0.0505051017 -0.134406224 0.0515568331
v 0.11244978 -0.143397927 0.0771781355
v 0.11245016 -0.143397942 -0.075174965
v 0.0505051017 -0.134406179 -0.0495536588
v 0.0761264041 -0.143397883 -0.11149843
v -0.0762263015 -0.420247823 0.113501601
v -0.0506051965 -0.429239541 0.0515568331
v -0.112550057 -0.420247823 0.0771781355
v -0.112550057 -0.420247823 -0.0751749575
v -0.0506051965 -0.429239452 -0.0495536588
v -0.0762263015 -0.420247883 -0.111498371
v 0.0761264041 -0.420247883 -0.11149843
v 0.0505052991 -0.429239452 -0.0495536588
v 0.112449966 -0.420247793 -0.0751748607
v 0.11245016 -0.420247823 0.0771781355
v 0.0505052991 -0.429239541 0.0515568331
v 0.0761264041 -0.420247823 0.113501601
v -0.138475031 -0.205646351 -0.11149843
v -0.169236526 -0.357999384 -0.11149843
v -0.138475031 -0.357999384 -0.11149843
v -0.169236526 -0.205646351 -0.11149843
v -0.138475031 -0.169322848 -0.075174965
v -0.169236526 -0.169322848 -0.075174965
v -0.138475031 -0.169322848 0.0771781355
v -0.169236526 -0.169322848 0.0771781355
v -0.169236526 -0.205646351 0.113501601
v -0.138475031 -0.205646351 0.113501601
v -0.138475031 -0.357999325 0.113501601
v -0.169236526 -0.357999325 0.113501601
v -0.138475031 -0.394322872 0.0771781355
v -0.169236526 -0.394322872 0.0771781355
v -0.138475031 -0.394322872 -0.0751749575
v -0.169236526 -0.394322872 -0.0751749575
v -0.138475031 -0.357999384 -0.11149843
v -0.169236526 -0.357999384 -0.11149843
v -0.112550057 -0.420247823 0.0771781355
v -0.112550057 -0.420247823 -0.0751749575
v -0.138475031 -0.394322872 -0.0751749575
v -0.138475031 -0.394322872 0.0771781355
v -0.0762263015 -0.420247883 -0.111498371
v 0.0761264041 -0.420247883 -0.11149843
v 0.0761256367 -0.394322813 -0.137423739
v -0.0762274712 -0.394322813 -0.137423739
v 0.112449966 -0.420247793 -0.0751748607
v 0.11245016 -0.420247823 0.0771781355
v 0.13837494 -0.394322783 0.0771783218
v 0.13837494 -0.394322783 -0.0751747712
v 0.0761264041 -0.420247823 0.113501601
v -0.0762263015 -0.420247823 0.113501601
v -0.0762276649 -0.394322872 0.139426261
v 0.0761252418 -0.394322872 0.139426261
v -0.0762265027 -0.143397927 0.113501601
v 0.0761264041 -0.143397927 0.113501601
v 0.0761252418 -0.169322848 0.139426261
v -0.0762270838 -0.169322848 0.13942647
v 0.11244978 -0.143397927 0.0771781355
v 0.11245016 -0.143397942 -0.075174965
v 0.13837494 -0.169322759 -0.0751747712
v 0.13837494 -0.169322759 0.0771783367
v 0.0761264041 -0.143397883 -0.11149843
v -0.0762265027 -0.143397942 -0.111498371
v -0.0762274712 -0.169322759 -0.137423739
v 0.0761256367 -0.169322759 -0.137423739
v -0.112550057 -0.143397942 -0.075174965
v -0.112550057 -0.143397883 0.0771781355
v -0.138475031 -0.169322848 0.0771781355
v -0.138475031 -0.169322848 -0.075174965
v 0.13837494 -0.205646306 0.113501795
v 0.13837494 -0.357999235 0.113501795
v 0.112448998 -0.357999325 0.139426261
v 0.112448998 -0.205646351 0.139426261
v 0.100342363 -0.181430697 0.101393811
v 0.0761252418 -0.169322848 0.139426261
v 0.13837494 -0.169322759 0.0771783367
v 0.0761264041 -0.143397927 0.113501601
v 0.11244978 -0.143397927 0.0771781355
v -0.138475031 -0.357999325 0.113501601
v -0.138475031 -0.205646351 0.113501601
v -0.11255122 -0.205646351 0.139426261
v -0.11255122 -0.357999325 0.139426261
v 0.13837494 -0.357999235 -0.111498229
v 0.13837494 -0.205646306 -0.111498229
v 0.112448998 -0.205646306 -0.137423679
v 0.112448998 -0.357999176 -0.137423739
v 0.100342363 -0.382215112 -0.0993905887
v 0.0761256367 -0.394322813 -0.137423739
v 0.13837494 -0.394322783 -0.0751747712
v 0.0761264041 -0.420247883 -0.11149843
v 0.112449966 -0.420247793 -0.0751748607
v -0.138475031 -0.205646351 -0.11149843
v -0.138475031 -0.357999384 -0.11149843
v -0.112551019 -0.357999176 -0.137423739
v -0.112551019 -0.205646306 -0.137423739
v -0.100442074 -0.181430683 -0.0993905887
v -0.0762274712 -0.169322759 -0.137423739
v -0.138475031 -0.169322848 -0.075174965
v -0.0762265027 -0.143397942 -0.111498371
v -0.112550057 -0.143397942 -0.075174965
v -0.188931048 -0.211903155 -0.139660567
v -0.218227133 -0.351156414 -0.138481945
v -0.188931048 -0.351742595 -0.139660567
v -0.218227133 -0.212488577 -0.13848196
v -0.188931048 -0.141160756 -0.068918176
v -0.218227133 -0.142338783 -0.0683321655
v -0.188931048 -0.141160756 0.0709213465
v -0.218227133 -0.142338783 0.0703357235
v -0.188931048 -0.211903155 0.141663745
v -0.218227133 -0.212488592 0.14048551
v -0.188931048 -0.351742536 0.141663745
v -0.218227133 -0.351156414 0.14048551
v -0.188931048 -0.422484994 0.0709213465
v -0.218227133 -0.421306133 0.0703357309
v -0.188931048 -0.422484994 -0.068918176
v -0.218227133 -0.421306133 -0.0683321655
v -0.188931048 -0.351742595 -0.139660567
v -0.218227133 -0.351156414 -0.138481945
v -0.22858116 -0.390880316 -0.058620546
v -0.0872523785 -0.36902529 0.0486941151
v -0.22858116 -0.390880316 0.0606240071
v -0.0872523785 -0.36902529 -0.0466908552
v -0.22858116 -0.341444612 -0.108056143
v -0.0872531459 -0.329515159 -0.0862011313
v -0.22858116 -0.22220023 -0.108056143
v -0.0872531459 -0.234130278 -0.0862011313
v -0.22858116 -0.172764599 -0.0586204529
v -0.0872523785 -0.194620237 -0.046690654
v -0.22858116 -0.172764584 0.0606240071
v -0.0872523785 -0.194620192 0.0486942194
v -0.22858116 -0.22220023 0.110059656
v -0.0872531459 -0.234130278 0.0882040188
v -0.22858116 -0.341444671 0.110059656
v -0.0872531459 -0.329515219 0.0882040188
v -0.22858116 -0.390880316 0.0606240071
v -0.0872523785 -0.36902529 0.0486941151
v 0.0761264041 -0.143397883 -0.11149843
v -0.0762265027 -0.112636335 -0.11149843
v -0.0762265027 -0.143397942 -0.111498371
v 0.0761264041 -0.112636335 -0.11149843
v 0.11245016 -0.143397942 -0.075174965
v 0.112449966 -0.112636335 -0.075174965
v 0.112449966 -0.143397838 0.0771781355
v 0.112449966 -0.112636335 0.0771781355
v 0.0761264041 -0.112636335 0.113501593
v 0.0761264041 -0.143397927 0.113501601
v -0.0762265027 -0.143397838 0.113501601
v -0.0762265027 -0.112636335 0.113501593
v -0.112550057 -0.143397883 0.0771781355
v -0.112550057 -0.112636335 0.0771781355
v -0.112550057 -0.143397823 -0.075174965
v -0.112550057 -0.112636335 -0.075174965
v -0.0762265027 -0.143397942 -0.111498371
v -0.0762265027 -0.112636335 -0.11149843
v 0.0698696226 -0.0929418057 -0.139660567
v -0.0693837032 -0.0636457428 -0.13848196
v -0.0699697062 -0.0929418057 -0.139660567
v 0.0692841932 -0.0636457428 -0.13848196
v 0.140612006 -0.0929418057 -0.068918176
v 0.139433965 -0.0636457428 -0.0683321655
v 0.140612006 -0.0929418057 0.0709213465
v 0.139433965 -0.0636457354 0.0703357235
v 0.0698696226 -0.0929418057 0.141663745
v 0.0692841932 -0.0636457354 0.14048551
v -0.0699697062 -0.0929418057 0.141663745
v -0.0693837032 -0.0636457354 0.14048551
v -0.140712291 -0.0929418057 0.0709213465
v -0.139533281 -0.0636457354 0.0703357235
v -0.140712291 -0.0929418057 -0.068918176
v -0.139533281 -0.0636457428 -0.0683321655
v -0.0699697062 -0.0929418057 -0.139660567
v -0.0693837032 -0.0636457428 -0.13848196
v -0.109107435 -0.0532917194 -0.058620546
v -0.0872523785 -0.194620281 0.0486942194
v -0.109107435 -0.0532917194 0.0606240109
v -0.0872523785 -0.194620237 -0.046690654
v -0.0596718863 -0.0532917194 -0.108056143
v -0.0477429666 -0.194620341 -0.0862011313
v 0.05957257 -0.0532917194 -0.108056143
v 0.0476421006 -0.194620237 -0.0862011313
v 0.109008119 -0.0532917194 -0.0586204529
v 0.0871526673 -0.194620281 -0.046690654
v 0.109008119 -0.0532917194 0.0606240109
v 0.0871526673 -0.194620371 0.0486942194
v 0.05957257 -0.0532917194 0.110059656
v 0.047642488 -0.194620281 0.0882043019
v -0.0596718863 -0.0532917194 0.110059656
v -0.0477429666 -0.194620401 0.0882041156
v -0.109107435 -0.0532917194 0.0606240109
v -0.0872523785 -0.194620281 0.0486942194
v 0.13837494 -0.357999235 -0.111498229
v 0.16913642 -0.205646202 -0.111498035
v 0.13837494 -0.205646306 -0.111498229
v 0.16913642 -0.357999116 -0.111498035
v 0.13837494 -0.394322783 -0.0751747712
v 0.16913642 -0.394322693 -0.0751745775
v 0.13837494 -0.394322783 0.0771783218
v 0.16913642 -0.394322693 0.0771785155
v 0.16913642 -0.357999116 0.113501988
v 0.13837494 -0.357999235 0.113501795
v 0.13837494 -0.205646306 0.113501795
v 0.16913642 -0.205646202 0.113501988
v 0.13837494 -0.169322759 0.0771783367
v 0.16913642 -0.169322655 0.0771785229
v 0.13837494 -0.169322759 -0.0751747712
v 0.16913642 -0.169322655 -0.0751745775
v 0.13837494 -0.205646306 -0.111498229
v 0.16913642 -0.205646202 -0.111498035
v 0.188830957 -0.351742327 -0.13966018
v 0.218127042 -0.212489009 -0.138481557
v 0.188830957 -0.211902991 -0.13966018
v 0.218127042 -0.35115692 -0.138481572
v 0.188830957 -0.422484726 -0.0689177886
v 0.218127042 -0.42130667 -0.0683317706
v 0.188830957 -0.422484726 0.0709217414
v 0.218127042 -0.42130667 0.0703361109
v 0.188830957 -0.351742327 0.141664118
v 0.218127042 -0.35115692 0.140485898
v 0.188830957 -0.211902991 0.141664118
v 0.218127042 -0.212489009 0.140485898
v 0.188830957 -0.141160414 0.070921734
v 0.218127042 -0.142339423 0.0703361109
v 0.188830957 -0.141160429 -0.0689177886
v 0.218127042 -0.142339423 -0.068331778
v 0.188830957 -0.211902991 -0.13966018
v 0.218127042 -0.212489009 -0.138481557
v 0.228481054 -0.17276527 -0.0586201623
v 0.0871526673 -0.194620371 0.0486942194
v 0.228481054 -0.17276527 0.0606243983
v 0.0871526673 -0.194620475 -0.0466905572
v 0.228481054 -0.222200826 -0.108055763
v 0.0871521011 -0.234130412 -0.0862009376
v 0.228481054 -0.341445297 -0.108055763
v 0.0871521011 -0.329515308 -0.0862009376
v 0.228481054 -0.390880853 -0.0586200617
v 0.0871526673 -0.369025379 -0.046690464
v 0.228481054 -0.390880853 0.0606244057
v 0.0871526673 -0.36902529 0.0486943051
v 0.228481054 -0.341445297 0.110060044
v 0.0871518999 -0.329515308 0.0882042125
v 0.228481054 -0.222200826 0.110060044
v 0.0871518999 -0.234130412 0.0882042125
v 0.228481054 -0.17276527 0.0606243983
v 0.0871526673 -0.194620371 0.0486942194
v -0.11255122 -0.205646351 0.139426261
v -0.112552382 -0.357999325 0.170187369
v -0.11255122 -0.357999325 0.139426261
v -0.112552382 -0.205646351 0.170187369
v -0.0762270838 -0.169322848 0.13942647
v -0.0762288198 -0.169322848 0.170187369
v 0.0761252418 -0.169322848 0.139426261
v 0.0761242732 -0.169322848 0.170187369
v 0.112447828 -0.205646351 0.170187369
v 0.112448998 -0.205646351 0.139426261
v 0.112448998 -0.357999325 0.139426261
v 0.112447828 -0.357999325 0.170187369
v 0.0761252418 -0.394322872 0.139426261
v 0.0761242732 -0.394322872 0.170187399
v -0.0762276649 -0.394322872 0.139426261
v -0.0762288198 -0.394322872 0.170187399
v -0.11255122 -0.357999325 0.139426261
v -0.112552382 -0.357999325 0.170187369
v -0.140714422 -0.211903155 0.189881906
v -0.139535815 -0.351156414 0.219177991
v -0.140714422 -0.351742536 0.189881936
v -0.139535815 -0.212488592 0.219177991
v -0.0699720383 -0.141160756 0.189881906
v -0.0693860203 -0.142338783 0.219177991
v 0.0698674843 -0.141160756 0.189881906
v 0.0692818612 -0.142338783 0.219177991
v 0.140609875 -0.211903155 0.189881906
v 0.139431655 -0.212488592 0.219177991
v 0.140609875 -0.351742536 0.189881936
v 0.139431655 -0.351156414 0.219177991
v 0.0698674843 -0.422484994 0.189881906
v 0.0692818612 -0.421306133 0.219178006
v -0.0699720383 -0.422484994 0.189881906
v -0.0693860203 -0.421306133 0.219178006
v -0.140714422 -0.351742536 0.189881936
v -0.139535815 -0.351156414 0.219177991
v -0.0596744083 -0.390880257 0.229532003
v 0.0476419069 -0.369025499 0.0882039219
v 0.0595700555 -0.390880257 0.229532003
v -0.0477429666 -0.369025499 0.0882039219
v -0.109109953 -0.341444671 0.229532003
v -0.0872531459 -0.329515219 0.0882040188
v -0.109109953 -0.22220023 0.229532003
v -0.0872531459 -0.234130278 0.0882040188
v -0.0596742146 -0.172764584 0.229532003
v -0.0477429666 -0.194620401 0.0882041156
v 0.0595700555 -0.172764584 0.229532003
v 0.0476419069 -0.194620401 0.0882040188
v 0.109005794 -0.22220023 0.229532003
v 0.0871518999 -0.234130412 0.0882042125
v 0.109005794 -0.341444671 0.229532003
v 0.0871518999 -0.329515308 0.0882042125
v 0.0595700555 -0.390880257 0.229532003
v 0.0476419069 -0.369025499 0.0882039219
v -0.112551019 -0.357999176 -0.137423739
v -0.112551995 -0.205646202 -0.168185577
v -0.112551019 -0.205646306 -0.137423739
v -0.112551995 -0.357999116 -0.168185577
v -0.0762274712 -0.394322813 -0.137423739
v -0.0762284324 -0.394322693 -0.168185577
v 0.0761256367 -0.394322813 -0.137423739
v 0.0761246607 -0.394322693 -0.168185577
v 0.112448223 -0.357999116 -0.168185577
v 0.112448998 -0.357999176 -0.137423739
v 0.112448998 -0.205646306 -0.137423679
v 0.112448223 -0.205646202 -0.168185577
v 0.0761256367 -0.169322759 -0.137423739
v 0.0761246607 -0.169322655 -0.168185577
v -0.0762274712 -0.169322759 -0.137423739
v -0.0762284324 -0.169322655 -0.168185577
v -0.112551019 -0.205646306 -0.137423739
v -0.112551995 -0.205646202 -0.168185577
v -0.140714034 -0.351742327 -0.187880099
v -0.139535427 -0.212489009 -0.217176169
v -0.140714034 -0.211902991 -0.187880099
v -0.139535427 -0.35115692 -0.217176169
v -0.0699716434 -0.422484726 -0.187880099
v -0.0693856403 -0.42130667 -0.217176169
v 0.0698678792 -0.422484726 -0.187880099
v 0.0692822561 -0.42130667 -0.217176169
v 0.140610263 -0.351742327 -0.187880099
v 0.139432043 -0.35115692 -0.217176169
v 0.140610263 -0.211902991 -0.187880099
v 0.139432043 -0.212489009 -0.217176169
v 0.0698678792 -0.141160429 -0.187880099
v 0.0692822561 -0.142339423 -0.217176184
v -0.0699716434 -0.141160429 -0.187880099
v -0.0693856403 -0.142339423 -0.217176184
v -0.140714034 -0.211902991 -0.187880099
v -0.139535427 -0.212489009 -0.217176169
v -0.0596740246 -0.17276527 -0.227530211
v 0.0476421006 -0.194620237 -0.0862011313
v 0.0595704429 -0.17276527 -0.227530211
v -0.0477429666 -0.194620341 -0.0862011313
v -0.109109573 -0.222200826 -0.227530211
v -0.0872531459 -0.234130278 -0.0862011313
v -0.109109573 -0.341445267 -0.227530211
v -0.0872531459 -0.329515159 -0.0862011313
v -0.0596738271 -0.390880853 -0.227530211
v -0.0477427766 -0.36902529 -0.0862011313
v 0.0595704429 -0.390880853 -0.227530211
v 0.0476421006 -0.36902529 -0.0862011313
v 0.109006181 -0.341445267 -0.227530211
v 0.0871521011 -0.329515308 -0.0862009376
v 0.109006181 -0.222200826 -0.227530211
v 0.0871521011 -0.234130412 -0.0862009376
v 0.0595704429 -0.17276527 -0.227530211
v 0.0476421006 -0.194620237 -0.0862011313
v -0.0506053902 -0.134406179 -0.0495536588
v 0.0505051017 -0.134406179 -0.0495536588
v 0.0505051017 -0.134406224 0.0515568331
v -0.0506053902 -0.134406224 0.0515568331
v 0.0871526673 -0.194620371 0.0486942194
v -0.0477429666 -0.194620401 0.0882041156
v 0.0476419069 -0.194620401 0.0882040188
v -0.0872523785 -0.194620192 0.0486942194
v -0.0872523785 -0.194620237 -0.046690654
v 0.0871526673 -0.194620475 -0.0466905572
v 0.0476421006 -0.194620237 -0.0862011313
v -0.0477423854 -0.194619954 -0.0862009376
v 0.0761264041 -0.143397883 -0.11149843
v 0.0505051017 -0.134406179 -0.0495536588
v -0.0506053902 -0.134406179 -0.0495536588
v -0.0762265027 -0.143397942 -0.111498371
v -0.112550057 -0.143397942 -0.075174965
v -0.0506053902 -0.134406179 -0.0495536588
v -0.0506053902 -0.134406224 0.0515568331
v -0.112550057 -0.143397883 0.0771781355
v -0.0762265027 -0.143397927 0.113501601
v -0.0506053902 -0.134406224 0.0515568331
v 0.0505051017 -0.134406224 0.0515568331
v 0.0761264041 -0.143397927 0.113501601
v 0.11244978 -0.143397927 0.0771781355
v 0.0505051017 -0.134406224 0.0515568331
v 0.0505051017 -0.134406179 -0.0495536588
v 0.11245016 -0.143397942 -0.075174965
v -0.0506051965 -0.429239541 0.0515568331
v 0.0505052991 -0.429239541 0.0515568331
v 0.0505052991 -0.429239452 -0.0495536588
v -0.0506051965 -0.429239452 -0.0495536588
v 0.0871526673 -0.369025379 -0.046690464
v -0.0477427766 -0.36902529 -0.0862011313
v 0.0476421006 -0.36902529 -0.0862011313
v -0.0872523785 -0.36902529 -0.0466908552
v -0.0872523785 -0.36902529 0.0486941151
v 0.0871526673 -0.36902529 0.0486943051
v 0.0476419069 -0.369025499 0.0882039219
v -0.0477429666 -0.369025499 0.0882039219
v 0.0761264041 -0.420247823 0.113501601
v 0.0505052991 -0.429239541 0.0515568331
v -0.0506051965 -0.429239541 0.0515568331
v -0.0762263015 -0.420247823 0.113501601
v -0.112550057 -0.420247823 0.0771781355
v -0.0506051965 -0.429239541 0.0515568331
v -0.0506051965 -0.429239452 -0.0495536588
v -0.112550057 -0.420247823 -0.0751749575
v -0.0762263015 -0.420247883 -0.111498371
v -0.0506051965 -0.429239452 -0.0495536588
v 0.0505052991 -0.429239452 -0.0495536588
v 0.0761264041 -0.420247883 -0.11149843
v 0.112449966 -0.420247793 -0.0751748607
v 0.0505052991 -0.429239452 -0.0495536588
v 0.0505052991 -0.429239541 0.0515568331
v 0.11245016 -0.420247823 0.0771781355
v 0.125907481 -0.338912457 -0.500000775
v 0.0576618388 -0.407181382 -0.218751669
v 0.125907481 -0.338937074 -0.218750894
v 0.0576618388 -0.407156825 -0.50000155
v -0.0576621294 -0.407181382 -0.218751669
v -0.057661932 -0.407156825 -0.500000775
v -0.125906408 -0.338936567 -0.218752444
v -0.125906408 -0.338911951 -0.50000155
v 0.125907287 -0.22358726 -0.5
v 0.125907481 -0.338912457 -0.500000775
v 0.125907481 -0.338937074 -0.218750894
v 0.125907287 -0.223611891 -0.218750104
v 0.0576628111 -0.155342907 -0.5
v 0.125907287 -0.22358726 -0.5
v 0.125907287 -0.223611891 -0.218750104
v 0.0576628111 -0.155367538 -0.218750104
v -0.0576621294 -0.155342907 -0.5
v -0.0576623231 -0.155367538 -0.218750894
v -0.125906795 -0.223587453 -0.500000775
v -0.125906795 -0.22361207 -0.218751669
v -0.125906408 -0.338911951 -0.50000155
v -0.125906795 -0.223587453 -0.500000775
v -0.125906795 -0.22361207 -0.218751669
v -0.125906408 -0.338936567 -0.218752444
v -0.0944924355 -0.324525326 -0.500000775
v -0.0432447903 -0.375705034 -0.218750894
v -0.0944261625 -0.324521393 -0.218750894
v -0.0432752185 -0.375742435 -0.500000775
v 0.0432452783 -0.375705093 -0.218750894
v 0.043275699 -0.375742555 -0.500000775
v 0.0944268405 -0.321775466 -0.218750894
v 0.0944931209 -0.3217794 -0.500000775
v -0.0944922417 -0.237974048 -0.500000775
v -0.0944924355 -0.324525326 -0.500000775
v -0.0944261625 -0.324521393 -0.218750894
v -0.0944259614 -0.238027185 -0.218750894
v -0.043275021 -0.192754164 -0.500000775
v -0.0944922417 -0.237974048 -0.500000775
v -0.0944259614 -0.238027185 -0.218750894
v -0.0432446003 -0.192840889 -0.218750894
v 0.0432758927 -0.192754164 -0.500000775
v 0.0432454683 -0.192840889 -0.218750894
v 0.0944931209 -0.240721047 -0.500000775
v 0.0944268405 -0.240774184 -0.218750894
v 0.0944931209 -0.3217794 -0.500000775
v 0.0944931209 -0.240721047 -0.500000775
v 0.0944268405 -0.240774184 -0.218750894
v 0.0944268405 -0.321775466 -0.218750894
v 0.05766242 -0.407156736 0.499999374
v 0.05766261 -0.407181263 0.218749136
v -0.0576621294 -0.407181501 0.218748376
v -0.0576623231 -0.407156885 0.499998629
v -0.12590602 -0.338936836 0.218748361
v -0.125906602 -0.338912278 0.499998659
v 0.125906706 -0.338912338 0.499999404
v 0.1259069 -0.338936955 0.218749151
v 0.05766261 -0.407181263 0.218749136
v 0.05766242 -0.407156736 0.499999374
v 0.1259069 -0.22358717 0.499998629
v 0.125907093 -0.223611787 0.218748376
v 0.1259069 -0.338936955 0.218749151
v 0.125906706 -0.338912338 0.499999404
v 0.0576628111 -0.155342743 0.499997854
v 0.125907093 -0.223611787 0.218748376
v 0.1259069 -0.22358717 0.499998629
v 0.0576630011 -0.155367345 0.218747586
v -0.0576625131 -0.155342743 0.499998659
v -0.0576623231 -0.155367345 0.218748376
v -0.125906602 -0.223587662 0.499998629
v -0.12590602 -0.223612264 0.218748376
v -0.125906602 -0.338912278 0.499998659
v -0.12590602 -0.338936836 0.218748361
v -0.12590602 -0.223612264 0.218748376
v -0.125906602 -0.223587662 0.499998629
v -0.0942436233 -0.324411184 0.499998659
v -0.0943098888 -0.324464262 0.218748376
v -0.0431922749 -0.375580221 0.218748376
v -0.0431618504 -0.375493616 0.499998659
v 0.0431923717 -0.375579894 0.218748376
v 0.0431617536 -0.375493348 0.499998629
v 0.0943105668 -0.324464321 0.218748376
v 0.0942441002 -0.324411303 0.499998659
v -0.0942432284 -0.238088369 0.499999404
v -0.0943095013 -0.23808448 0.218749136
v -0.0943098888 -0.324464262 0.218748376
v -0.0942436233 -0.324411184 0.499998659
v -0.043161463 -0.18700622 0.499999404
v -0.0943095013 -0.23808448 0.218749136
v -0.0942432284 -0.238088369 0.499999404
v -0.0431918912 -0.186968729 0.218749136
v 0.0431611724 -0.187006414 0.499998659
v 0.0431917943 -0.186968908 0.218748376
v 0.0942441002 -0.238088474 0.499997854
v 0.0943105668 -0.238084599 0.218747586
v 0.0942441002 -0.324411303 0.499998659
v 0.0943105668 -0.324464321 0.218748376
v 0.0943105668 -0.238084599 0.218747586
v 0.0942441002 -0.238088474 0.499997854
v -0.499999255 -0.338912457 -0.125908107
v -0.218750149 -0.407181382 -0.0576624684
v -0.218749389 -0.338937074 -0.125908107
v -0.50000006 -0.407156825 -0.0576624684
v -0.218750149 -0.407181382 0.0576614924
v -0.499999255 -0.407156825 0.0576613024
v -0.218750954 -0.338936567 0.125905782
v -0.50000006 -0.338911951 0.125905782
v -0.49999845 -0.22358726 -0.125907913
v -0.499999255 -0.338912457 -0.125908107
v -0.218749389 -0.338937074 -0.125908107
v -0.218748629 -0.223611891 -0.125907913
v -0.49999845 -0.155342877 -0.0576634333
v -0.49999845 -0.22358726 -0.125907913
v -0.218748629 -0.223611891 -0.125907913
v -0.218748629 -0.155367538 -0.0576634333
v -0.49999845 -0.155342892 0.0576614924
v -0.218749389 -0.155367553 0.0576616935
v -0.499999255 -0.223587468 0.125906155
v -0.218750149 -0.22361207 0.125906155
v -0.50000006 -0.338911951 0.125905782
v -0.499999255 -0.223587468 0.125906155
v -0.218750149 -0.22361207 0.125906155
v -0.218750954 -0.338936567 0.125905782
v -0.499999255 -0.324525326 0.0944918022
v -0.218749389 -0.375705034 0.0432441719
v -0.218749389 -0.324521393 0.0944255218
v -0.499999255 -0.375742435 0.0432745926
v -0.218749389 -0.375705093 -0.0432459041
v -0.499999255 -0.375742555 -0.0432763286
v -0.218749389 -0.321775466 -0.0944274664
v -0.499999255 -0.3217794 -0.0944937468
v -0.499999255 -0.237974033 0.0944916159
v -0.499999255 -0.324525326 0.0944918022
v -0.218749389 -0.324521393 0.0944255218
v -0.218749389 -0.238027185 0.0944253355
v -0.499999255 -0.192754164 0.0432743914
v -0.499999255 -0.237974033 0.0944916159
v -0.218749389 -0.238027185 0.0944253355
v -0.218749389 -0.192840889 0.0432439707
v -0.499999255 -0.192754164 -0.0432765223
v -0.218749389 -0.192840889 -0.0432460979
v -0.499999255 -0.240721047 -0.0944937468
v -0.218749389 -0.240774199 -0.0944274664
v -0.499999255 -0.3217794 -0.0944937468
v -0.499999255 -0.240721047 -0.0944937468
v -0.218749389 -0.240774199 -0.0944274664
v -0.218749389 -0.321775466 -0.0944274664
v 0.500000894 -0.407156736 -0.0576630495
v 0.218750641 -0.407181263 -0.0576632395
v 0.218749881 -0.407181501 0.0576614924
v 0.500000119 -0.407156944 0.0576616861
v 0.218749881 -0.338936836 0.125905395
v 0.500000119 -0.338912278 0.125905976
v 0.500000894 -0.338912338 -0.125907332
v 0.218750641 -0.338936955 -0.125907525
v 0.218750641 -0.407181263 -0.0576632395
v 0.500000894 -0.407156736 -0.0576630495
v 0.500000119 -0.22358717 -0.125907525
v 0.218749881 -0.223611787 -0.125907719
v 0.218750641 -0.338936955 -0.125907525
v 0.500000894 -0.338912338 -0.125907332
v 0.499999374 -0.155342743 -0.0576634333
v 0.218749881 -0.223611787 -0.125907719
v 0.500000119 -0.22358717 -0.125907525
v 0.218749106 -0.155367345 -0.0576636307
v 0.500000119 -0.155342743 0.0576618835
v 0.218749881 -0.155367345 0.0576616935
v 0.500000119 -0.223587662 0.125905976
v 0.218749881 -0.223612264 0.125905395
v 0.500000119 -0.338912278 0.125905976
v 0.218749881 -0.338936836 0.125905395
v 0.218749881 -0.223612264 0.125905395
v 0.500000119 -0.223587662 0.125905976
v 0.500000119 -0.324411184 0.09424299
v 0.218749881 -0.324464262 0.094309248
v 0.218749881 -0.375580221 0.0431916416
v 0.500000119 -0.375493646 0.0431612208
v 0.218749881 -0.375579953 -0.043193005
v 0.500000119 -0.375493348 -0.0431623831
v 0.218749881 -0.324464321 -0.0943112001
v 0.500000119 -0.324411303 -0.094244726
v 0.500000894 -0.238088369 0.0942425877
v 0.218750641 -0.238084495 0.0943088681
v 0.218749881 -0.324464262 0.094309248
v 0.500000119 -0.324411184 0.09424299
v 0.500000894 -0.18700622 0.0431608371
v 0.218750641 -0.238084495 0.0943088681
v 0.500000894 -0.238088369 0.0942425877
v 0.218750641 -0.186968729 0.0431912616
v 0.500000119 -0.187006414 -0.043161802
v 0.218749881 -0.186968908 -0.0431924239
v 0.499999374 -0.238088474 -0.094244726
v 0.218749106 -0.238084599 -0.0943112001
v 0.500000119 -0.324411303 -0.094244726
v 0.218749881 -0.324464321 -0.0943112001
v 0.218749106 -0.238084599 -0.0943112001
v 0.499999374 -0.238088474 -0.094244726
v 0.125524461 0.500000656 -0.057663057
v 0.125549018 -0.0628824905 -0.0576632395
v 0.125549212 -0.0628832579 0.0576614998
v 0.125524655 0.499999851 0.0576616935
v 0.0573045909 -0.0628832579 0.125905395
v 0.0572799817 0.499999851 0.125905976
v 0.0572800823 0.500000656 -0.125907347
v 0.0573046878 -0.0628824905 -0.125907525
v 0.125549018 -0.0628824905 -0.0576632395
v 0.125524461 0.500000656 -0.057663057
v -0.0580451004 0.499999851 -0.125907525
v -0.0580204837 -0.0628832579 -0.125907719
v 0.0573046878 -0.0628824905 -0.125907525
v 0.0572800823 0.500000656 -0.125907347
v -0.126289532 0.499999076 -0.0576634407
v -0.0580204837 -0.0628832579 -0.125907719
v -0.0580451004 0.499999851 -0.125907525
v -0.126264915 -0.0628840327 -0.0576636307
v -0.126289532 0.499999851 0.0576618835
v -0.126264915 -0.0628832579 0.0576616898
v -0.0580446124 0.499999851 0.125905976
v -0.0580200031 -0.0628832579 0.125905395
v 0.0572799817 0.499999851 0.125905976
v 0.0573045909 -0.0628832579 0.125905395
v -0.0580200031 -0.0628832579 0.125905395
v -0.0580446124 0.499999851 0.125905976
v 0.0427789316 0.499999851 0.09424299
v 0.0428319797 -0.0628832579 0.094309248
v 0.0939479396 -0.0628832579 0.0431916453
v 0.0938613713 0.499999851 0.0431612208
v 0.0939476565 -0.0628832579 -0.0431930013
v 0.0938610807 0.499999851 -0.0431623831
v 0.0428320765 -0.0628832579 -0.0943112001
v 0.0427790247 0.499999851 -0.094244726
v -0.0435439013 0.500000656 0.0942426026
v -0.0435477756 -0.0628824905 0.0943088681
v 0.0428319797 -0.0628832579 0.094309248
v 0.0427789316 0.499999851 0.09424299
v -0.0946260542 0.500000656 0.0431608371
v -0.0435477756 -0.0628824905 0.0943088681
v -0.0435439013 0.500000656 0.0942426026
v -0.0946635529 -0.062882483 0.0431912616
v -0.0946258605 0.499999851 -0.0431618094
v -0.0946633518 -0.0628832579 -0.0431924202
v -0.0435438044 0.499999076 -0.094244726
v -0.0435476787 -0.0628840327 -0.0943112001
v 0.0427790247 0.499999851 -0.094244726
v 0.0428320765 -0.0628832579 -0.0943112001
v -0.0435476787 -0.0628840327 -0.0943112001
v -0.0435438044 0.499999076 -0.094244726
v -0.100442074 -0.181430697 0.101393715
v -0.138475031 -0.169322848 0.0771781355
v -0.112550057 -0.143397883 0.0771781355
v -0.138475031 -0.205646351 0.113501601
v -0.0762265027 -0.143397927 0.113501601
v -0.11255122 -0.205646351 0.139426261
v -0.0762270838 -0.169322848 0.13942647
v -0.138475031 -0.394322872 0.0771781355
v -0.138475031 -0.357999325 0.113501601
v -0.100442074 -0.382215083 0.101393715
v -0.112550057 -0.420247823 0.0771781355
v -0.11255122 -0.357999325 0.139426261
v -0.0762263015 -0.420247823 0.113501601
v -0.0762276649 -0.394322872 0.139426261
v -0.138475031 -0.357999384 -0.11149843
v -0.138475031 -0.394322872 -0.0751749575
v -0.100442074 -0.382215112 -0.0993905887
v -0.112551019 -0.357999176 -0.137423739
v -0.112550057 -0.420247823 -0.0751749575
v -0.0762274712 -0.394322813 -0.137423739
v -0.0762263015 -0.420247883 -0.111498371
v 0.100342363 -0.181430683 -0.0993905887
v 0.13837494 -0.169322759 -0.0751747712
v 0.11245016 -0.143397942 -0.075174965
v 0.13837494 -0.205646306 -0.111498229
v 0.0761264041 -0.143397883 -0.11149843
v 0.112448998 -0.205646306 -0.137423679
v 0.0761256367 -0.169322759 -0.137423739
v 0.0761252418 -0.394322872 0.139426261
v 0.112448998 -0.357999325 0.139426261
v 0.100342363 -0.382215083 0.101393811
v 0.0761264041 -0.420247823 0.113501601
v 0.13837494 -0.357999235 0.113501795
v 0.11245016 -0.420247823 0.0771781355
v 0.13837494 -0.394322783 0.0771783218
v -0.50000006 -0.338911951 0.125905782
v -0.499999255 -0.237974033 0.0944916159
v -0.499999255 -0.223587468 0.125906155
v -0.499999255 -0.324525326 0.0944918022
v -0.499999255 -0.192754164 0.0432743914
v -0.499999255 -0.407156825 0.0576613024
v -0.49999845 -0.155342892 0.0576614924
v -0.499999255 -0.375742435 0.0432745926
v -0.499999255 -0.192754164 -0.0432765223
v -0.50000006 -0.407156825 -0.0576624684
v -0.49999845 -0.155342877 -0.0576634333
v -0.499999255 -0.375742555 -0.0432763286
v -0.499999255 -0.240721047 -0.0944937468
v -0.499999255 -0.338912457 -0.125908107
v -0.49999845 -0.22358726 -0.125907913
v -0.499999255 -0.3217794 -0.0944937468
v -0.125906408 -0.338911951 -0.50000155
v -0.0944922417 -0.237974048 -0.500000775
v -0.125906795 -0.223587453 -0.500000775
v -0.0944924355 -0.324525326 -0.500000775
v -0.043275021 -0.192754164 -0.500000775
v -0.057661932 -0.407156825 -0.500000775
v -0.0576621294 -0.155342907 -0.5
v -0.0432752185 -0.375742435 -0.500000775
v 0.0432758927 -0.192754164 -0.500000775
v 0.0576618388 -0.407156825 -0.50000155
v 0.0576628111 -0.155342907 -0.5
v 0.043275699 -0.375742555 -0.500000775
v 0.0944931209 -0.240721047 -0.500000775
v 0.125907481 -0.338912457 -0.500000775
v 0.125907287 -0.22358726 -0.5
v 0.0944931209 -0.3217794 -0.500000775
v -0.139535427 -0.35115692 -0.217176169
v -0.109109573 -0.222200826 -0.227530211
v -0.139535427 -0.212489009 -0.217176169
v -0.109109573 -0.341445267 -0.227530211
v -0.0596740246 -0.17276527 -0.227530211
v -0.0693856403 -0.42130667 -0.217176169
v -0.0693856403 -0.142339423 -0.217176184
v -0.0596738271 -0.390880853 -0.227530211
v 0.0595704429 -0.17276527 -0.227530211
v 0.0692822561 -0.42130667 -0.217176169
v 0.0692822561 -0.142339423 -0.217176184
v 0.0595704429 -0.390880853 -0.227530211
v 0.109006181 -0.222200826 -0.227530211
v 0.139432043 -0.35115692 -0.217176169
v 0.139432043 -0.212489009 -0.217176169
v 0.109006181 -0.341445267 -0.227530211
v -0.112551995 -0.357999116 -0.168185577
v -0.140714034 -0.211902991 -0.187880099
v -0.112551995 -0.205646202 -0.168185577
v -0.140714034 -0.351742327 -0.187880099
v -0.0699716434 -0.141160429 -0.187880099
v -0.0762284324 -0.394322693 -0.168185577
v -0.0762284324 -0.169322655 -0.168185577
v -0.0699716434 -0.422484726 -0.187880099
v 0.0698678792 -0.141160429 -0.187880099
v 0.0761246607 -0.394322693 -0.168185577
v 0.0761246607 -0.169322655 -0.168185577
v 0.0698678792 -0.422484726 -0.187880099
v 0.140610263 -0.211902991 -0.187880099
v 0.112448223 -0.357999116 -0.168185577
v 0.112448223 -0.205646202 -0.168185577
v 0.140610263 -0.351742327 -0.187880099
v -0.139535815 -0.212488592 0.219177991
v -0.109109953 -0.341444671 0.229532003
v -0.139535815 -0.351156414 0.219177991
v -0.109109953 -0.22220023 0.229532003
v -0.0596744083 -0.390880257 0.229532003
v -0.0693860203 -0.142338783 0.219177991
v -0.0693860203 -0.421306133 0.219178006
v -0.0596742146 -0.172764584 0.229532003
v 0.0595700555 -0.390880257 0.229532003
v 0.0692818612 -0.142338783 0.219177991
v 0.0692818612 -0.421306133 0.219178006
v 0.0595700555 -0.172764584 0.229532003
v 0.109005794 -0.341444671 0.229532003
v 0.139431655 -0.212488592 0.219177991
v 0.139431655 -0.351156414 0.219177991
v 0.109005794 -0.22220023 0.229532003
v -0.112552382 -0.205646351 0.170187369
v -0.140714422 -0.351742536 0.189881936
v -0.112552382 -0.357999325 0.170187369
v -0.140714422 -0.211903155 0.189881906
v -0.0699720383 -0.422484994 0.189881906
v -0.0762288198 -0.169322848 0.170187369
v -0.0762288198 -0.394322872 0.170187399
v -0.0699720383 -0.141160756 0.189881906
v 0.0698674843 -0.422484994 0.189881906
v 0.0761242732 -0.169322848 0.170187369
v 0.0761242732 -0.394322872 0.170187399
v 0.0698674843 -0.141160756 0.189881906
v 0.140609875 -0.351742536 0.189881936
v 0.112447828 -0.205646351 0.170187369
v 0.112447828 -0.357999325 0.170187369
v 0.140609875 -0.211903155 0.189881906
v 0.218127042 -0.35115692 -0.138481572
v 0.228481054 -0.222200826 -0.108055763
v 0.218127042 -0.212489009 -0.138481557
v 0.228481054 -0.341445297 -0.108055763
v 0.228481054 -0.17276527 -0.0586201623
v 0.218127042 -0.42130667 -0.0683317706
v 0.218127042 -0.142339423 -0.068331778
v 0.228481054 -0.390880853 -0.0586200617
v 0.228481054 -0.17276527 0.0606243983
v 0.218127042 -0.42130667 0.0703361109
v 0.218127042 -0.142339423 0.0703361109
v 0.228481054 -0.390880853 0.0606244057
v 0.228481054 -0.222200826 0.110060044
v 0.218127042 -0.35115692 0.140485898
v 0.218127042 -0.212489009 0.140485898
v 0.228481054 -0.341445297 0.110060044
v 0.16913642 -0.357999116 -0.111498035
v 0.188830957 -0.211902991 -0.13966018
v 0.16913642 -0.205646202 -0.111498035
v 0.188830957 -0.351742327 -0.13966018
v 0.188830957 -0.141160429 -0.0689177886
v 0.16913642 -0.394322693 -0.0751745775
v 0.16913642 -0.169322655 -0.0751745775
v 0.188830957 -0.422484726 -0.0689177886
v 0.188830957 -0.141160414 0.070921734
v 0.16913642 -0.394322693 0.0771785155
v 0.16913642 -0.169322655 0.0771785229
v 0.188830957 -0.422484726 0.0709217414
v 0.188830957 -0.211902991 0.141664118
v 0.16913642 -0.357999116 0.113501988
v 0.16913642 -0.205646202 0.113501988
v 0.188830957 -0.351742327 0.141664118
v 0.0692841932 -0.0636457428 -0.13848196
v -0.0596718863 -0.0532917194 -0.108056143
v -0.0693837032 -0.0636457428 -0.13848196
v 0.05957257 -0.0532917194 -0.108056143
v -0.109107435 -0.0532917194 -0.058620546
v 0.139433965 -0.0636457428 -0.0683321655
v -0.139533281 -0.0636457428 -0.0683321655
v 0.109008119 -0.0532917194 -0.0586204529
v -0.109107435 -0.0532917194 0.0606240109
v 0.139433965 -0.0636457354 0.0703357235
v -0.139533281 -0.0636457354 0.0703357235
v 0.109008119 -0.0532917194 0.0606240109
v -0.0596718863 -0.0532917194 0.110059656
v 0.0692841932 -0.0636457354 0.14048551
v -0.0693837032 -0.0636457354 0.14048551
v 0.05957257 -0.0532917194 0.110059656
v 0.0761264041 -0.112636335 -0.11149843
v -0.0699697062 -0.0929418057 -0.139660567
v -0.0762265027 -0.112636335 -0.11149843
v 0.0698696226 -0.0929418057 -0.139660567
v -0.140712291 -0.0929418057 -0.068918176
v 0.112449966 -0.112636335 -0.075174965
v -0.112550057 -0.112636335 -0.075174965
v 0.140612006 -0.0929418057 -0.068918176
v -0.140712291 -0.0929418057 0.0709213465
v 0.112449966 -0.112636335 0.0771781355
v -0.112550057 -0.112636335 0.0771781355
v 0.140612006 -0.0929418057 0.0709213465
v -0.0699697062 -0.0929418057 0.141663745
v 0.0761264041 -0.112636335 0.113501593
v -0.0762265027 -0.112636335 0.113501593
v 0.0698696226 -0.0929418057 0.141663745
v -0.218227133 -0.212488577 -0.13848196
v -0.22858116 -0.341444612 -0.108056143
v -0.218227133 -0.351156414 -0.138481945
v -0.22858116 -0.22220023 -0.108056143
v -0.22858116 -0.390880316 -0.058620546
v -0.218227133 -0.142338783 -0.0683321655
v -0.218227133 -0.421306133 -0.0683321655
v -0.22858116 -0.172764599 -0.0586204529
v -0.22858116 -0.390880316 0.0606240071
v -0.218227133 -0.142338783 0.0703357235
v -0.218227133 -0.421306133 0.0703357309
v -0.22858116 -0.172764584 0.0606240071
v -0.22858116 -0.341444671 0.110059656
v -0.218227133 -0.212488592 0.14048551
v -0.218227133 -0.351156414 0.14048551
v -0.22858116 -0.22220023 0.110059656
v -0.169236526 -0.205646351 -0.11149843
v -0.188931048 -0.351742595 -0.139660567
v -0.169236526 -0.357999384 -0.11149843
v -0.188931048 -0.211903155 -0.139660567
v -0.188931048 -0.422484994 -0.068918176
v -0.169236526 -0.169322848 -0.075174965
v -0.169236526 -0.394322872 -0.0751749575
v -0.188931048 -0.141160756 -0.068918176
v -0.188931048 -0.422484994 0.0709213465
v -0.169236526 -0.169322848 0.0771781355
v -0.169236526 -0.394322872 0.0771781355
v -0.188931048 -0.141160756 0.0709213465
v -0.188931048 -0.351742536 0.141663745
v -0.169236526 -0.205646351 0.113501601
v -0.169236526 -0.357999325 0.113501601
v -0.188931048 -0.211903155 0.141663745
v -0.0580446124 0.499999851 0.125905976
v -0.0435439013 0.500000656 0.0942426026
v 0.0427789316 0.499999851 0.09424299
v 0.0572799817 0.499999851 0.125905976
v -0.126289532 0.499999851 0.0576618835
v 0.0938613713 0.499999851 0.0431612208
v -0.0946260542 0.500000656 0.0431608371
v 0.125524655 0.499999851 0.0576616935
v -0.126289532 0.499999076 -0.0576634407
v 0.0938610807 0.499999851 -0.0431623831
v -0.0946258605 0.499999851 -0.0431618094
v 0.125524461 0.500000656 -0.057663057
v -0.0580451004 0.499999851 -0.125907525
v 0.0427790247 0.499999851 -0.094244726
v -0.0435438044 0.499999076 -0.094244726
v 0.0572800823 0.500000656 -0.125907347
v 0.500000119 -0.223587662 0.125905976
v 0.500000894 -0.238088369 0.0942425877
v 0.500000119 -0.324411184 0.09424299
v 0.500000119 -0.338912278 0.125905976
v 0.500000119 -0.155342743 0.0576618835
v 0.500000119 -0.375493646 0.0431612208
v 0.500000894 -0.18700622 0.0431608371
v 0.500000119 -0.407156944 0.0576616861
v 0.499999374 -0.155342743 -0.0576634333
v 0.500000119 -0.375493348 -0.0431623831
v 0.500000119 -0.187006414 -0.043161802
v 0.500000894 -0.407156736 -0.0576630495
v 0.500000119 -0.22358717 -0.125907525
v 0.500000119 -0.324411303 -0.094244726
v 0.499999374 -0.238088474 -0.094244726
v 0.500000894 -0.338912338 -0.125907332
v -0.125906602 -0.223587662 0.499998629
v -0.0942432284 -0.238088369 0.499999404
v -0.0942436233 -0.324411184 0.499998659
v -0.125906602 -0.338912278 0.499998659
v -0.0576625131 -0.155342743 0.499998659
v -0.0431618504 -0.375493616 0.499998659
v -0.043161463 -0.18700622 0.499999404
v -0.0576623231 -0.407156885 0.499998629
v 0.0576628111 -0.155342743 0.499997854
v 0.0431617536 -0.375493348 0.499998629
v 0.0431611724 -0.187006414 0.499998659
v 0.05766242 -0.407156736 0.499999374
v 0.1259069 -0.22358717 0.499998629
v 0.0942441002 -0.324411303 0.499998659
v 0.0942441002 -0.238088474 0.499997854
v 0.125906706 -0.338912338 0.499999404
vt 0.303610355 0.557493865
vt 0.289743423 0.557493806
vt 0.303610355 0.543626904
vt 0.28974247 0.557508826
vt 0.303609401 0.543641865
vt 0.303609401 0.557508826
vt 0.303610295 0.543641925
vt 0.289743364 0.557508826
vt 0.303610295 0.557508886
vt 0.303609401 0.557493746
vt 0.303609401 0.543626785
vt 0.28974247 0.557493746
vt 0.303610355 0.543626785
vt 0.303610355 0.557493746
vt 0.289743364 0.557493746
vt 0.289743364 0.557508826
vt 0.303610295 0.557508826
vt 0.303610295 0.543641865
vt 0.303609401 0.543641865
vt 0.303609401 0.557508886
vt 0.289742351 0.557508826
vt 0.289743423 0.557508886
vt 0.303610355 0.557508826
vt 0.303610355 0.543641865
vt 0.194534019 0.521521568
vt 0.201188356 0.537650406
vt 0.185059592 0.530996025
vt 0.185059592 0.570734799
vt 0.201188356 0.564080477
vt 0.194534019 0.580209196
vt 0.234272793 0.580209196
vt 0.227618396 0.564080477
vt 0.243747205 0.570734799
vt 0.243747279 0.530996025
vt 0.22761853 0.537650406
vt 0.234272793 0.521521568
vt 0.194534019 0.521521568
vt 0.201188356 0.537650406
vt 0.185059592 0.530996025
vt 0.185059592 0.570734799
vt 0.201188356 0.564080477
vt 0.194534019 0.580209196
vt 0.234272793 0.580209196
vt 0.227618396 0.564080477
vt 0.243747205 0.570734799
vt 0.243747279 0.530996025
vt 0.22761853 0.537650406
vt 0.234272793 0.521521568
vt 0.368281573 0.491155148
vt 0.411386162 0.500348091
vt 0.411386162 0.491155148
vt 0.368281573 0.500348091
vt 0.354508102 0.491155148
vt 0.354508102 0.500348091
vt 0.311403632 0.491155148
vt 0.311403632 0.500348091
vt 0.297630072 0.500348091
vt 0.297630072 0.491155148
vt 0.254525572 0.491155148
vt 0.254525572 0.500348091
vt 0.24075219 0.491155148
vt 0.24075219 0.500348091
vt 0.197647512 0.491155148
vt 0.197647512 0.500348091
vt 0.183874145 0.491155148
vt 0.183874145 0.500348091
vt 0.35181424 0.574387252
vt 0.351812482 0.512232006
vt 0.341238648 0.512237966
vt 0.341238707 0.574387252
vt 0.35181424 0.574387252
vt 0.351812482 0.512232006
vt 0.341238648 0.512237966
vt 0.341238707 0.574387252
vt 0.35181424 0.574387252
vt 0.351812482 0.512232006
vt 0.341238648 0.512237966
vt 0.341238707 0.574387252
vt 0.35181424 0.574387252
vt 0.351812482 0.512232006
vt 0.341238648 0.512237966
vt 0.341238707 0.574387252
vt 0.341238648 0.512237966
vt 0.341238707 0.574387252
vt 0.35181424 0.574387252
vt 0.351812482 0.512232006
vt 0.341238588 0.512238503
vt 0.341238707 0.574387252
vt 0.35181424 0.574387252
vt 0.351811528 0.512241721
vt 0.341238767 0.512238622
vt 0.341238707 0.574387252
vt 0.35181424 0.574387252
vt 0.351816326 0.512244642
vt 0.341238767 0.512238204
vt 0.341238707 0.574387252
vt 0.35181424 0.574387252
vt 0.351816684 0.512235701
vt 0.351815194 0.574401379
vt 0.351811528 0.512241721
vt 0.341238588 0.512238503
vt 0.341217428 0.574401379
vt 0.346516341 0.58457464
vt 0.333793223 0.585203469
vt 0.359239519 0.585203469
vt 0.339092016 0.594105422
vt 0.353940427 0.594105422
vt 0.341238588 0.512238503
vt 0.341238707 0.574387252
vt 0.35181424 0.574387252
vt 0.351811528 0.512241721
vt 0.351820976 0.574407101
vt 0.351816684 0.512235701
vt 0.341238767 0.512238204
vt 0.34122327 0.57440722
vt 0.346522063 0.584580362
vt 0.333798856 0.58520925
vt 0.359245121 0.58520925
vt 0.339097708 0.594111264
vt 0.353946149 0.594111264
vt 0.351830453 0.574397564
vt 0.351811528 0.512241721
vt 0.341238588 0.512238503
vt 0.341232687 0.574397624
vt 0.346531421 0.584570944
vt 0.333808362 0.585199714
vt 0.359254688 0.585199714
vt 0.339107394 0.594101608
vt 0.353955775 0.594101608
vt 0.373407066 0.501248002
vt 0.406814426 0.510002971
vt 0.406814545 0.501248002
vt 0.373406947 0.510002971
vt 0.349936515 0.501248002
vt 0.349936336 0.510002971
vt 0.316529006 0.501248002
vt 0.316529006 0.510002971
vt 0.293058574 0.501248002
vt 0.293058574 0.510002971
vt 0.259651124 0.501248002
vt 0.259651244 0.510002971
vt 0.236180514 0.501248002
vt 0.236180589 0.510002971
vt 0.202773035 0.501248002
vt 0.202773035 0.510002971
vt 0.179302529 0.501248002
vt 0.179302394 0.510002971
vt 0.152341053 0.497526556
vt 0.182130128 0.492455095
vt 0.161560729 0.479605764
vt 0.174755573 0.506789386
vt 0.14836669 0.508656621
vt 0.171579778 0.515681386
vt 0.144152626 0.528369009
vt 0.168209895 0.531442225
vt 0.143230125 0.540147841
vt 0.167473018 0.54085964
vt 0.144305274 0.560265779
vt 0.168332502 0.556965053
vt 0.146478698 0.571876228
vt 0.170070559 0.566251397
vt 0.152762696 0.591022849
vt 0.17509748 0.581569314
vt 0.157894179 0.601665556
vt 0.179198623 0.59007591
vt 0.368281573 0.491155148
vt 0.411386162 0.500348091
vt 0.411386162 0.491155148
vt 0.368281573 0.500348091
vt 0.354508102 0.491155148
vt 0.354508102 0.500348091
vt 0.311403632 0.491155148
vt 0.311403632 0.500348091
vt 0.297630072 0.500348091
vt 0.297630072 0.491155148
vt 0.254525572 0.491155148
vt 0.254525572 0.500348091
vt 0.24075219 0.491155148
vt 0.24075219 0.500348091
vt 0.197647512 0.491155148
vt 0.197647512 0.500348091
vt 0.183874145 0.491155148
vt 0.183874145 0.500348091
vt 0.373407066 0.501248002
vt 0.406814426 0.510002971
vt 0.406814545 0.501248002
vt 0.373406947 0.510002971
vt 0.349936515 0.501248002
vt 0.349936336 0.510002971
vt 0.316529006 0.501248002
vt 0.316529006 0.510002971
vt 0.293058574 0.501248002
vt 0.293058574 0.510002971
vt 0.259651124 0.501248002
vt 0.259651244 0.510002971
vt 0.236180514 0.501248002
vt 0.236180589 0.510002971
vt 0.202773035 0.501248002
vt 0.202773035 0.510002971
vt 0.179302529 0.501248002
vt 0.179302394 0.510002971
vt 0.152341053 0.497526556
vt 0.182130128 0.492455095
vt 0.161560729 0.479605764
vt 0.174755573 0.506789386
vt 0.14836669 0.508656621
vt 0.171579778 0.515681386
vt 0.144152626 0.528369009
vt 0.168209895 0.531442225
vt 0.143230125 0.540147841
vt 0.167473018 0.54085964
vt 0.144305274 0.560265779
vt 0.168332502 0.556965053
vt 0.146478698 0.571876228
vt 0.170070559 0.566251397
vt 0.152762696 0.591022849
vt 0.17509748 0.581569314
vt 0.157894179 0.601665556
vt 0.179198623 0.59007591
vt 0.368281573 0.491155148
vt 0.411386162 0.500348091
vt 0.411386162 0.491155148
vt 0.368281573 0.500348091
vt 0.354508102 0.491155148
vt 0.354508102 0.500348091
vt 0.311403632 0.491155148
vt 0.311403632 0.500348091
vt 0.297630072 0.500348091
vt 0.297630072 0.491155148
vt 0.254525572 0.491155148
vt 0.254525572 0.500348091
vt 0.24075219 0.491155148
vt 0.24075219 0.500348091
vt 0.197647512 0.491155148
vt 0.197647512 0.500348091
vt 0.183874145 0.491155148
vt 0.183874145 0.500348091
vt 0.373407066 0.501248002
vt 0.406814426 0.510002971
vt 0.406814545 0.501248002
vt 0.373406947 0.510002971
vt 0.349936515 0.501248002
vt 0.349936336 0.510002971
vt 0.316529006 0.501248002
vt 0.316529006 0.510002971
vt 0.293058574 0.501248002
vt 0.293058574 0.510002971
vt 0.259651124 0.501248002
vt 0.259651244 0.510002971
vt 0.236180514 0.501248002
vt 0.236180589 0.510002971
vt 0.202773035 0.501248002
vt 0.202773035 0.510002971
vt 0.179302529 0.501248002
vt 0.179302394 0.510002971
vt 0.152341053 0.497526556
vt 0.182130128 0.492455095
vt 0.161560729 0.479605764
vt 0.174755573 0.506789386
vt 0.14836669 0.508656621
vt 0.171579778 0.515681386
vt 0.144152626 0.528369009
vt 0.168209895 0.531442225
vt 0.143230125 0.540147841
vt 0.167473018 0.54085964
vt 0.144305274 0.560265779
vt 0.168332502 0.556965053
vt 0.146478698 0.571876228
vt 0.170070559 0.566251397
vt 0.152762696 0.591022849
vt 0.17509748 0.581569314
vt 0.157894179 0.601665556
vt 0.179198623 0.59007591
vt 0.368281573 0.491155148
vt 0.411386162 0.500348091
vt 0.411386162 0.491155148
vt 0.368281573 0.500348091
vt 0.354508102 0.491155148
vt 0.354508102 0.500348091
vt 0.311403632 0.491155148
vt 0.311403632 0.500348091
vt 0.297630072 0.500348091
vt 0.297630072 0.491155148
vt 0.254525572 0.491155148
vt 0.254525572 0.500348091
vt 0.24075219 0.491155148
vt 0.24075219 0.500348091
vt 0.197647512 0.491155148
vt 0.197647512 0.500348091
vt 0.183874145 0.491155148
vt 0.183874145 0.500348091
vt 0.373407066 0.501248002
vt 0.406814426 0.510002971
vt 0.406814545 0.501248002
vt 0.373406947 0.510002971
vt 0.349936515 0.501248002
vt 0.349936336 0.510002971
vt 0.316529006 0.501248002
vt 0.316529006 0.510002971
vt 0.293058574 0.501248002
vt 0.293058574 0.510002971
vt 0.259651124 0.501248002
vt 0.259651244 0.510002971
vt 0.236180514 0.501248002
vt 0.236180589 0.510002971
vt 0.202773035 0.501248002
vt 0.202773035 0.510002971
vt 0.179302529 0.501248002
vt 0.179302394 0.510002971
vt 0.152341053 0.497526556
vt 0.182130128 0.492455095
vt 0.161560729 0.479605764
vt 0.174755573 0.506789386
vt 0.14836669 0.508656621
vt 0.171579778 0.515681386
vt 0.144152626 0.528369009
vt 0.168209895 0.531442225
vt 0.143230125 0.540147841
vt 0.167473018 0.54085964
vt 0.144305274 0.560265779
vt 0.168332502 0.556965053
vt 0.146478698 0.571876228
vt 0.170070559 0.566251397
vt 0.152762696 0.591022849
vt 0.17509748 0.581569314
vt 0.157894179 0.601665556
vt 0.179198623 0.59007591
vt 0.368281573 0.491155148
vt 0.411386162 0.500348091
vt 0.411386162 0.491155148
vt 0.368281573 0.500348091
vt 0.354508102 0.491155148
vt 0.354508102 0.500348091
vt 0.311403632 0.491155148
vt 0.311403632 0.500348091
vt 0.297630072 0.500348091
vt 0.297630072 0.491155148
vt 0.254525572 0.491155148
vt 0.254525572 0.500348091
vt 0.24075219 0.491155148
vt 0.24075219 0.500348091
vt 0.197647512 0.491155148
vt 0.197647512 0.500348091
vt 0.183874145 0.491155148
vt 0.183874145 0.500348091
vt 0.373407066 0.501248002
vt 0.406814426 0.510002971
vt 0.406814545 0.501248002
vt 0.373406947 0.510002971
vt 0.349936515 0.501248002
vt 0.349936336 0.510002971
vt 0.316529006 0.501248002
vt 0.316529006 0.510002971
vt 0.293058574 0.501248002
vt 0.293058574 0.510002971
vt 0.259651124 0.501248002
vt 0.259651244 0.510002971
vt 0.236180514 0.501248002
vt 0.236180589 0.510002971
vt 0.202773035 0.501248002
vt 0.202773035 0.510002971
vt 0.179302529 0.501248002
vt 0.179302394 0.510002971
vt 0.152341053 0.497526556
vt 0.182130128 0.492455095
vt 0.161560729 0.479605764
vt 0.174755573 0.506789386
vt 0.14836669 0.508656621
vt 0.171579778 0.515681386
vt 0.144152626 0.528369009
vt 0.168209895 0.531442225
vt 0.143230125 0.540147841
vt 0.167473018 0.54085964
vt 0.144305274 0.560265779
vt 0.168332502 0.556965053
vt 0.146478698 0.571876228
vt 0.170070559 0.566251397
vt 0.152762696 0.591022849
vt 0.17509748 0.581569314
vt 0.157894179 0.601665556
vt 0.179198623 0.59007591
vt 0.201188356 0.537650406
vt 0.22761853 0.537650406
vt 0.227618396 0.564080477
vt 0.201188356 0.564080477
vt 0.322065234 0.565958321
vt 0.282595873 0.57751894
vt 0.310504973 0.57751894
vt 0.271035403 0.5659585
vt 0.271035403 0.538049519
vt 0.322065234 0.538049459
vt 0.310504973 0.526489079
vt 0.282595873 0.526489139
vt 0.234272793 0.521521568
vt 0.22761853 0.537650406
vt 0.201188356 0.537650406
vt 0.194534019 0.521521568
vt 0.185059592 0.530996025
vt 0.201188356 0.537650406
vt 0.201188356 0.564080477
vt 0.185059592 0.570734799
vt 0.194534019 0.580209196
vt 0.201188356 0.564080477
vt 0.227618396 0.564080477
vt 0.234272793 0.580209196
vt 0.243747205 0.570734799
vt 0.227618396 0.564080477
vt 0.22761853 0.537650406
vt 0.243747279 0.530996025
vt 0.201188356 0.537650406
vt 0.22761853 0.537650406
vt 0.227618396 0.564080477
vt 0.201188356 0.564080477
vt 0.322065234 0.565958321
vt 0.282595873 0.57751894
vt 0.310504973 0.57751894
vt 0.271035403 0.5659585
vt 0.271035403 0.538049519
vt 0.322065234 0.538049459
vt 0.310504973 0.526489079
vt 0.282595873 0.526489139
vt 0.234272793 0.521521568
vt 0.22761853 0.537650406
vt 0.201188356 0.537650406
vt 0.194534019 0.521521568
vt 0.185059592 0.530996025
vt 0.201188356 0.537650406
vt 0.201188356 0.564080477
vt 0.185059592 0.570734799
vt 0.194534019 0.580209196
vt 0.201188356 0.564080477
vt 0.227618396 0.564080477
vt 0.234272793 0.580209196
vt 0.243747205 0.570734799
vt 0.227618396 0.564080477
vt 0.22761853 0.537650406
vt 0.243747279 0.530996025
vt 0.0871014819 0.569017589
vt 0.102861352 0.614354551
vt 0.0871014819 0.614354372
vt 0.102861352 0.569017589
vt 0.120393172 0.614354789
vt 0.120393172 0.569017589
vt 0.136139318 0.614354789
vt 0.136139318 0.569017589
vt 0.0694694519 0.569017589
vt 0.0871014819 0.569017589
vt 0.0871014819 0.614354372
vt 0.0694694519 0.614353716
vt 0.0536554232 0.569017589
vt 0.0694694519 0.569017589
vt 0.0694694519 0.614353716
vt 0.0536554232 0.614353538
vt 0.0363097563 0.569017589
vt 0.0363097563 0.614353061
vt 0.0207588784 0.569017589
vt 0.0207588784 0.614352882
vt 0.00336805894 0.569017589
vt 0.0207588784 0.569017589
vt 0.0207588784 0.614352882
vt 0.00336805894 0.614352703
vt 0.144560009 0.735112071
vt 0.157264173 0.689855278
vt 0.144577652 0.689853549
vt 0.157264173 0.735112071
vt 0.169070974 0.689855695
vt 0.169070974 0.735112071
vt 0.182457983 0.689856172
vt 0.182457983 0.735112071
vt 0.231968209 0.735112071
vt 0.243533179 0.735112071
vt 0.24352169 0.689858496
vt 0.231968209 0.689859509
vt 0.218569621 0.735112071
vt 0.231968209 0.735112071
vt 0.231968209 0.689859509
vt 0.218569621 0.689859092
vt 0.206768319 0.735112071
vt 0.206768319 0.689858675
vt 0.1940929 0.735112071
vt 0.1940929 0.689857364
vt 0.182457983 0.735112071
vt 0.1940929 0.735112071
vt 0.1940929 0.689857364
vt 0.182457983 0.689856172
vt 0.00336804357 0.764106929
vt 0.00336804357 0.809443891
vt 0.0207588784 0.809443891
vt 0.0207588784 0.764106691
vt 0.0363097563 0.809443891
vt 0.0363097563 0.764106691
vt 0.120393127 0.764107108
vt 0.120393127 0.809443891
vt 0.135994047 0.809443891
vt 0.135994047 0.764106929
vt 0.102861397 0.764107764
vt 0.102861397 0.809443891
vt 0.120393127 0.809443891
vt 0.120393127 0.764107108
vt 0.0871015564 0.764107943
vt 0.102861397 0.809443891
vt 0.102861397 0.764107764
vt 0.0871015564 0.809443891
vt 0.069469437 0.764108419
vt 0.069469437 0.809443891
vt 0.0536553785 0.764108598
vt 0.0536553785 0.809443891
vt 0.0363097563 0.764108777
vt 0.0363097563 0.809443891
vt 0.0536553785 0.809443891
vt 0.0536553785 0.764108598
vt 0.157264173 0.689855278
vt 0.157264173 0.735112071
vt 0.169070974 0.735112071
vt 0.169070974 0.689855695
vt 0.182457983 0.735112071
vt 0.182457983 0.689856172
vt 0.1940929 0.735112071
vt 0.1940929 0.689857364
vt 0.144577652 0.689853549
vt 0.144560009 0.735112071
vt 0.157264173 0.735112071
vt 0.157264173 0.689855278
vt 0.231968209 0.689859509
vt 0.243533179 0.735112071
vt 0.24352169 0.689858496
vt 0.231968209 0.735112071
vt 0.218569621 0.689859092
vt 0.218569621 0.735112071
vt 0.206768319 0.689858675
vt 0.206768319 0.735112071
vt 0.1940929 0.689857364
vt 0.1940929 0.735112071
vt 0.206768319 0.735112071
vt 0.206768319 0.689858675
vt 0.0871014819 0.569017589
vt 0.102861352 0.614354551
vt 0.0871014819 0.614354372
vt 0.102861352 0.569017589
vt 0.120393172 0.614354789
vt 0.120393172 0.569017589
vt 0.136139318 0.614354789
vt 0.136139318 0.569017589
vt 0.0694694519 0.569017589
vt 0.0871014819 0.569017589
vt 0.0871014819 0.614354372
vt 0.0694694519 0.614353716
vt 0.0536554232 0.569017589
vt 0.0694694519 0.569017589
vt 0.0694694519 0.614353716
vt 0.0536554232 0.614353538
vt 0.0363097563 0.569017589
vt 0.0363097563 0.614353061
vt 0.0207588784 0.569017589
vt 0.0207588784 0.614352882
vt 0.00336805894 0.569017589
vt 0.0207588784 0.569017589
vt 0.0207588784 0.614352882
vt 0.00336805894 0.614352703
vt 0.144560009 0.735112071
vt 0.157264173 0.689855278
vt 0.144577652 0.689853549
vt 0.157264173 0.735112071
vt 0.169070974 0.689855695
vt 0.169070974 0.735112071
vt 0.182457983 0.689856172
vt 0.182457983 0.735112071
vt 0.231968209 0.735112071
vt 0.243533179 0.735112071
vt 0.24352169 0.689858496
vt 0.231968209 0.689859509
vt 0.218569621 0.735112071
vt 0.231968209 0.735112071
vt 0.231968209 0.689859509
vt 0.218569621 0.689859092
vt 0.206768319 0.735112071
vt 0.206768319 0.689858675
vt 0.1940929 0.735112071
vt 0.1940929 0.689857364
vt 0.182457983 0.735112071
vt 0.1940929 0.735112071
vt 0.1940929 0.689857364
vt 0.182457983 0.689856172
vt 0.00336804357 0.764106929
vt 0.00336804357 0.809443891
vt 0.0207588784 0.809443891
vt 0.0207588784 0.764106691
vt 0.0363097563 0.809443891
vt 0.0363097563 0.764106691
vt 0.120393127 0.764107108
vt 0.120393127 0.809443891
vt 0.135994047 0.809443891
vt 0.135994047 0.764106929
vt 0.102861397 0.764107764
vt 0.102861397 0.809443891
vt 0.120393127 0.809443891
vt 0.120393127 0.764107108
vt 0.0871015564 0.764107943
vt 0.102861397 0.809443891
vt 0.102861397 0.764107764
vt 0.0871015564 0.809443891
vt 0.069469437 0.764108419
vt 0.069469437 0.809443891
vt 0.0536553785 0.764108598
vt 0.0536553785 0.809443891
vt 0.0363097563 0.764108777
vt 0.0363097563 0.809443891
vt 0.0536553785 0.809443891
vt 0.0536553785 0.764108598
vt 0.157264173 0.689855278
vt 0.157264173 0.735112071
vt 0.169070974 0.735112071
vt 0.169070974 0.689855695
vt 0.182457983 0.735112071
vt 0.182457983 0.689856172
vt 0.1940929 0.735112071
vt 0.1940929 0.689857364
vt 0.144577652 0.689853549
vt 0.144560009 0.735112071
vt 0.157264173 0.735112071
vt 0.157264173 0.689855278
vt 0.231968209 0.689859509
vt 0.243533179 0.735112071
vt 0.24352169 0.689858496
vt 0.231968209 0.735112071
vt 0.218569621 0.689859092
vt 0.218569621 0.735112071
vt 0.206768319 0.689858675
vt 0.206768319 0.735112071
vt 0.1940929 0.689857364
vt 0.1940929 0.735112071
vt 0.206768319 0.735112071
vt 0.206768319 0.689858675
vt 0.00336804357 0.764106929
vt 0.00336804357 0.809443891
vt 0.0207588784 0.809443891
vt 0.0207588784 0.764106691
vt 0.0363097563 0.809443891
vt 0.0363097563 0.764106691
vt 0.120393127 0.764107108
vt 0.120393127 0.809443891
vt 0.135994047 0.809443891
vt 0.135994047 0.764106929
vt 0.102861397 0.764107764
vt 0.102861397 0.809443891
vt 0.120393127 0.809443891
vt 0.120393127 0.764107108
vt 0.0871015564 0.764107943
vt 0.102861397 0.809443891
vt 0.102861397 0.764107764
vt 0.0871015564 0.809443891
vt 0.069469437 0.764108419
vt 0.069469437 0.809443891
vt 0.0536553785 0.764108598
vt 0.0536553785 0.809443891
vt 0.0363097563 0.764108777
vt 0.0363097563 0.809443891
vt 0.0536553785 0.809443891
vt 0.0536553785 0.764108598
vt 0.157264173 0.689855278
vt 0.157264173 0.735112071
vt 0.169070974 0.735112071
vt 0.169070974 0.689855695
vt 0.182457983 0.735112071
vt 0.182457983 0.689856172
vt 0.1940929 0.735112071
vt 0.1940929 0.689857364
vt 0.144577652 0.689853549
vt 0.144560009 0.735112071
vt 0.157264173 0.735112071
vt 0.157264173 0.689855278
vt 0.231968209 0.689859509
vt 0.243533179 0.735112071
vt 0.24352169 0.689858496
vt 0.231968209 0.735112071
vt 0.218569621 0.689859092
vt 0.218569621 0.735112071
vt 0.206768319 0.689858675
vt 0.206768319 0.735112071
vt 0.1940929 0.689857364
vt 0.1940929 0.735112071
vt 0.206768319 0.735112071
vt 0.206768319 0.689858675
vt 0.346525788 0.584565163
vt 0.359248966 0.585194051
vt 0.353950113 0.594095886
vt 0.351824701 0.574391842
vt 0.339101613 0.594095886
vt 0.341226995 0.574391842
vt 0.3338027 0.585194051
vt 0.359248966 0.585194051
vt 0.351824701 0.574391842
vt 0.346525788 0.584565163
vt 0.353950113 0.594095886
vt 0.341226995 0.574391842
vt 0.339101613 0.594095886
vt 0.3338027 0.585194051
vt 0.351830453 0.574397564
vt 0.359254688 0.585199714
vt 0.346531421 0.584570944
vt 0.341232687 0.574397624
vt 0.353955775 0.594101608
vt 0.333808362 0.585199714
vt 0.339107394 0.594101608
vt 0.346522063 0.584580362
vt 0.359245121 0.58520925
vt 0.353946149 0.594111264
vt 0.351820976 0.574407101
vt 0.339097708 0.594111264
vt 0.34122327 0.57440722
vt 0.333798856 0.58520925
vt 0.333793223 0.585203469
vt 0.341217428 0.574401379
vt 0.346516341 0.58457464
vt 0.339092016 0.594105422
vt 0.351815194 0.574401379
vt 0.353940427 0.594105422
vt 0.359239519 0.585203469
vt 0.243351296 0.893893063
vt 0.237342566 0.913127661
vt 0.243344903 0.915795267
vt 0.237288713 0.896663189
vt 0.227520749 0.92273128
vt 0.230309129 0.880872905
vt 0.230264947 0.928717196
vt 0.227547809 0.886895478
vt 0.211056277 0.92273128
vt 0.208310634 0.880853891
vt 0.208266318 0.928717196
vt 0.211069733 0.886900127
vt 0.20123066 0.91304642
vt 0.195211872 0.893904209
vt 0.195172146 0.915767908
vt 0.201286867 0.896702588
vt 0.243351296 0.893893063
vt 0.237342566 0.913127661
vt 0.243344903 0.915795267
vt 0.237288713 0.896663189
vt 0.227520749 0.92273128
vt 0.230309129 0.880872905
vt 0.230264947 0.928717196
vt 0.227547809 0.886895478
vt 0.211056277 0.92273128
vt 0.208310634 0.880853891
vt 0.208266318 0.928717196
vt 0.211069733 0.886900127
vt 0.20123066 0.91304642
vt 0.195211872 0.893904209
vt 0.195172146 0.915767908
vt 0.201286867 0.896702588
vt 0.256652474 0.572351277
vt 0.2663908 0.534849763
vt 0.256649226 0.531641662
vt 0.266389251 0.569017589
vt 0.279755771 0.522277772
vt 0.276932597 0.590739489
vt 0.276716858 0.512825131
vt 0.279851258 0.581225514
vt 0.314077348 0.521752238
vt 0.317598909 0.589793086
vt 0.316963375 0.512740433
vt 0.314452112 0.581225216
vt 0.328341633 0.534796238
vt 0.337506294 0.571227312
vt 0.337477475 0.531570613
vt 0.328342587 0.567961812
vt 0.236411393 0.583281577
vt 0.194903642 0.591282785
vt 0.193125963 0.583281577
vt 0.234633729 0.591282785
vt 0.174804702 0.57118398
vt 0.246731326 0.572961688
vt 0.182806045 0.572961688
vt 0.254732519 0.57118398
vt 0.174804702 0.531453848
vt 0.246731326 0.529676199
vt 0.182806045 0.529676199
vt 0.254732519 0.531453848
vt 0.194903642 0.511354983
vt 0.236411393 0.51935631
vt 0.193125963 0.51935631
vt 0.234633729 0.511354983
vt 0.256652474 0.572351277
vt 0.2663908 0.534849763
vt 0.256649226 0.531641662
vt 0.266389251 0.569017589
vt 0.279755771 0.522277772
vt 0.276932597 0.590739489
vt 0.276716858 0.512825131
vt 0.279851258 0.581225514
vt 0.314077348 0.521752238
vt 0.317598909 0.589793086
vt 0.316963375 0.512740433
vt 0.314452112 0.581225216
vt 0.328341633 0.534796238
vt 0.337506294 0.571227312
vt 0.337477475 0.531570613
vt 0.328342587 0.567961812
vt 0.236411393 0.583281577
vt 0.194903642 0.591282785
vt 0.193125963 0.583281577
vt 0.234633729 0.591282785
vt 0.174804702 0.57118398
vt 0.246731326 0.572961688
vt 0.182806045 0.572961688
vt 0.254732519 0.57118398
vt 0.174804702 0.531453848
vt 0.246731326 0.529676199
vt 0.182806045 0.529676199
vt 0.254732519 0.531453848
vt 0.194903642 0.511354983
vt 0.236411393 0.51935631
vt 0.193125963 0.51935631
vt 0.234633729 0.511354983
vt 0.256652474 0.572351277
vt 0.2663908 0.534849763
vt 0.256649226 0.531641662
vt 0.266389251 0.569017589
vt 0.279755771 0.522277772
vt 0.276932597 0.590739489
vt 0.276716858 0.512825131
vt 0.279851258 0.581225514
vt 0.314077348 0.521752238
vt 0.317598909 0.589793086
vt 0.316963375 0.512740433
vt 0.314452112 0.581225216
vt 0.328341633 0.534796238
vt 0.337506294 0.571227312
vt 0.337477475 0.531570613
vt 0.328342587 0.567961812
vt 0.236411393 0.583281577
vt 0.194903642 0.591282785
vt 0.193125963 0.583281577
vt 0.234633729 0.591282785
vt 0.174804702 0.57118398
vt 0.246731326 0.572961688
vt 0.182806045 0.572961688
vt 0.254732519 0.57118398
vt 0.174804702 0.531453848
vt 0.246731326 0.529676199
vt 0.182806045 0.529676199
vt 0.254732519 0.531453848
vt 0.194903642 0.511354983
vt 0.236411393 0.51935631
vt 0.193125963 0.51935631
vt 0.234633729 0.511354983
vt 0.256652474 0.572351277
vt 0.2663908 0.534849763
vt 0.256649226 0.531641662
vt 0.266389251 0.569017589
vt 0.279755771 0.522277772
vt 0.276932597 0.590739489
vt 0.276716858 0.512825131
vt 0.279851258 0.581225514
vt 0.314077348 0.521752238
vt 0.317598909 0.589793086
vt 0.316963375 0.512740433
vt 0.314452112 0.581225216
vt 0.328341633 0.534796238
vt 0.337506294 0.571227312
vt 0.337477475 0.531570613
vt 0.328342587 0.567961812
vt 0.236411393 0.583281577
vt 0.194903642 0.591282785
vt 0.193125963 0.583281577
vt 0.234633729 0.591282785
vt 0.174804702 0.57118398
vt 0.246731326 0.572961688
vt 0.182806045 0.572961688
vt 0.254732519 0.57118398
vt 0.174804702 0.531453848
vt 0.246731326 0.529676199
vt 0.182806045 0.529676199
vt 0.254732519 0.531453848
vt 0.194903642 0.511354983
vt 0.236411393 0.51935631
vt 0.193125963 0.51935631
vt 0.234633729 0.511354983
vt 0.256652474 0.572351277
vt 0.2663908 0.534849763
vt 0.256649226 0.531641662
vt 0.266389251 0.569017589
vt 0.279755771 0.522277772
vt 0.276932597 0.590739489
vt 0.276716858 0.512825131
vt 0.279851258 0.581225514
vt 0.314077348 0.521752238
vt 0.317598909 0.589793086
vt 0.316963375 0.512740433
vt 0.314452112 0.581225216
vt 0.328341633 0.534796238
vt 0.337506294 0.571227312
vt 0.337477475 0.531570613
vt 0.328342587 0.567961812
vt 0.236411393 0.583281577
vt 0.194903642 0.591282785
vt 0.193125963 0.583281577
vt 0.234633729 0.591282785
vt 0.174804702 0.57118398
vt 0.246731326 0.572961688
vt 0.182806045 0.572961688
vt 0.254732519 0.57118398
vt 0.174804702 0.531453848
vt 0.246731326 0.529676199
vt 0.182806045 0.529676199
vt 0.254732519 0.531453848
vt 0.194903642 0.511354983
vt 0.236411393 0.51935631
vt 0.193125963 0.51935631
vt 0.234633729 0.511354983
vt 0.195172146 0.915767908
vt 0.20123066 0.91304642
vt 0.201287389 0.896703184
vt 0.195211872 0.893904209
vt 0.208266318 0.928717196
vt 0.211069733 0.886900127
vt 0.211056277 0.92273128
vt 0.208310634 0.880853891
vt 0.230264947 0.928717196
vt 0.227547809 0.886895478
vt 0.227520749 0.92273128
vt 0.230309129 0.880872905
vt 0.243344903 0.915795267
vt 0.237288713 0.896663189
vt 0.237342566 0.913127661
vt 0.243351296 0.893893063
vt 0.195172146 0.915767908
vt 0.20123066 0.91304642
vt 0.201287389 0.896703184
vt 0.195211872 0.893904209
vt 0.208266318 0.928717196
vt 0.211069733 0.886900127
vt 0.211056277 0.92273128
vt 0.208310634 0.880853891
vt 0.230264947 0.928717196
vt 0.227547809 0.886895478
vt 0.227520749 0.92273128
vt 0.230309129 0.880872905
vt 0.243344903 0.915795267
vt 0.237288713 0.896663189
vt 0.237342566 0.913127661
vt 0.243351296 0.893893063
vt 0.195172146 0.915767908
vt 0.20123066 0.91304642
vt 0.201287389 0.896703184
vt 0.195211872 0.893904209
vt 0.208266318 0.928717196
vt 0.211069733 0.886900127
vt 0.211056277 0.92273128
vt 0.208310634 0.880853891
vt 0.230264947 0.928717196
vt 0.227547809 0.886895478
vt 0.227520749 0.92273128
vt 0.230309129 0.880872905
vt 0.243344903 0.915795267
vt 0.237288713 0.896663189
vt 0.237342566 0.913127661
vt 0.243351296 0.893893063
vn -0.577345073 0.577346504 -0.577359259
vn -0.577345073 0.577346444 -0.5773592
vn -0.0215983912 0.888914585 -0.45756343
vn -0.577344894 -0.577346981 -0.577358961
vn -0.577344894 -0.577346981 -0.577358902
vn -0.57616812 -0.576171279 -0.579704165
vn 0.576169848 -0.57970649 -0.576167345
vn 0.579703748 -0.576174855 -0.576164961
vn 0.0216023214 -0.888916373 -0.457559854
vn 0.57735312 0.57735312 -0.577344656
vn 0.576171041 0.579706073 -0.576166451
vn 0.0216068178 0.888916552 -0.457559139
vn 0.576171517 0.579705834 0.576166153
vn 0.457558304 0.888917267 0.0215972792
vn 0.0216063522 0.888917446 0.457557648
vn 0.579703212 -0.576174617 0.576165795
vn 0.576170623 -0.57970655 0.576166272
vn 0.576173544 -0.576173127 0.579696894
vn -0.576171756 -0.579698741 0.576173127
vn -0.5797019 -0.576168597 0.576173127
vn -0.0216029957 -0.888916314 0.457559973
vn -0.457562476 0.888915002 0.0216044877
vn -0.576171339 0.57969898 0.576173306
vn -0.0215998571 0.888916552 0.457559586
vn -0.101619385 0.989619553 -0.10161978
vn -0.101619378 0.989619553 -0.101619773
vn -0.101619378 0.989619553 -0.101619773
vn -0.101617962 0.989619792 0.101619557
vn -0.101617962 0.989619792 0.101619549
vn -0.101617962 0.989619792 0.101619557
vn 0.101619035 0.989619672 0.101618759
vn 0.101619035 0.989619672 0.101618774
vn 0.101619035 0.989619672 0.101618759
vn 0.101619184 0.989619672 -0.101618685
vn 0.101619191 0.989619672 -0.101618685
vn 0.101619199 0.989619672 -0.101618677
vn -0.101618506 -0.989619672 0.101619311
vn -0.101618491 -0.989619672 0.101619303
vn -0.101618506 -0.989619672 0.101619311
vn -0.101617388 -0.989619911 -0.101618327
vn -0.101617381 -0.989619911 -0.10161832
vn -0.101617381 -0.989619911 -0.10161832
vn 0.101619311 -0.989619911 -0.101616666
vn 0.101619326 -0.989619911 -0.101616673
vn 0.101619311 -0.989619911 -0.101616651
vn 0.101618506 -0.989619672 0.101619311
vn 0.101618491 -0.989619672 0.101619303
vn 0.101618506 -0.989619672 0.101619311
vn -0.302212507 0.464508057 -0.832405984
vn -0 -0.382683158 -0.923879623
vn -0.30221194 -0.464508057 -0.832406342
vn -0 0.382683158 -0.923879623
vn -0.3022044 0.832410932 -0.46450451
vn -0 0.923879445 -0.382683724
vn -0.302204251 0.832410932 0.464504659
vn -0 0.923879445 0.382683724
vn -0 0.382683158 0.923879623
vn -0.302209616 0.464506954 0.832407713
vn -0.302209824 -0.464506716 0.832407832
vn -0 -0.382683158 0.923879623
vn -0.30220443 -0.832410932 0.464504659
vn -0 -0.923879445 0.382683724
vn -0.302204669 -0.832410932 -0.46450451
vn -0 -0.923879445 -0.382683724
vn -0.30221194 -0.464508057 -0.832406342
vn -0 -0.382683158 -0.923879623
vn -0.680112422 -0.540143192 0.495673686
vn -0.680112123 -0.540143609 -0.495673507
vn -0.302204669 -0.832410932 -0.46450451
vn -0.30220443 -0.832410932 0.464504659
vn -0.495668203 -0.540154755 -0.680107236
vn 0.495671928 -0.540142715 -0.68011415
vn 0.464501828 -0.832407236 -0.302218765
vn -0.464505255 -0.832416236 -0.302188575
vn 0.680115044 -0.540143311 -0.495669991
vn 0.680113733 -0.540144622 0.49567017
vn 0.302205861 -0.832410455 0.46450457
vn 0.30221054 -0.832409203 -0.464503765
vn 0.495669991 -0.540134728 0.680121839
vn -0.495666176 -0.540151119 0.680111647
vn -0.464506805 -0.832415462 0.302188307
vn 0.464499921 -0.832405806 0.30222559
vn -0.495670527 0.540145934 0.680112541
vn 0.464502841 0.302200586 0.832413316
vn 0.464499891 0.832406163 0.302224874
vn -0.464500606 0.832418382 0.302190155
vn 0.680110693 0.540148556 0.495670229
vn 0.832410097 0.302206904 -0.464504361
vn 0.302206218 0.832410455 -0.464504361
vn 0.302199781 0.832412779 0.464504361
vn 0.464503795 0.302205503 -0.832411051
vn -0.464504689 0.302211523 -0.832408309
vn -0.464505643 0.832417548 -0.302184492
vn 0.464502394 0.832408726 -0.302213877
vn -0.680112481 0.540143609 -0.49567315
vn -0.832410514 0.30220446 0.464505196
vn -0.302204251 0.832410932 0.464504659
vn -0.3022044 0.832410932 -0.46450451
vn 0.30219242 0.464499772 0.832417965
vn 0.302195609 -0.464499205 0.832417071
vn 0.832401633 -0.464501977 0.302234143
vn 0.832401395 0.464502066 0.302234828
vn 0.577341259 0.577349484 0.577359915
vn 0.464499891 0.832406163 0.302224874
vn 0.302199781 0.832412779 0.464504361
vn 0.464502841 0.302200586 0.832413316
vn 0.680110693 0.540148556 0.495670229
vn -0.302209824 -0.464506716 0.832407832
vn -0.302209616 0.464506954 0.832407713
vn -0.832416832 0.464510441 0.302179158
vn -0.832417727 -0.464508355 0.302179962
vn 0.3022075 -0.464500248 -0.832412183
vn 0.302205175 0.464500636 -0.832412958
vn 0.832407653 0.464499474 -0.302221447
vn 0.832407176 -0.464498997 -0.302223444
vn 0.577347577 -0.577347159 -0.577355981
vn 0.464501828 -0.832407236 -0.302218765
vn 0.30221054 -0.832409203 -0.464503765
vn 0.495671928 -0.540142715 -0.68011415
vn 0.680115044 -0.540143311 -0.495669991
vn -0.302212507 0.464508057 -0.832405984
vn -0.30221194 -0.464508057 -0.832406342
vn -0.832418561 -0.46450606 -0.302181423
vn -0.832419395 0.464506567 -0.302178234
vn -0.577355087 0.577353537 -0.577342153
vn -0.464505643 0.832417548 -0.302184492
vn -0.3022044 0.832410932 -0.46450451
vn -0.464504689 0.302211523 -0.832408309
vn -0.680112481 0.540143609 -0.49567315
vn -0.0447731353 0.382977486 -0.922671974
vn -0.0447786078 -0.381594241 -0.923244715
vn -0.0447832532 -0.382982343 -0.92266947
vn -0.0447685644 0.381599635 -0.923242986
vn -0.0447624549 0.922670066 -0.382983446
vn -0.0447578058 0.923245847 -0.381593853
vn -0.0447573885 0.922671378 0.382980824
vn -0.0447527841 0.923244953 0.381596833
vn -0.0447609462 0.382978857 0.922671974
vn -0.0447563715 0.381598711 0.92324388
vn -0.0447710715 -0.382983685 0.92266947
vn -0.0447664298 -0.381593287 0.923245609
vn -0.0447826311 -0.922671258 0.382977933
vn -0.0447780639 -0.923242807 0.38159883
vn -0.0447877049 -0.922670066 -0.382980615
vn -0.0447830893 -0.923243701 -0.38159591
vn -0.0447832532 -0.382982343 -0.92266947
vn -0.0447786078 -0.381594241 -0.923244715
vn -0.172618642 0.908400297 0.380804211
vn 0.0216068178 0.888916552 -0.457559139
vn -0.1726197 0.908399701 -0.380805105
vn 0.0216063522 0.888917446 0.457557648
vn -0.172618985 0.380803466 0.908400476
vn 0.576171517 0.579705834 0.576166153
vn -0.172620744 -0.380805045 0.908399403
vn 0.576170623 -0.57970655 0.576166272
vn -0.172622368 -0.908400118 0.38080287
vn 0.576173544 -0.576173127 0.579696894
vn -0.172623262 -0.908399224 -0.380804539
vn 0.0216023214 -0.888916373 -0.457559854
vn -0.172623605 -0.380802512 -0.908399999
vn 0.576169848 -0.57970649 -0.576167345
vn -0.172622263 0.380802095 -0.908400416
vn 0.576171041 0.579706073 -0.576166451
vn -0.1726197 0.908399701 -0.380805105
vn 0.0216068178 0.888916552 -0.457559139
vn 0.464503795 0.302205503 -0.832411051
vn -0.382682621 -7.29080909E-07 -0.923879921
vn -0.464504689 0.302211523 -0.832408309
vn 0.382682145 7.85485156E-07 -0.923880041
vn 0.832410097 0.302206904 -0.464504361
vn 0.923878908 2.91632455E-06 -0.382684886
vn 0.923879087 1.70466922E-06 0.382684439
vn 0.923879087 1.70467013E-06 0.38268429
vn 0.38268286 0 0.923879802
vn 0.464502841 0.302200586 0.832413316
vn -0.38268286 0 0.923879743
vn -0.3826828 0 0.923879802
vn -0.832410514 0.30220446 0.464505196
vn -0.923879325 0 0.382684082
vn -0.923879087 -3.02914145E-07 -0.38268438
vn -0.923879206 -3.0291406E-07 -0.382684201
vn -0.464504689 0.302211523 -0.832408309
vn -0.382682621 -7.29080909E-07 -0.923879921
vn 0.382977486 0.0447731353 -0.922671974
vn -0.381595254 0.0447786413 -0.923244238
vn -0.38298133 0.0447832569 -0.922669828
vn 0.381599605 0.0447685793 -0.923242986
vn 0.922670066 0.0447624698 -0.382983446
vn 0.923245847 0.0447578318 -0.381593853
vn 0.922671378 0.0447574109 0.382980824
vn 0.923244953 0.0447528027 0.381596833
vn 0.382978797 0.0447609611 0.922671974
vn 0.381598741 0.0447563902 0.92324388
vn -0.382982701 0.0447710976 0.922669947
vn -0.38159433 0.0447664596 0.923245251
vn -0.922671378 0.0447853319 0.382977486
vn -0.923242509 0.0447807759 0.381599188
vn -0.922670066 0.0447903834 -0.382980108
vn -0.923243523 0.0447857939 -0.381596297
vn -0.38298133 0.0447832569 -0.922669828
vn -0.381595254 0.0447786413 -0.923244238
vn 0.908401489 0.172618136 0.38080138
vn 0.911840618 0.172455519 -0.372566611
vn 0.908400893 0.172618762 -0.380802512
vn 0.576173544 -0.576173127 0.579696894
vn 0.380805761 0.17261833 0.908399582
vn 0.579703212 -0.576174617 0.576165795
vn -0.380805045 0.172620609 0.908399522
vn -0.5797019 -0.576168597 0.576173127
vn -0.90839982 0.172622129 0.380803615
vn -0.911839485 0.172458827 0.372567713
vn -0.90839982 0.172622025 -0.380803645
vn -0.57616812 -0.576171279 -0.579704165
vn -0.380803704 0.172622055 -0.90839982
vn -0.372567177 0.172458738 -0.911839724
vn 0.38080439 0.172620341 -0.90839982
vn 0.579703748 -0.576174855 -0.576164961
vn 0.908400893 0.172618762 -0.380802512
vn 0.911840618 0.172455519 -0.372566611
vn 0.3022075 -0.464500248 -0.832412183
vn 4.62099433E-06 0.382684082 -0.923879325
vn 0.302205175 0.464500636 -0.832412958
vn 7.01797535E-06 -0.38268277 -0.923879802
vn 0.30221054 -0.832409203 -0.464503765
vn 5.31330079E-06 -0.923879743 -0.382683069
vn 0.302205861 -0.832410455 0.46450457
vn 4.93003483E-07 -0.92387861 0.382685602
vn -4.62100843E-06 -0.382681668 0.923880219
vn 0.302195609 -0.464499205 0.832417071
vn 0.30219242 0.464499772 0.832417965
vn -7.01797399E-06 0.382682949 0.923879743
vn 0.302199781 0.832412779 0.464504361
vn -5.31330988E-06 0.923878789 0.382685006
vn 0.302206218 0.832410455 -0.464504361
vn -4.93027528E-07 0.923879921 -0.382682443
vn 0.302205175 0.464500636 -0.832412958
vn 4.62099433E-06 0.382684082 -0.923879325
vn 0.0447731353 -0.382977486 -0.922671974
vn 0.044778619 0.381595254 -0.923244298
vn 0.044783242 0.38298133 -0.922669828
vn 0.0447685607 -0.381599605 -0.923242986
vn 0.0447624549 -0.922670066 -0.382983446
vn 0.0447578058 -0.923245847 -0.381593853
vn 0.0447573885 -0.922671378 0.382980824
vn 0.0447527841 -0.923244953 0.381596833
vn 0.0447609462 -0.382978857 0.922671974
vn 0.0447563715 -0.381598741 0.92324388
vn 0.0447710678 0.382982582 0.922669947
vn 0.0447664447 0.38159433 0.923245251
vn 0.0447853059 0.922671378 0.382977486
vn 0.0447807573 0.923242509 0.381599277
vn 0.0447903723 0.922670066 -0.382980287
vn 0.0447857715 0.923243523 -0.381596386
vn 0.044783242 0.38298133 -0.922669828
vn 0.044778619 0.381595254 -0.923244298
vn 0.17261897 -0.908400893 0.380802363
vn -0.57616812 -0.576171279 -0.579704165
vn 0.172621071 -0.908399999 -0.380803615
vn -0.0216029957 -0.888916314 0.457559973
vn 0.172617733 -0.380805582 0.90839982
vn -0.576171756 -0.579698741 0.576173127
vn 0.172618553 0.380806148 0.908399403
vn -0.576171339 0.57969898 0.576173306
vn 0.172621086 0.908400893 0.380801558
vn -0.0215998571 0.888916552 0.457559586
vn 0.172623187 0.908399582 -0.380803674
vn -0.0215983912 0.888914585 -0.45756343
vn 0.172624052 0.380803943 -0.908399284
vn -0.575850725 0.580331624 -0.575856745
vn 0.172623098 -0.380803645 -0.908399582
vn -0.575852096 -0.580331743 -0.575855374
vn 0.172621071 -0.908399999 -0.380803615
vn -0.57616812 -0.576171279 -0.579704165
vn -0.832416832 0.464510441 0.302179158
vn -0.923880756 -0.382680416 -3.49174261E-05
vn -0.832417727 -0.464508355 0.302179962
vn -0.923880041 0.382682353 -3.85392595E-05
vn -0.464500606 0.832418382 0.302190155
vn -0.382693052 0.92387557 -1.80834086E-05
vn 0.464499891 0.832406163 0.302224874
vn 0.382675916 0.923882663 1.32491168E-05
vn 0.923877776 0.382687628 3.37056335E-05
vn 0.832401395 0.464502066 0.302234828
vn 0.832401633 -0.464501977 0.302234143
vn 0.923877776 -0.382687628 3.37253878E-05
vn 0.464499921 -0.832405806 0.30222559
vn 0.382675916 -0.923882544 1.3268871E-05
vn -0.464506805 -0.832415462 0.302188307
vn -0.382690996 -0.923876345 -1.44613323E-05
vn -0.832417727 -0.464508355 0.302179962
vn -0.923880756 -0.382680416 -3.49174261E-05
vn -0.922671974 0.382977486 0.0447731353
vn -0.923244715 -0.381594241 0.0447786041
vn -0.92266947 -0.382982343 0.0447832495
vn -0.923242986 0.381599635 0.0447685644
vn -0.382983446 0.922670066 0.0447624549
vn -0.381593853 0.923245847 0.0447578058
vn 0.382980824 0.922671378 0.0447573885
vn 0.381596833 0.923244953 0.0447527841
vn 0.922671974 0.382978857 0.0447609462
vn 0.92324388 0.381598711 0.0447563641
vn 0.92266947 -0.382983685 0.0447710715
vn 0.923245609 -0.381593287 0.0447664298
vn 0.382977933 -0.922671258 0.0447826311
vn 0.38159883 -0.923242807 0.0447780639
vn -0.382980615 -0.922670066 0.0447877049
vn -0.38159591 -0.923243701 0.0447830893
vn -0.92266947 -0.382982343 0.0447832495
vn -0.923244715 -0.381594241 0.0447786041
vn 0.380806684 0.90839833 0.172622889
vn -0.372570485 0.911839724 0.172451466
vn -0.380802691 0.908401549 0.172614619
vn 0.372565478 0.91184032 0.172459379
vn 0.908399284 0.38080129 0.172629982
vn 0.576171041 0.579706073 -0.576166451
vn 0.908397913 -0.380803496 0.172631904
vn 0.576169848 -0.57970649 -0.576167345
vn 0.380804062 -0.908398449 0.172628164
vn 0.579703748 -0.576174855 -0.576164961
vn -0.38080138 -0.908401072 0.17262058
vn -0.372570455 -0.911838591 0.172457457
vn -0.908400595 -0.380805582 0.172613874
vn -0.575852096 -0.580331743 -0.575855374
vn -0.908401549 0.380804211 0.17261143
vn -0.575850725 0.580331624 -0.575856745
vn -0.380802691 0.908401549 0.172614619
vn -0.372570485 0.911839724 0.172451466
vn -0.832418561 -0.46450606 -0.302181423
vn -0.923880339 0.38268137 3.03219404E-05
vn -0.832419395 0.464506567 -0.302178234
vn -0.923880935 -0.382680118 2.78986918E-05
vn -0.464505255 -0.832416236 -0.302188575
vn -0.382690251 -0.923876643 9.14767134E-06
vn 0.464501828 -0.832407236 -0.302218765
vn 0.382677734 -0.923881948 -1.37550769E-05
vn 0.923879087 -0.38268429 -2.56877956E-05
vn 0.832407176 -0.464498997 -0.302223444
vn 0.832407653 0.464499474 -0.302221447
vn 0.92387861 0.382685632 -2.32776456E-05
vn 0.464502394 0.832408726 -0.302213877
vn 0.382677227 0.923882186 -7.93561048E-06
vn -0.464505643 0.832417548 -0.302184492
vn -0.382689804 0.923877001 1.4980229E-05
vn -0.832419395 0.464506567 -0.302178234
vn -0.923880339 0.38268137 3.03219404E-05
vn -0.922671974 -0.382977486 -0.0447731353
vn -0.923244298 0.381595254 -0.044778619
vn -0.922669828 0.38298136 -0.044783242
vn -0.923242986 -0.381599605 -0.0447685607
vn -0.382983446 -0.922670066 -0.0447624549
vn -0.381593853 -0.923245847 -0.0447578058
vn 0.382980824 -0.922671378 -0.0447573885
vn 0.381596833 -0.923244953 -0.0447527841
vn 0.922671974 -0.382978857 -0.0447609462
vn 0.92324388 -0.381598741 -0.0447563715
vn 0.922669947 0.382982612 -0.0447710678
vn 0.923245251 0.38159433 -0.0447664447
vn 0.382977486 0.922671378 -0.0447853059
vn 0.381599277 0.923242509 -0.0447807573
vn -0.382980287 0.922670066 -0.0447903723
vn -0.381596386 0.923243523 -0.0447857715
vn -0.922669828 0.38298136 -0.044783242
vn -0.923244298 0.381595254 -0.044778619
vn 0.380805105 -0.908399284 -0.172621578
vn -0.5797019 -0.576168597 0.576173127
vn -0.380802095 -0.908401787 -0.172614992
vn 0.579703212 -0.576174617 0.576165795
vn 0.908399224 -0.380802929 -0.172626719
vn 0.576170623 -0.57970655 0.576166272
vn 0.908398449 0.380804181 -0.172628298
vn 0.576171517 0.579705834 0.576166153
vn 0.380803943 0.908399105 -0.172625005
vn 0.457558304 0.888917267 0.0215972792
vn -0.38080129 0.908401549 -0.172618136
vn -0.457562476 0.888915002 0.0216044877
vn -0.908400595 0.38080585 -0.172612891
vn -0.576171339 0.57969898 0.576173306
vn -0.908401251 -0.380804896 -0.172611594
vn -0.576171756 -0.579698741 0.576173127
vn -0.380802095 -0.908401787 -0.172614992
vn -0.5797019 -0.576168597 0.576173127
vn -0 1 4.7914574E-07
vn -0 1 4.7914574E-07
vn -0 1 4.7914574E-07
vn -0 1 4.7914574E-07
vn -7.18288163E-07 -1 -2.45239676E-06
vn -7.18288049E-07 -1 -2.45239653E-06
vn -7.18288163E-07 -1 -2.45239653E-06
vn -7.18288049E-07 -1 -2.45239653E-06
vn -1.25002111E-06 -1 7.61861088E-07
vn -1.25002111E-06 -1 7.61861088E-07
vn -1.97529471E-06 -1 -6.74394187E-06
vn -1.97529516E-06 -1 -6.74394232E-06
vn -2.1571978E-07 0.989628315 -0.143651634
vn -2.15719766E-07 0.989628315 -0.143651634
vn -2.15719766E-07 0.989628315 -0.143651634
vn -2.1571978E-07 0.989628315 -0.14365162
vn -0.143651441 0.989628434 0
vn -0.143651441 0.989628434 0
vn -0.143651441 0.989628434 0
vn -0.143651441 0.989628434 0
vn -0 0.989628434 0.143651217
vn -0 0.989628434 0.143651217
vn -0 0.989628434 0.143651217
vn -0 0.989628434 0.143651217
vn 0.143651366 0.989628434 4.08412177E-07
vn 0.143651381 0.989628434 4.08412177E-07
vn 0.143651381 0.989628434 4.08412177E-07
vn 0.143651381 0.989628434 4.08412177E-07
vn -0 -1 -9.5829148E-07
vn -0 -1 -9.5829148E-07
vn -0 -1 -9.5829148E-07
vn -0 -1 -9.5829148E-07
vn 3.59141836E-07 1 1.22616825E-06
vn 3.59141836E-07 1 1.22616825E-06
vn 3.59141808E-07 1 1.22616814E-06
vn 3.59141836E-07 1 1.22616825E-06
vn 2.777833E-07 1 -5.07907203E-07
vn 2.777833E-07 1 -5.07907203E-07
vn -0 1 4.90478669E-06
vn -0 1 4.90478533E-06
vn -0 -0.989628434 0.143651217
vn -0 -0.989628434 0.143651217
vn -0 -0.989628434 0.143651217
vn -0 -0.989628434 0.143651217
vn -0.143650219 -0.989628553 -3.78114692E-07
vn -0.143650219 -0.989628553 -3.78114663E-07
vn -0.143650234 -0.989628553 -3.78114606E-07
vn -0.143650219 -0.989628553 -3.78114692E-07
vn -2.16931895E-07 -0.989628673 -0.143649355
vn -2.16931909E-07 -0.989628673 -0.143649369
vn -2.16931909E-07 -0.989628673 -0.143649369
vn -2.1693188E-07 -0.989628673 -0.14364934
vn 0.143650845 -0.989628434 -6.78668414E-07
vn 0.143650815 -0.989628434 -6.78668357E-07
vn 0.143650845 -0.989628434 -6.78668414E-07
vn 0.143650815 -0.989628434 -6.78668357E-07
vn 0.707100093 -0.707113445 -6.18150734E-05
vn 0.382672548 -0.923883975 -8.07186007E-05
vn 0.707100153 -0.707113326 -6.18150661E-05
vn 0.382686496 -0.923878312 -8.07181132E-05
vn -0.382676631 -0.923882365 -8.08495024E-05
vn -0.382692516 -0.923875749 -8.08489494E-05
vn -0.707109153 -0.707104325 -6.20564242E-05
vn -0.707109153 -0.707104325 -6.20564242E-05
vn 1 1.68034978E-06 0
vn 1 1.68034978E-06 0
vn 1 1.68034978E-06 0
vn 1 1.68034978E-06 0
vn 0.382675469 0.923882782 8.09699195E-05
vn 0.707106113 0.707107365 6.19346101E-05
vn 0.707106173 0.707107306 6.19346029E-05
vn 0.382691443 0.923876286 8.0969352E-05
vn -0.382676631 0.923882365 8.0839578E-05
vn -0.382689178 0.92387706 8.08391123E-05
vn -0.70710659 0.707106888 6.1693805E-05
vn -0.70710659 0.707106888 6.16937905E-05
vn -1 -3.36071912E-06 0
vn -1 -3.3607198E-06 0
vn -1 -3.36071912E-06 0
vn -1 -3.3607198E-06 0
vn 0.7071141 0.707099438 -0.000173572815
vn 0.382677704 0.923881948 -0.000165998485
vn 0.7071141 0.707099438 -0.000173572829
vn 0.382699788 0.923872709 -0.000165999751
vn -0.394704521 0.918808162 -0.000167869322
vn -0.394726098 0.918798745 -0.000167870588
vn -0.725332439 0.688398778 -0.000175325855
vn -0.725332439 0.688398778 -0.000175325884
vn 1 -2.23970255E-06 -0.000235644824
vn 1 -2.23970278E-06 -0.000235644839
vn 1 -2.23970278E-06 -0.000235644839
vn 1 -2.23970255E-06 -0.000235644824
vn 0.353806138 -0.935318708 -0.000325296307
vn 0.661845744 -0.749640048 -0.000300174986
vn 0.661845744 -0.749639928 -0.000300174928
vn 0.353809476 -0.935317457 -0.000325296307
vn -0.367497295 -0.930024505 -0.000326515408
vn -0.367502868 -0.930022359 -0.000326515379
vn -0.683567405 -0.729887307 -0.000298997911
vn -0.683567405 -0.729887307 -0.000298997882
vn -1 0 -0.000235644635
vn -1 0 -0.000235644591
vn -1 0 -0.000235644591
vn -1 0 -0.000235644591
vn 0.382692695 -0.923875749 8.09821286E-05
vn 0.382676214 -0.923882544 8.09827034E-05
vn -0.382677704 -0.923881948 8.01915376E-05
vn -0.382691413 -0.923876286 8.0191021E-05
vn -0.70710963 -0.707103908 6.08408845E-05
vn -0.70710963 -0.707103908 6.08408845E-05
vn 0.707107067 -0.707106411 6.23029482E-05
vn 0.707107127 -0.707106352 6.23029409E-05
vn 0.382676214 -0.923882544 8.09827034E-05
vn 0.382692695 -0.923875749 8.09821286E-05
vn 1 -1.68034535E-06 6.89165518E-07
vn 1 -1.68034512E-06 6.89165404E-07
vn 1 -1.68034535E-06 6.89165518E-07
vn 1 -1.68034512E-06 6.89165404E-07
vn 0.382676989 0.923882186 -8.0580714E-05
vn 0.707108438 0.707105041 -6.13878146E-05
vn 0.707108438 0.707105041 -6.13878146E-05
vn 0.382692128 0.923875988 -8.0580161E-05
vn -0.382680297 0.923880816 -8.13719162E-05
vn -0.38269344 0.923875332 -8.13714505E-05
vn -0.707112074 0.707101464 -6.28497073E-05
vn -0.707112074 0.707101464 -6.28497073E-05
vn -1 0 -2.06705545E-06
vn -1 0 -2.06705545E-06
vn -1 0 -2.06705545E-06
vn -1 0 -2.06705545E-06
vn 0.707103431 0.707110107 -0.000297077699
vn 0.707103431 0.707110107 -0.000297077728
vn 0.382675588 0.923882663 -0.000327367597
vn 0.382683784 0.923879325 -0.000327367539
vn -0.382674515 0.9238832 -0.000327629416
vn -0.382682264 0.923879921 -0.00032762927
vn -0.707096636 0.707116842 -0.000297563296
vn -0.707096636 0.707116842 -0.000297563296
vn 1 -4.48621631E-06 -0.000235643907
vn 1 -4.48621631E-06 -0.000235643951
vn 1 -4.48621631E-06 -0.000235643951
vn 1 -4.48621677E-06 -0.000235643922
vn 0.382669181 -0.923885405 -0.000166088415
vn 0.707101703 -0.707111776 -0.000173567736
vn 0.707101703 -0.707111776 -0.000173567707
vn 0.382688999 -0.92387718 -0.000166089565
vn -0.382661939 -0.923888445 -0.000166349811
vn -0.382689029 -0.92387718 -0.000166351398
vn -0.707093 -0.707120478 -0.00017405214
vn -0.707092941 -0.707120478 -0.00017405214
vn -1 0 -0.000236333304
vn -1 0 -0.000236333304
vn -1 0 -0.000236333304
vn -1 0 -0.000236333304
vn -6.18150734E-05 -0.707113445 -0.707100093
vn -8.07186007E-05 -0.923883975 -0.382672548
vn -6.18150661E-05 -0.707113326 -0.707100153
vn -8.07181132E-05 -0.923878312 -0.382686496
vn -8.08495024E-05 -0.923882365 0.382676631
vn -8.08489494E-05 -0.923875749 0.382692516
vn -6.20564242E-05 -0.707104325 0.707109153
vn -6.20564242E-05 -0.707104325 0.707109153
vn -0 1.68034978E-06 -1
vn -0 1.68034978E-06 -1
vn -0 1.68034978E-06 -1
vn -0 1.68034978E-06 -1
vn 8.09699195E-05 0.923882782 -0.382675469
vn 6.19346101E-05 0.707107365 -0.707106113
vn 6.19346029E-05 0.707107306 -0.707106173
vn 8.0969352E-05 0.923876286 -0.382691443
vn 8.0839578E-05 0.923882365 0.382676631
vn 8.08391123E-05 0.92387706 0.382689178
vn 6.1693805E-05 0.707106888 0.70710659
vn 6.16937905E-05 0.707106888 0.70710659
vn -0 -3.36071912E-06 1
vn -0 -3.3607198E-06 1
vn -0 -3.36071912E-06 1
vn -0 -3.3607198E-06 1
vn -0.000173572815 0.707099438 -0.7071141
vn -0.000165998485 0.923881948 -0.382677704
vn -0.000173572829 0.707099438 -0.7071141
vn -0.000165999751 0.923872709 -0.382699788
vn -0.000167869322 0.918808162 0.394704521
vn -0.000167870588 0.918798745 0.394726098
vn -0.000175325855 0.688398778 0.725332439
vn -0.000175325884 0.688398778 0.725332439
vn -0.000235644824 -2.23970255E-06 -1
vn -0.000235644839 -2.23970278E-06 -1
vn -0.000235644839 -2.23970278E-06 -1
vn -0.000235644824 -2.23970255E-06 -1
vn -0.000325296307 -0.935318708 -0.353806138
vn -0.000300174986 -0.749640048 -0.661845744
vn -0.000300174928 -0.749639928 -0.661845744
vn -0.000325296307 -0.935317457 -0.353809476
vn -0.000326515408 -0.930024505 0.367497295
vn -0.000326515379 -0.930022359 0.367502868
vn -0.000298997911 -0.729887307 0.683567405
vn -0.000298997882 -0.729887307 0.683567405
vn -0.000235644635 0 1
vn -0.000235644591 0 1
vn -0.000235644591 0 1
vn -0.000235644591 0 1
vn 8.09821286E-05 -0.923875749 -0.382692695
vn 8.09827034E-05 -0.923882544 -0.382676214
vn 8.01915376E-05 -0.923881948 0.382677704
vn 8.0191021E-05 -0.923876286 0.382691413
vn 6.08408845E-05 -0.707103908 0.70710963
vn 6.08408845E-05 -0.707103908 0.70710963
vn 6.23029482E-05 -0.707106411 -0.707107067
vn 6.23029409E-05 -0.707106352 -0.707107127
vn 8.09827034E-05 -0.923882544 -0.382676214
vn 8.09821286E-05 -0.923875749 -0.382692695
vn 6.89165518E-07 -1.68034535E-06 -1
vn 6.89165404E-07 -1.68034512E-06 -1
vn 6.89165518E-07 -1.68034535E-06 -1
vn 6.89165404E-07 -1.68034512E-06 -1
vn -8.0580714E-05 0.923882186 -0.382676989
vn -6.13878146E-05 0.707105041 -0.707108438
vn -6.13878146E-05 0.707105041 -0.707108438
vn -8.0580161E-05 0.923875988 -0.382692128
vn -8.13719162E-05 0.923880816 0.382680297
vn -8.13714505E-05 0.923875332 0.38269344
vn -6.28497073E-05 0.707101464 0.707112074
vn -6.28497073E-05 0.707101464 0.707112074
vn -2.06705545E-06 0 1
vn -2.06705545E-06 0 1
vn -2.06705545E-06 0 1
vn -2.06705545E-06 0 1
vn -0.000297077699 0.707110107 -0.707103431
vn -0.000297077728 0.707110107 -0.707103431
vn -0.000327367597 0.923882663 -0.382675588
vn -0.000327367539 0.923879325 -0.382683784
vn -0.000327629416 0.9238832 0.382674515
vn -0.00032762927 0.923879921 0.382682264
vn -0.000297563296 0.707116842 0.707096636
vn -0.000297563296 0.707116842 0.707096636
vn -0.000235643907 -4.48621631E-06 -1
vn -0.000235643951 -4.48621631E-06 -1
vn -0.000235643951 -4.48621631E-06 -1
vn -0.000235643922 -4.48621677E-06 -1
vn -0.000166088415 -0.923885405 -0.382669181
vn -0.000173567736 -0.707111776 -0.707101703
vn -0.000173567707 -0.707111776 -0.707101703
vn -0.000166089565 -0.92387718 -0.382688999
vn -0.000166349811 -0.923888445 0.382661939
vn -0.000166351398 -0.92387718 0.382689029
vn -0.00017405214 -0.707120478 0.707093
vn -0.00017405214 -0.707120478 0.707092941
vn -0.000236333304 0 1
vn -0.000236333304 0 1
vn -0.000236333304 0 1
vn -0.000236333304 0 1
vn 0.923877299 4.04636157E-05 -0.382688999
vn 0.923880935 4.04637613E-05 -0.382679969
vn 0.923880339 4.0067669E-05 0.382681519
vn 0.923877776 4.00675563E-05 0.382687569
vn 0.707103908 3.03983488E-05 0.70710963
vn 0.707103908 3.03983488E-05 0.70710963
vn 0.707106352 3.11302974E-05 -0.707107127
vn 0.707106352 3.11302974E-05 -0.707107127
vn 0.923880935 4.04637613E-05 -0.382679969
vn 0.923877299 4.04636157E-05 -0.382688999
vn 1.6803474E-06 3.44348564E-07 -1
vn 1.6803474E-06 3.44348564E-07 -1
vn 1.6803474E-06 3.44348564E-07 -1
vn 1.6803474E-06 3.44348564E-07 -1
vn -0.923880517 -4.02628975E-05 -0.382680893
vn -0.707104981 -3.06730471E-05 -0.707108498
vn -0.707105041 -3.06730471E-05 -0.707108438
vn -0.923877597 -4.02627666E-05 -0.382688284
vn -0.923879325 -4.0658244E-05 0.382684082
vn -0.923877001 -4.06581457E-05 0.382689804
vn -0.707101464 -3.14034914E-05 0.707112014
vn -0.707101464 -3.14034914E-05 0.707112014
vn -0 -1.03282537E-06 1
vn -0 -1.03282537E-06 1
vn -0 -1.03282537E-06 1
vn -0 -1.03282537E-06 1
vn -0.707110107 -0.000148437903 -0.707103431
vn -0.707110107 -0.000148437903 -0.707103431
vn -0.923881948 -0.000163572608 -0.382677704
vn -0.923880219 -0.000163572535 -0.382681638
vn -0.923882484 -0.000163703371 0.382676482
vn -0.923880756 -0.000163703342 0.382680357
vn -0.707116783 -0.00014868057 0.707096696
vn -0.707116902 -0.000148680585 0.707096696
vn 4.48727224E-06 -0.000117741904 -1
vn 4.48727224E-06 -0.000117741896 -1
vn 4.48727224E-06 -0.000117741904 -1
vn 4.48727224E-06 -0.000117741904 -1
vn 0.9238832 -8.29879282E-05 -0.382674694
vn 0.707111776 -8.67248746E-05 -0.707101762
vn 0.707111776 -8.672486E-05 -0.707101762
vn 0.923879504 -8.29881901E-05 -0.382683516
vn 0.92388612 -8.31185462E-05 0.382667512
vn 0.923879504 -8.311899E-05 0.382683516
vn 0.707120478 -8.69669093E-05 0.707093
vn 0.707120478 -8.69669093E-05 0.707093
vn -0 -0.000118086376 1
vn -0 -0.000118086376 1
vn -0 -0.000118086376 1
vn -0 -0.000118086369 1
vn -0.577352941 0.577352524 0.577345312
vn -0.302204251 0.832410932 0.464504659
vn -0.832410514 0.30220446 0.464505196
vn -0.302209616 0.464506954 0.832407713
vn -0.495670527 0.540145934 0.680112541
vn -0.832416832 0.464510441 0.302179158
vn -0.464500606 0.832418382 0.302190155
vn -0.30220443 -0.832410932 0.464504659
vn -0.302209824 -0.464506716 0.832407832
vn -0.577354312 -0.577352941 0.577343524
vn -0.680112422 -0.540143192 0.495673686
vn -0.832417727 -0.464508355 0.302179962
vn -0.495666176 -0.540151119 0.680111647
vn -0.464506805 -0.832415462 0.302188307
vn -0.30221194 -0.464508057 -0.832406342
vn -0.302204669 -0.832410932 -0.46450451
vn -0.577354133 -0.577353001 -0.577343643
vn -0.832418561 -0.46450606 -0.302181423
vn -0.680112123 -0.540143609 -0.495673507
vn -0.464505255 -0.832416236 -0.302188575
vn -0.495668203 -0.540154755 -0.680107236
vn 0.577346742 0.577348113 -0.577355981
vn 0.302206218 0.832410455 -0.464504361
vn 0.832410097 0.302206904 -0.464504361
vn 0.302205175 0.464500636 -0.832412958
vn 0.464503795 0.302205503 -0.832411051
vn 0.832407653 0.464499474 -0.302221447
vn 0.464502394 0.832408726 -0.302213877
vn 0.464499921 -0.832405806 0.30222559
vn 0.832401633 -0.464501977 0.302234143
vn 0.577343047 -0.57734704 0.57736069
vn 0.495669991 -0.540134728 0.680121839
vn 0.302195609 -0.464499205 0.832417071
vn 0.680113733 -0.540144622 0.49567017
vn 0.302205861 -0.832410455 0.46450457
vn -1 4.55027566E-06 -1.20121476E-05
vn -1 7.53538779E-06 -4.09303357E-06
vn -1 7.6616052E-06 -3.8114606E-06
vn -1 4.51587266E-06 -1.20278974E-05
vn -1 1.59993469E-05 2.09337168E-06
vn -1 8.66659138E-06 -4.17591127E-06
vn -1 1.60886411E-05 2.05377023E-06
vn -1 8.84430938E-06 -3.78785353E-06
vn -1 1.81696796E-05 -7.64496599E-06
vn -1 1.17718037E-05 4.44310308E-06
vn -1 1.8236753E-05 -7.44387489E-06
vn -1 1.17954942E-05 4.41783595E-06
vn -1 9.5288724E-06 -1.37121187E-05
vn -1 7.92366427E-06 -2.87894431E-06
vn -1 1.03246912E-05 -1.39081121E-05
vn -1 7.37002574E-06 -4.19581693E-06
vn 1.20121476E-05 4.55027566E-06 -1
vn 4.09303357E-06 7.53538779E-06 -1
vn 3.8114606E-06 7.6616052E-06 -1
vn 1.20278974E-05 4.51587266E-06 -1
vn -2.09337168E-06 1.59993469E-05 -1
vn 4.17591127E-06 8.66659138E-06 -1
vn -2.05377023E-06 1.60886411E-05 -1
vn 3.78785353E-06 8.84430938E-06 -1
vn 7.64496599E-06 1.81696796E-05 -1
vn -4.44310308E-06 1.17718037E-05 -1
vn 7.44387489E-06 1.8236753E-05 -1
vn -4.41783595E-06 1.17954942E-05 -1
vn 1.37121187E-05 9.5288724E-06 -1
vn 2.87894431E-06 7.92366427E-06 -1
vn 1.39081121E-05 1.03246912E-05 -1
vn 4.19581693E-06 7.37002574E-06 -1
vn -0.287219405 -0.114112005 -0.951043308
vn -0.282937795 0.127133489 -0.950675249
vn -0.287219286 0.114112481 -0.951043308
vn -0.282937616 -0.127133831 -0.95067513
vn -0.127133623 0.282937825 -0.95067513
vn -0.114112347 -0.287219405 -0.951043308
vn -0.114111885 0.287219554 -0.951043308
vn -0.127133206 -0.282937944 -0.95067513
vn 0.127132818 0.282937795 -0.950675249
vn 0.114112347 -0.287219346 -0.951043308
vn 0.114112087 0.287219226 -0.951043427
vn 0.127133206 -0.282938004 -0.95067513
vn 0.282937348 0.127133355 -0.950675309
vn 0.287219405 -0.114111997 -0.951043308
vn 0.287218928 0.114112318 -0.951043487
vn 0.282937616 -0.127133846 -0.95067513
vn -0.586743295 -0.363901109 0.723400533
vn -0.590326488 0.181255057 0.786550164
vn -0.586742818 0.363900095 0.723401368
vn -0.590326905 -0.18125543 0.786549866
vn -0.181255028 0.590324461 0.786551714
vn -0.363901109 -0.586743295 0.723400533
vn -0.36390081 0.586741269 0.723402262
vn -0.181255415 -0.590326905 0.786549807
vn 0.181255028 0.590324461 0.786551714
vn 0.363901109 -0.586743295 0.723400533
vn 0.36390081 0.586741269 0.723402262
vn 0.181255415 -0.590326905 0.786549807
vn 0.590326488 0.181255057 0.786550164
vn 0.586743295 -0.363901109 0.723400533
vn 0.586742818 0.363900095 0.723401368
vn 0.590326905 -0.18125543 0.786549866
vn -0.287219405 0.114112079 0.951043308
vn -0.282937914 -0.127133474 0.95067513
vn -0.287219465 -0.114112347 0.951043308
vn -0.282937706 0.127133697 0.95067513
vn -0.127133831 -0.282937735 0.95067513
vn -0.114112444 0.287219584 0.951043189
vn -0.114112005 -0.287219554 0.951043308
vn -0.12713325 0.282938182 0.95067513
vn 0.127133042 -0.282937735 0.950675249
vn 0.114112444 0.287219584 0.951043189
vn 0.114112228 -0.287219226 0.951043427
vn 0.12713328 0.282938182 0.95067513
vn 0.282937527 -0.12713334 0.950675249
vn 0.287219405 0.114112079 0.951043308
vn 0.287219137 -0.114112169 0.951043427
vn 0.282937706 0.127133697 0.95067513
vn -0.586742997 0.363900989 -0.723400772
vn -0.590326667 -0.181255311 -0.786550045
vn -0.586742997 -0.36390084 -0.72340095
vn -0.590326786 0.1812554 -0.786549985
vn -0.181255192 -0.590325713 -0.78655076
vn -0.36390084 0.586742938 -0.723400891
vn -0.363900751 -0.586742461 -0.723401368
vn -0.181255281 0.590326369 -0.786550224
vn 0.181255192 -0.590325713 -0.78655076
vn 0.36390084 0.586742997 -0.723400891
vn 0.363900751 -0.586742461 -0.723401368
vn 0.181255296 0.590326309 -0.786550343
vn 0.590326667 -0.181255311 -0.786550045
vn 0.586743116 0.363901109 -0.723400712
vn 0.586742997 -0.36390084 -0.72340095
vn 0.590326726 0.1812554 -0.786549985
vn 0.951043189 -0.114112169 -0.287219822
vn 0.95067513 0.127133518 -0.282937974
vn 0.951043189 0.114112578 -0.287219495
vn 0.950675011 -0.12713401 -0.282938093
vn 0.95067513 0.282937855 -0.127133623
vn 0.951043189 -0.287219614 -0.11411228
vn 0.951043308 0.287219614 -0.114111885
vn 0.950675011 -0.282938093 -0.127133623
vn 0.950675249 0.282937795 0.127133206
vn 0.951043308 -0.287219614 0.114112265
vn 0.951043427 0.287219346 0.114111975
vn 0.95067513 -0.282938033 0.127133593
vn 0.950675249 0.127133399 0.282937527
vn 0.951043308 -0.114112079 0.287219614
vn 0.951043427 0.114112385 0.287219077
vn 0.95067513 -0.127133921 0.282937825
vn -0.723401368 -0.363900572 -0.58674258
vn -0.786551058 0.181254715 -0.590325475
vn -0.723402321 0.363899499 -0.586742043
vn -0.78655076 -0.181255132 -0.590325773
vn -0.786552012 0.590324163 -0.181254953
vn -0.72340095 -0.586742818 -0.363901019
vn -0.723402798 0.586740732 -0.363900691
vn -0.786550045 -0.590326667 -0.181255341
vn -0.786552012 0.590324163 0.181254953
vn -0.72340095 -0.586742818 0.363901019
vn -0.723402739 0.586740732 0.363900661
vn -0.786550045 -0.590326667 0.181255341
vn -0.786551058 0.181254715 0.590325475
vn -0.723401368 -0.363900572 0.58674258
vn -0.723402321 0.363899529 0.586742103
vn -0.78655076 -0.181255132 0.590325773
vn 0.114112169 0.951043189 -0.287219822
vn -0.127133518 0.95067513 -0.282937974
vn -0.114112578 0.951043189 -0.287219495
vn 0.12713401 0.950675011 -0.282938093
vn -0.282937855 0.95067513 -0.127133623
vn 0.287219614 0.951043189 -0.11411228
vn -0.287219614 0.951043308 -0.114111885
vn 0.282938123 0.950675011 -0.127133623
vn -0.282937795 0.950675249 0.127133206
vn 0.287219614 0.951043308 0.114112265
vn -0.287219346 0.951043427 0.114111975
vn 0.282938033 0.95067513 0.127133593
vn -0.127133399 0.950675249 0.282937527
vn 0.114112079 0.951043308 0.287219614
vn -0.114112385 0.951043427 0.287219077
vn 0.127133921 0.95067513 0.282937825
vn 0.363900572 -0.723401368 -0.58674258
vn -0.18125473 -0.786551118 -0.590325356
vn -0.363899499 -0.723402321 -0.586742043
vn 0.181255132 -0.78655076 -0.590325713
vn -0.590324163 -0.786552012 -0.181254953
vn 0.586742818 -0.72340095 -0.363901019
vn -0.586740732 -0.723402798 -0.363900691
vn 0.590326667 -0.786550045 -0.181255341
vn -0.590324163 -0.786552012 0.181254968
vn 0.586742818 -0.72340095 0.363901019
vn -0.586740732 -0.723402739 0.363900661
vn 0.590326667 -0.786550045 0.181255341
vn -0.181254759 -0.786551058 0.590325415
vn 0.363900572 -0.723401368 0.58674258
vn -0.363899529 -0.723402321 0.586742043
vn 0.181255132 -0.78655076 0.590325713
vn -0.951043189 0.114112288 -0.287219852
vn -0.950675011 -0.127133518 -0.282938212
vn -0.951043189 -0.114112474 -0.287219793
vn -0.950675011 0.127133831 -0.282938153
vn -0.95067513 -0.282937855 -0.127133846
vn -0.951043189 0.287219852 -0.114112385
vn -0.951043308 -0.287219554 -0.114112042
vn -0.950675011 0.282938242 -0.127133667
vn -0.950675249 -0.282937706 0.127133429
vn -0.951043189 0.287219733 0.11411234
vn -0.951043427 -0.287219346 0.114112124
vn -0.950675011 0.282938123 0.127133638
vn -0.950675249 -0.127133414 0.282937735
vn -0.951043308 0.114112154 0.287219614
vn -0.951043308 -0.114112258 0.287219286
vn -0.95067513 0.127133757 0.282937914
vn 0.723401546 0.363900483 -0.586742401
vn 0.786550939 -0.181255013 -0.590325654
vn 0.723401845 -0.363900304 -0.586742282
vn 0.78655076 0.181255087 -0.590325654
vn 0.786550999 -0.590325415 -0.181255117
vn 0.723401427 0.586742401 -0.363900721
vn 0.723401904 -0.586741984 -0.363900661
vn 0.786550522 0.590326071 -0.181255206
vn 0.786550999 -0.590325415 0.181255117
vn 0.723401427 0.586742401 0.363900721
vn 0.723401904 -0.586741984 0.363900661
vn 0.786550522 0.590326071 0.181255206
vn 0.786550939 -0.181255013 0.590325654
vn 0.723401546 0.363900483 0.586742401
vn 0.723401845 -0.363900304 0.586742282
vn 0.78655076 0.181255087 0.590325654
vn -6.79540199E-06 1 1.45867998E-05
vn -6.28030057E-06 1 1.44732066E-05
vn 1.9580234E-06 1 6.23487767E-06
vn 1.8620276E-06 1 5.92920151E-06
vn -2.05158121E-05 1 4.9334385E-06
vn -6.23477217E-06 1 1.9580159E-06
vn -2.07077846E-05 1 4.32230945E-06
vn -5.92928518E-06 1 1.86207831E-06
vn -1.18581984E-05 1 -3.72406566E-06
vn -1.44732294E-05 1 1.01964488E-05
vn -1.24696153E-05 1 -3.91608091E-06
vn -1.45868162E-05 1 1.05196077E-05
vn -3.72404884E-06 1 1.18585222E-05
vn -1.21544281E-05 1 2.0708314E-05
vn -3.91606909E-06 1 1.24699736E-05
vn -1.23817636E-05 1 2.05162687E-05
vn 1 6.79540153E-06 1.45867998E-05
vn 1 6.28029966E-06 1.44732076E-05
vn 1 -1.9580234E-06 6.23487904E-06
vn 1 -1.86202806E-06 5.92920151E-06
vn 1 2.05158121E-05 4.9334385E-06
vn 1 6.23477217E-06 1.9580159E-06
vn 1 2.07077846E-05 4.32230945E-06
vn 1 5.92928518E-06 1.86207831E-06
vn 1 1.18581984E-05 -3.72406566E-06
vn 1 1.44732294E-05 1.01964488E-05
vn 1 1.24696153E-05 -3.91608091E-06
vn 1 1.45868162E-05 1.05196077E-05
vn 1 3.72404884E-06 1.18585222E-05
vn 1 1.21544281E-05 2.0708314E-05
vn 1 3.91606909E-06 1.24699736E-05
vn 1 1.23817636E-05 2.05162687E-05
vn -1.45867998E-05 6.79540153E-06 1
vn -1.44732076E-05 6.28029966E-06 1
vn -6.23487904E-06 -1.9580234E-06 1
vn -5.92920151E-06 -1.86202806E-06 1
vn -4.9334385E-06 2.05158121E-05 1
vn -1.9580159E-06 6.23477217E-06 1
vn -4.32230945E-06 2.07077846E-05 1
vn -1.86207831E-06 5.92928518E-06 1
vn 3.72406566E-06 1.18581984E-05 1
vn -1.01964488E-05 1.44732294E-05 1
vn 3.91608091E-06 1.24696153E-05 1
vn -1.05196077E-05 1.45868162E-05 1
vn -1.18585222E-05 3.72404884E-06 1
vn -2.0708314E-05 1.21544281E-05 1
vn -1.24699736E-05 3.91606909E-06 1
vn -2.05162687E-05 1.23817636E-05 1
g P_Cross_PlusUp_0
f 3/3/3 2/2/2 1/1/1
f 6/6/6 5/5/5 4/4/4
f 9/9/9 8/8/8 7/7/7
f 12/12/12 11/11/11 10/10/10
f 15/15/15 14/14/14 13/13/13
f 18/18/18 17/17/17 16/16/16
f 21/21/21 20/20/20 19/19/19
f 24/24/24 23/23/23 22/22/22
f 27/27/27 26/26/26 25/25/25
f 30/30/30 29/29/29 28/28/28
f 33/33/33 32/32/32 31/31/31
f 36/36/36 35/35/35 34/34/34
f 39/39/39 38/38/38 37/37/37
f 42/42/42 41/41/41 40/40/40
f 45/45/45 44/44/44 43/43/43
f 48/48/48 47/47/47 46/46/46
f 51/51/51 50/50/50 49/49/49
f 50/50/50 52/52/52 49/49/49
f 53/53/53 49/49/49 52/52/52
f 54/54/54 53/53/53 52/52/52
f 53/53/53 54/54/54 55/55/55
f 54/54/54 56/56/56 55/55/55
f 56/56/56 57/57/57 55/55/55
f 57/57/57 58/58/58 55/55/55
f 58/58/58 57/57/57 59/59/59
f 57/57/57 60/60/60 59/59/59
f 61/61/61 59/59/59 60/60/60
f 62/62/62 61/61/61 60/60/60
f 61/61/61 62/62/62 63/63/63
f 62/62/62 64/64/64 63/63/63
f 65/65/65 63/63/63 64/64/64
f 66/66/66 65/65/65 64/64/64
f 69/69/69 68/68/68 67/67/67
f 70/70/70 69/69/69 67/67/67
f 73/73/73 72/72/72 71/71/71
f 74/74/74 73/73/73 71/71/71
f 77/77/77 76/76/76 75/75/75
f 78/78/78 77/77/77 75/75/75
f 81/81/81 80/80/80 79/79/79
f 82/82/82 81/81/81 79/79/79
f 85/85/85 84/84/84 83/83/83
f 86/86/86 85/85/85 83/83/83
f 89/89/89 88/88/88 87/87/87
f 90/90/90 89/89/89 87/87/87
f 93/93/93 92/92/92 91/91/91
f 94/94/94 93/93/93 91/91/91
f 97/97/97 96/96/96 95/95/95
f 98/98/98 97/97/97 95/95/95
f 101/101/101 100/100/100 99/99/99
f 102/102/102 101/101/101 99/99/99
f 99/99/99 103/103/103 102/102/102
f 103/103/103 104/104/104 102/102/102
f 103/103/103 99/99/99 105/105/105
f 106/106/106 104/104/104 103/103/103
f 107/107/107 103/103/103 105/105/105
f 103/103/103 107/107/107 106/106/106
f 110/110/110 109/109/109 108/108/108
f 111/111/111 110/110/110 108/108/108
f 114/114/114 113/113/113 112/112/112
f 115/115/115 114/114/114 112/112/112
f 115/115/115 112/112/112 116/116/116
f 116/116/116 117/117/117 115/115/115
f 116/116/116 112/112/112 118/118/118
f 117/117/117 116/116/116 119/119/119
f 120/120/120 116/116/116 118/118/118
f 120/120/120 119/119/119 116/116/116
f 123/123/123 122/122/122 121/121/121
f 124/124/124 123/123/123 121/121/121
f 121/121/121 125/125/125 124/124/124
f 126/126/126 124/124/124 125/125/125
f 125/125/125 121/121/121 127/127/127
f 128/128/128 126/126/126 125/125/125
f 129/129/129 125/125/125 127/127/127
f 125/125/125 129/129/129 128/128/128
f 132/132/132 131/131/131 130/130/130
f 131/131/131 133/133/133 130/130/130
f 130/130/130 133/133/133 134/134/134
f 133/133/133 135/135/135 134/134/134
f 134/134/134 135/135/135 136/136/136
f 135/135/135 137/137/137 136/136/136
f 136/136/136 137/137/137 138/138/138
f 137/137/137 139/139/139 138/138/138
f 138/138/138 139/139/139 140/140/140
f 139/139/139 141/141/141 140/140/140
f 140/140/140 141/141/141 142/142/142
f 141/141/141 143/143/143 142/142/142
f 142/142/142 143/143/143 144/144/144
f 143/143/143 145/145/145 144/144/144
f 144/144/144 145/145/145 146/146/146
f 145/145/145 147/147/147 146/146/146
f 150/150/150 149/149/149 148/148/148
f 149/149/149 151/151/151 148/148/148
f 148/148/148 151/151/151 152/152/152
f 151/151/151 153/153/153 152/152/152
f 152/152/152 153/153/153 154/154/154
f 153/153/153 155/155/155 154/154/154
f 154/154/154 155/155/155 156/156/156
f 155/155/155 157/157/157 156/156/156
f 156/156/156 157/157/157 158/158/158
f 157/157/157 159/159/159 158/158/158
f 158/158/158 159/159/159 160/160/160
f 159/159/159 161/161/161 160/160/160
f 160/160/160 161/161/161 162/162/162
f 161/161/161 163/163/163 162/162/162
f 162/162/162 163/163/163 164/164/164
f 163/163/163 165/165/165 164/164/164
f 168/168/168 167/167/167 166/166/166
f 167/167/167 169/169/169 166/166/166
f 170/170/170 166/166/166 169/169/169
f 171/171/171 170/170/170 169/169/169
f 170/170/170 171/171/171 172/172/172
f 171/171/171 173/173/173 172/172/172
f 173/173/173 174/174/174 172/172/172
f 174/174/174 175/175/175 172/172/172
f 175/175/175 174/174/174 176/176/176
f 174/174/174 177/177/177 176/176/176
f 178/178/178 176/176/176 177/177/177
f 179/179/179 178/178/178 177/177/177
f 178/178/178 179/179/179 180/180/180
f 179/179/179 181/181/181 180/180/180
f 182/182/182 180/180/180 181/181/181
f 183/183/183 182/182/182 181/181/181
f 186/186/186 185/185/185 184/184/184
f 185/185/185 187/187/187 184/184/184
f 184/184/184 187/187/187 188/188/188
f 187/187/187 189/189/189 188/188/188
f 188/188/188 189/189/189 190/190/190
f 189/189/189 191/191/191 190/190/190
f 190/190/190 191/191/191 192/192/192
f 191/191/191 193/193/193 192/192/192
f 192/192/192 193/193/193 194/194/194
f 193/193/193 195/195/195 194/194/194
f 194/194/194 195/195/195 196/196/196
f 195/195/195 197/197/197 196/196/196
f 196/196/196 197/197/197 198/198/198
f 197/197/197 199/199/199 198/198/198
f 198/198/198 199/199/199 200/200/200
f 199/199/199 201/201/201 200/200/200
f 204/204/204 203/203/203 202/202/202
f 203/203/203 205/205/205 202/202/202
f 202/202/202 205/205/205 206/206/206
f 205/205/205 207/207/207 206/206/206
f 206/206/206 207/207/207 208/208/208
f 207/207/207 209/209/209 208/208/208
f 208/208/208 209/209/209 210/210/210
f 209/209/209 211/211/211 210/210/210
f 210/210/210 211/211/211 212/212/212
f 211/211/211 213/213/213 212/212/212
f 212/212/212 213/213/213 214/214/214
f 213/213/213 215/215/215 214/214/214
f 214/214/214 215/215/215 216/216/216
f 215/215/215 217/217/217 216/216/216
f 216/216/216 217/217/217 218/218/218
f 217/217/217 219/219/219 218/218/218
f 222/222/222 221/221/221 220/220/220
f 221/221/221 223/223/223 220/220/220
f 224/224/224 220/220/220 223/223/223
f 225/225/225 224/224/224 223/223/223
f 224/224/224 225/225/225 226/226/226
f 225/225/225 227/227/227 226/226/226
f 227/227/227 228/228/228 226/226/226
f 228/228/228 229/229/229 226/226/226
f 229/229/229 228/228/228 230/230/230
f 228/228/228 231/231/231 230/230/230
f 232/232/232 230/230/230 231/231/231
f 233/233/233 232/232/232 231/231/231
f 232/232/232 233/233/233 234/234/234
f 233/233/233 235/235/235 234/234/234
f 236/236/236 234/234/234 235/235/235
f 237/237/237 236/236/236 235/235/235
f 240/240/240 239/239/239 238/238/238
f 239/239/239 241/241/241 238/238/238
f 238/238/238 241/241/241 242/242/242
f 241/241/241 243/243/243 242/242/242
f 242/242/242 243/243/243 244/244/244
f 243/243/243 245/245/245 244/244/244
f 244/244/244 245/245/245 246/246/246
f 245/245/245 247/247/247 246/246/246
f 246/246/246 247/247/247 248/248/248
f 247/247/247 249/249/249 248/248/248
f 248/248/248 249/249/249 250/250/250
f 249/249/249 251/251/251 250/250/250
f 250/250/250 251/251/251 252/252/252
f 251/251/251 253/253/253 252/252/252
f 252/252/252 253/253/253 254/254/254
f 253/253/253 255/255/255 254/254/254
f 258/258/258 257/257/257 256/256/256
f 257/257/257 259/259/259 256/256/256
f 256/256/256 259/259/259 260/260/260
f 259/259/259 261/261/261 260/260/260
f 260/260/260 261/261/261 262/262/262
f 261/261/261 263/263/263 262/262/262
f 262/262/262 263/263/263 264/264/264
f 263/263/263 265/265/265 264/264/264
f 264/264/264 265/265/265 266/266/266
f 265/265/265 267/267/267 266/266/266
f 266/266/266 267/267/267 268/268/268
f 267/267/267 269/269/269 268/268/268
f 268/268/268 269/269/269 270/270/270
f 269/269/269 271/271/271 270/270/270
f 270/270/270 271/271/271 272/272/272
f 271/271/271 273/273/273 272/272/272
f 276/276/276 275/275/275 274/274/274
f 275/275/275 277/277/277 274/274/274
f 278/278/278 274/274/274 277/277/277
f 279/279/279 278/278/278 277/277/277
f 278/278/278 279/279/279 280/280/280
f 279/279/279 281/281/281 280/280/280
f 281/281/281 282/282/282 280/280/280
f 282/282/282 283/283/283 280/280/280
f 283/283/283 282/282/282 284/284/284
f 282/282/282 285/285/285 284/284/284
f 286/286/286 284/284/284 285/285/285
f 287/287/287 286/286/286 285/285/285
f 286/286/286 287/287/287 288/288/288
f 287/287/287 289/289/289 288/288/288
f 290/290/290 288/288/288 289/289/289
f 291/291/291 290/290/290 289/289/289
f 294/294/294 293/293/293 292/292/292
f 293/293/293 295/295/295 292/292/292
f 292/292/292 295/295/295 296/296/296
f 295/295/295 297/297/297 296/296/296
f 296/296/296 297/297/297 298/298/298
f 297/297/297 299/299/299 298/298/298
f 298/298/298 299/299/299 300/300/300
f 299/299/299 301/301/301 300/300/300
f 300/300/300 301/301/301 302/302/302
f 301/301/301 303/303/303 302/302/302
f 302/302/302 303/303/303 304/304/304
f 303/303/303 305/305/305 304/304/304
f 304/304/304 305/305/305 306/306/306
f 305/305/305 307/307/307 306/306/306
f 306/306/306 307/307/307 308/308/308
f 307/307/307 309/309/309 308/308/308
f 312/312/312 311/311/311 310/310/310
f 311/311/311 313/313/313 310/310/310
f 310/310/310 313/313/313 314/314/314
f 313/313/313 315/315/315 314/314/314
f 314/314/314 315/315/315 316/316/316
f 315/315/315 317/317/317 316/316/316
f 316/316/316 317/317/317 318/318/318
f 317/317/317 319/319/319 318/318/318
f 318/318/318 319/319/319 320/320/320
f 319/319/319 321/321/321 320/320/320
f 320/320/320 321/321/321 322/322/322
f 321/321/321 323/323/323 322/322/322
f 322/322/322 323/323/323 324/324/324
f 323/323/323 325/325/325 324/324/324
f 324/324/324 325/325/325 326/326/326
f 325/325/325 327/327/327 326/326/326
f 330/330/330 329/329/329 328/328/328
f 329/329/329 331/331/331 328/328/328
f 332/332/332 328/328/328 331/331/331
f 333/333/333 332/332/332 331/331/331
f 332/332/332 333/333/333 334/334/334
f 333/333/333 335/335/335 334/334/334
f 335/335/335 336/336/336 334/334/334
f 336/336/336 337/337/337 334/334/334
f 337/337/337 336/336/336 338/338/338
f 336/336/336 339/339/339 338/338/338
f 340/340/340 338/338/338 339/339/339
f 341/341/341 340/340/340 339/339/339
f 340/340/340 341/341/341 342/342/342
f 341/341/341 343/343/343 342/342/342
f 344/344/344 342/342/342 343/343/343
f 345/345/345 344/344/344 343/343/343
f 348/348/348 347/347/347 346/346/346
f 347/347/347 349/349/349 346/346/346
f 346/346/346 349/349/349 350/350/350
f 349/349/349 351/351/351 350/350/350
f 350/350/350 351/351/351 352/352/352
f 351/351/351 353/353/353 352/352/352
f 352/352/352 353/353/353 354/354/354
f 353/353/353 355/355/355 354/354/354
f 354/354/354 355/355/355 356/356/356
f 355/355/355 357/357/357 356/356/356
f 356/356/356 357/357/357 358/358/358
f 357/357/357 359/359/359 358/358/358
f 358/358/358 359/359/359 360/360/360
f 359/359/359 361/361/361 360/360/360
f 360/360/360 361/361/361 362/362/362
f 361/361/361 363/363/363 362/362/362
f 366/366/366 365/365/365 364/364/364
f 365/365/365 367/367/367 364/364/364
f 364/364/364 367/367/367 368/368/368
f 367/367/367 369/369/369 368/368/368
f 368/368/368 369/369/369 370/370/370
f 369/369/369 371/371/371 370/370/370
f 370/370/370 371/371/371 372/372/372
f 371/371/371 373/373/373 372/372/372
f 372/372/372 373/373/373 374/374/374
f 373/373/373 375/375/375 374/374/374
f 374/374/374 375/375/375 376/376/376
f 375/375/375 377/377/377 376/376/376
f 376/376/376 377/377/377 378/378/378
f 377/377/377 379/379/379 378/378/378
f 378/378/378 379/379/379 380/380/380
f 379/379/379 381/381/381 380/380/380
f 384/384/384 383/383/383 382/382/382
f 385/385/385 384/384/384 382/382/382
f 388/388/388 387/387/387 386/386/386
f 387/387/387 389/389/389 386/386/386
f 389/389/389 390/390/390 386/386/386
f 390/390/390 391/391/391 386/386/386
f 392/392/392 391/391/391 390/390/390
f 393/393/393 392/392/392 390/390/390
f 396/396/396 395/395/395 394/394/394
f 397/397/397 396/396/396 394/394/394
f 400/400/400 399/399/399 398/398/398
f 401/401/401 400/400/400 398/398/398
f 404/404/404 403/403/403 402/402/402
f 405/405/405 404/404/404 402/402/402
f 408/408/408 407/407/407 406/406/406
f 409/409/409 408/408/408 406/406/406
f 412/412/412 411/411/411 410/410/410
f 413/413/413 412/412/412 410/410/410
f 416/416/416 415/415/415 414/414/414
f 415/415/415 417/417/417 414/414/414
f 417/417/417 418/418/418 414/414/414
f 418/418/418 419/419/419 414/414/414
f 420/420/420 419/419/419 418/418/418
f 421/421/421 420/420/420 418/418/418
f 424/424/424 423/423/423 422/422/422
f 425/425/425 424/424/424 422/422/422
f 428/428/428 427/427/427 426/426/426
f 429/429/429 428/428/428 426/426/426
f 432/432/432 431/431/431 430/430/430
f 433/433/433 432/432/432 430/430/430
f 436/436/436 435/435/435 434/434/434
f 437/437/437 436/436/436 434/434/434
f 440/440/440 439/439/439 438/438/438
f 439/439/439 441/441/441 438/438/438
f 439/439/439 442/442/442 441/441/441
f 442/442/442 443/443/443 441/441/441
f 442/442/442 444/444/444 443/443/443
f 444/444/444 445/445/445 443/443/443
f 448/448/448 447/447/447 446/446/446
f 449/449/449 448/448/448 446/446/446
f 452/452/452 451/451/451 450/450/450
f 453/453/453 452/452/452 450/450/450
f 453/453/453 450/450/450 454/454/454
f 455/455/455 453/453/453 454/454/454
f 455/455/455 454/454/454 456/456/456
f 457/457/457 455/455/455 456/456/456
f 460/460/460 459/459/459 458/458/458
f 461/461/461 460/460/460 458/458/458
f 464/464/464 463/463/463 462/462/462
f 463/463/463 465/465/465 462/462/462
f 463/463/463 466/466/466 465/465/465
f 466/466/466 467/467/467 465/465/465
f 466/466/466 468/468/468 467/467/467
f 468/468/468 469/469/469 467/467/467
f 472/472/472 471/471/471 470/470/470
f 473/473/473 472/472/472 470/470/470
f 476/476/476 475/475/475 474/474/474
f 477/477/477 476/476/476 474/474/474
f 477/477/477 474/474/474 478/478/478
f 479/479/479 477/477/477 478/478/478
f 479/479/479 478/478/478 480/480/480
f 481/481/481 479/479/479 480/480/480
f 484/484/484 483/483/483 482/482/482
f 485/485/485 484/484/484 482/482/482
f 488/488/488 487/487/487 486/486/486
f 489/489/489 488/488/488 486/486/486
f 490/490/490 488/488/488 489/489/489
f 491/491/491 490/490/490 489/489/489
f 494/494/494 493/493/493 492/492/492
f 495/495/495 494/494/494 492/492/492
f 498/498/498 497/497/497 496/496/496
f 499/499/499 498/498/498 496/496/496
f 502/502/502 501/501/501 500/500/500
f 501/501/501 503/503/503 500/500/500
f 500/500/500 503/503/503 504/504/504
f 503/503/503 505/505/505 504/504/504
f 504/504/504 505/505/505 506/506/506
f 505/505/505 507/507/507 506/506/506
f 510/510/510 509/509/509 508/508/508
f 511/511/511 510/510/510 508/508/508
f 514/514/514 513/513/513 512/512/512
f 515/515/515 514/514/514 512/512/512
f 516/516/516 514/514/514 515/515/515
f 517/517/517 516/516/516 515/515/515
f 518/518/518 516/516/516 517/517/517
f 519/519/519 518/518/518 517/517/517
f 522/522/522 521/521/521 520/520/520
f 523/523/523 522/522/522 520/520/520
f 526/526/526 525/525/525 524/524/524
f 525/525/525 527/527/527 524/524/524
f 524/524/524 527/527/527 528/528/528
f 527/527/527 529/529/529 528/528/528
f 528/528/528 529/529/529 530/530/530
f 529/529/529 531/531/531 530/530/530
f 534/534/534 533/533/533 532/532/532
f 535/535/535 534/534/534 532/532/532
f 538/538/538 537/537/537 536/536/536
f 537/537/537 539/539/539 536/536/536
f 537/537/537 540/540/540 539/539/539
f 540/540/540 541/541/541 539/539/539
f 540/540/540 542/542/542 541/541/541
f 542/542/542 543/543/543 541/541/541
f 546/546/546 545/545/545 544/544/544
f 547/547/547 546/546/546 544/544/544
f 550/550/550 549/549/549 548/548/548
f 551/551/551 550/550/550 548/548/548
f 551/551/551 548/548/548 552/552/552
f 553/553/553 551/551/551 552/552/552
f 553/553/553 552/552/552 554/554/554
f 555/555/555 553/553/553 554/554/554
f 558/558/558 557/557/557 556/556/556
f 559/559/559 558/558/558 556/556/556
f 562/562/562 561/561/561 560/560/560
f 561/561/561 563/563/563 560/560/560
f 561/561/561 564/564/564 563/563/563
f 564/564/564 565/565/565 563/563/563
f 564/564/564 566/566/566 565/565/565
f 566/566/566 567/567/567 565/565/565
f 570/570/570 569/569/569 568/568/568
f 571/571/571 570/570/570 568/568/568
f 574/574/574 573/573/573 572/572/572
f 575/575/575 574/574/574 572/572/572
f 575/575/575 572/572/572 576/576/576
f 577/577/577 575/575/575 576/576/576
f 577/577/577 576/576/576 578/578/578
f 579/579/579 577/577/577 578/578/578
f 582/582/582 581/581/581 580/580/580
f 583/583/583 582/582/582 580/580/580
f 586/586/586 585/585/585 584/584/584
f 587/587/587 586/586/586 584/584/584
f 588/588/588 586/586/586 587/587/587
f 589/589/589 588/588/588 587/587/587
f 592/592/592 591/591/591 590/590/590
f 593/593/593 592/592/592 590/590/590
f 596/596/596 595/595/595 594/594/594
f 597/597/597 596/596/596 594/594/594
f 600/600/600 599/599/599 598/598/598
f 599/599/599 601/601/601 598/598/598
f 598/598/598 601/601/601 602/602/602
f 601/601/601 603/603/603 602/602/602
f 602/602/602 603/603/603 604/604/604
f 603/603/603 605/605/605 604/604/604
f 608/608/608 607/607/607 606/606/606
f 609/609/609 608/608/608 606/606/606
f 612/612/612 611/611/611 610/610/610
f 613/613/613 612/612/612 610/610/610
f 614/614/614 612/612/612 613/613/613
f 615/615/615 614/614/614 613/613/613
f 616/616/616 614/614/614 615/615/615
f 617/617/617 616/616/616 615/615/615
f 620/620/620 619/619/619 618/618/618
f 621/621/621 620/620/620 618/618/618
f 624/624/624 623/623/623 622/622/622
f 623/623/623 625/625/625 622/622/622
f 622/622/622 625/625/625 626/626/626
f 625/625/625 627/627/627 626/626/626
f 626/626/626 627/627/627 628/628/628
f 627/627/627 629/629/629 628/628/628
f 632/632/632 631/631/631 630/630/630
f 633/633/633 632/632/632 630/630/630
f 636/636/636 635/635/635 634/634/634
f 637/637/637 636/636/636 634/634/634
f 638/638/638 636/636/636 637/637/637
f 639/639/639 638/638/638 637/637/637
f 642/642/642 641/641/641 640/640/640
f 643/643/643 642/642/642 640/640/640
f 646/646/646 645/645/645 644/644/644
f 647/647/647 646/646/646 644/644/644
f 650/650/650 649/649/649 648/648/648
f 649/649/649 651/651/651 648/648/648
f 648/648/648 651/651/651 652/652/652
f 651/651/651 653/653/653 652/652/652
f 652/652/652 653/653/653 654/654/654
f 653/653/653 655/655/655 654/654/654
f 658/658/658 657/657/657 656/656/656
f 659/659/659 658/658/658 656/656/656
f 662/662/662 661/661/661 660/660/660
f 663/663/663 662/662/662 660/660/660
f 664/664/664 662/662/662 663/663/663
f 665/665/665 664/664/664 663/663/663
f 666/666/666 664/664/664 665/665/665
f 667/667/667 666/666/666 665/665/665
f 670/670/670 669/669/669 668/668/668
f 671/671/671 670/670/670 668/668/668
f 674/674/674 673/673/673 672/672/672
f 673/673/673 675/675/675 672/672/672
f 672/672/672 675/675/675 676/676/676
f 675/675/675 677/677/677 676/676/676
f 676/676/676 677/677/677 678/678/678
f 677/677/677 679/679/679 678/678/678
f 682/682/682 681/681/681 680/680/680
f 683/683/683 682/682/682 680/680/680
f 686/686/686 685/685/685 684/684/684
f 684/684/684 685/685/685 687/687/687
f 684/684/684 688/688/688 686/686/686
f 689/689/689 684/684/684 687/687/687
f 688/688/688 684/684/684 690/690/690
f 689/689/689 690/690/690 684/684/684
f 693/693/693 692/692/692 691/691/691
f 691/691/691 694/694/694 693/693/693
f 692/692/692 693/693/693 695/695/695
f 693/693/693 694/694/694 696/696/696
f 693/693/693 697/697/697 695/695/695
f 693/693/693 696/696/696 697/697/697
f 700/700/700 699/699/699 698/698/698
f 701/701/701 700/700/700 698/698/698
f 699/699/699 700/700/700 702/702/702
f 700/700/700 701/701/701 703/703/703
f 700/700/700 704/704/704 702/702/702
f 703/703/703 704/704/704 700/700/700
f 707/707/707 706/706/706 705/705/705
f 705/705/705 706/706/706 708/708/708
f 705/705/705 709/709/709 707/707/707
f 710/710/710 705/705/705 708/708/708
f 709/709/709 705/705/705 711/711/711
f 705/705/705 710/710/710 711/711/711
f 714/714/714 713/713/713 712/712/712
f 714/714/714 712/712/712 715/715/715
f 716/716/716 713/713/713 714/714/714
f 714/714/714 715/715/715 717/717/717
f 714/714/714 718/718/718 716/716/716
f 718/718/718 714/714/714 717/717/717
f 721/721/721 720/720/720 719/719/719
f 720/720/720 722/722/722 719/719/719
f 723/723/723 720/720/720 721/721/721
f 719/719/719 722/722/722 724/724/724
f 725/725/725 723/723/723 721/721/721
f 722/722/722 726/726/726 724/724/724
f 727/727/727 723/723/723 725/725/725
f 724/724/724 726/726/726 728/728/728
f 729/729/729 727/727/727 725/725/725
f 726/726/726 730/730/730 728/728/728
f 731/731/731 727/727/727 729/729/729
f 728/728/728 730/730/730 732/732/732
f 733/733/733 731/731/731 729/729/729
f 730/730/730 734/734/734 732/732/732
f 734/734/734 731/731/731 733/733/733
f 732/732/732 734/734/734 733/733/733
f 737/737/737 736/736/736 735/735/735
f 736/736/736 738/738/738 735/735/735
f 739/739/739 736/736/736 737/737/737
f 735/735/735 738/738/738 740/740/740
f 741/741/741 739/739/739 737/737/737
f 738/738/738 742/742/742 740/740/740
f 743/743/743 739/739/739 741/741/741
f 740/740/740 742/742/742 744/744/744
f 745/745/745 743/743/743 741/741/741
f 742/742/742 746/746/746 744/744/744
f 747/747/747 743/743/743 745/745/745
f 744/744/744 746/746/746 748/748/748
f 749/749/749 747/747/747 745/745/745
f 746/746/746 750/750/750 748/748/748
f 750/750/750 747/747/747 749/749/749
f 748/748/748 750/750/750 749/749/749
f 753/753/753 752/752/752 751/751/751
f 752/752/752 754/754/754 751/751/751
f 755/755/755 752/752/752 753/753/753
f 751/751/751 754/754/754 756/756/756
f 757/757/757 755/755/755 753/753/753
f 754/754/754 758/758/758 756/756/756
f 759/759/759 755/755/755 757/757/757
f 756/756/756 758/758/758 760/760/760
f 761/761/761 759/759/759 757/757/757
f 758/758/758 762/762/762 760/760/760
f 763/763/763 759/759/759 761/761/761
f 760/760/760 762/762/762 764/764/764
f 765/765/765 763/763/763 761/761/761
f 762/762/762 766/766/766 764/764/764
f 766/766/766 763/763/763 765/765/765
f 764/764/764 766/766/766 765/765/765
f 769/769/769 768/768/768 767/767/767
f 768/768/768 770/770/770 767/767/767
f 771/771/771 768/768/768 769/769/769
f 767/767/767 770/770/770 772/772/772
f 773/773/773 771/771/771 769/769/769
f 770/770/770 774/774/774 772/772/772
f 775/775/775 771/771/771 773/773/773
f 772/772/772 774/774/774 776/776/776
f 777/777/777 775/775/775 773/773/773
f 774/774/774 778/778/778 776/776/776
f 779/779/779 775/775/775 777/777/777
f 776/776/776 778/778/778 780/780/780
f 781/781/781 779/779/779 777/777/777
f 778/778/778 782/782/782 780/780/780
f 782/782/782 779/779/779 781/781/781
f 780/780/780 782/782/782 781/781/781
f 785/785/785 784/784/784 783/783/783
f 784/784/784 786/786/786 783/783/783
f 787/787/787 784/784/784 785/785/785
f 783/783/783 786/786/786 788/788/788
f 789/789/789 787/787/787 785/785/785
f 786/786/786 790/790/790 788/788/788
f 791/791/791 787/787/787 789/789/789
f 788/788/788 790/790/790 792/792/792
f 793/793/793 791/791/791 789/789/789
f 790/790/790 794/794/794 792/792/792
f 795/795/795 791/791/791 793/793/793
f 792/792/792 794/794/794 796/796/796
f 797/797/797 795/795/795 793/793/793
f 794/794/794 798/798/798 796/796/796
f 798/798/798 795/795/795 797/797/797
f 796/796/796 798/798/798 797/797/797
f 801/801/801 800/800/800 799/799/799
f 800/800/800 802/802/802 799/799/799
f 803/803/803 800/800/800 801/801/801
f 799/799/799 802/802/802 804/804/804
f 805/805/805 803/803/803 801/801/801
f 802/802/802 806/806/806 804/804/804
f 807/807/807 803/803/803 805/805/805
f 804/804/804 806/806/806 808/808/808
f 809/809/809 807/807/807 805/805/805
f 806/806/806 810/810/810 808/808/808
f 811/811/811 807/807/807 809/809/809
f 808/808/808 810/810/810 812/812/812
f 813/813/813 811/811/811 809/809/809
f 810/810/810 814/814/814 812/812/812
f 814/814/814 811/811/811 813/813/813
f 812/812/812 814/814/814 813/813/813
f 817/817/817 816/816/816 815/815/815
f 816/816/816 818/818/818 815/815/815
f 819/819/819 816/816/816 817/817/817
f 815/815/815 818/818/818 820/820/820
f 821/821/821 819/819/819 817/817/817
f 818/818/818 822/822/822 820/820/820
f 823/823/823 819/819/819 821/821/821
f 820/820/820 822/822/822 824/824/824
f 825/825/825 823/823/823 821/821/821
f 822/822/822 826/826/826 824/824/824
f 827/827/827 823/823/823 825/825/825
f 824/824/824 826/826/826 828/828/828
f 829/829/829 827/827/827 825/825/825
f 826/826/826 830/830/830 828/828/828
f 830/830/830 827/827/827 829/829/829
f 828/828/828 830/830/830 829/829/829
f 833/833/833 832/832/832 831/831/831
f 832/832/832 834/834/834 831/831/831
f 835/835/835 832/832/832 833/833/833
f 831/831/831 834/834/834 836/836/836
f 837/837/837 835/835/835 833/833/833
f 834/834/834 838/838/838 836/836/836
f 839/839/839 835/835/835 837/837/837
f 836/836/836 838/838/838 840/840/840
f 841/841/841 839/839/839 837/837/837
f 838/838/838 842/842/842 840/840/840
f 843/843/843 839/839/839 841/841/841
f 840/840/840 842/842/842 844/844/844
f 845/845/845 843/843/843 841/841/841
f 842/842/842 846/846/846 844/844/844
f 846/846/846 843/843/843 845/845/845
f 844/844/844 846/846/846 845/845/845
f 849/849/849 848/848/848 847/847/847
f 848/848/848 850/850/850 847/847/847
f 851/851/851 848/848/848 849/849/849
f 847/847/847 850/850/850 852/852/852
f 853/853/853 851/851/851 849/849/849
f 850/850/850 854/854/854 852/852/852
f 855/855/855 851/851/851 853/853/853
f 852/852/852 854/854/854 856/856/856
f 857/857/857 855/855/855 853/853/853
f 854/854/854 858/858/858 856/856/856
f 859/859/859 855/855/855 857/857/857
f 856/856/856 858/858/858 860/860/860
f 861/861/861 859/859/859 857/857/857
f 858/858/858 862/862/862 860/860/860
f 862/862/862 859/859/859 861/861/861
f 860/860/860 862/862/862 861/861/861
f 865/865/865 864/864/864 863/863/863
f 864/864/864 866/866/866 863/863/863
f 867/867/867 864/864/864 865/865/865
f 863/863/863 866/866/866 868/868/868
f 869/869/869 867/867/867 865/865/865
f 866/866/866 870/870/870 868/868/868
f 871/871/871 867/867/867 869/869/869
f 868/868/868 870/870/870 872/872/872
f 873/873/873 871/871/871 869/869/869
f 870/870/870 874/874/874 872/872/872
f 875/875/875 871/871/871 873/873/873
f 872/872/872 874/874/874 876/876/876
f 877/877/877 875/875/875 873/873/873
f 874/874/874 878/878/878 876/876/876
f 878/878/878 875/875/875 877/877/877
f 876/876/876 878/878/878 877/877/877
f 881/881/881 880/880/880 879/879/879
f 880/880/880 882/882/882 879/879/879
f 883/883/883 880/880/880 881/881/881
f 879/879/879 882/882/882 884/884/884
f 885/885/885 883/883/883 881/881/881
f 882/882/882 886/886/886 884/884/884
f 887/887/887 883/883/883 885/885/885
f 884/884/884 886/886/886 888/888/888
f 889/889/889 887/887/887 885/885/885
f 886/886/886 890/890/890 888/888/888
f 891/891/891 887/887/887 889/889/889
f 888/888/888 890/890/890 892/892/892
f 893/893/893 891/891/891 889/889/889
f 890/890/890 894/894/894 892/892/892
f 894/894/894 891/891/891 893/893/893
f 892/892/892 894/894/894 893/893/893
f 897/897/897 896/896/896 895/895/895
f 896/896/896 898/898/898 895/895/895
f 899/899/899 896/896/896 897/897/897
f 895/895/895 898/898/898 900/900/900
f 901/901/901 899/899/899 897/897/897
f 898/898/898 902/902/902 900/900/900
f 903/903/903 899/899/899 901/901/901
f 900/900/900 902/902/902 904/904/904
f 905/905/905 903/903/903 901/901/901
f 902/902/902 906/906/906 904/904/904
f 907/907/907 903/903/903 905/905/905
f 904/904/904 906/906/906 908/908/908
f 909/909/909 907/907/907 905/905/905
f 906/906/906 910/910/910 908/908/908
f 910/910/910 907/907/907 909/909/909
f 908/908/908 910/910/910 909/909/909
f 913/913/913 912/912/912 911/911/911
f 914/914/914 913/913/913 911/911/911
f 911/911/911 912/912/912 915/915/915
f 916/916/916 913/913/913 914/914/914
f 912/912/912 917/917/917 915/915/915
f 918/918/918 916/916/916 914/914/914
f 915/915/915 917/917/917 919/919/919
f 920/920/920 916/916/916 918/918/918
f 917/917/917 921/921/921 919/919/919
f 922/922/922 920/920/920 918/918/918
f 919/919/919 921/921/921 923/923/923
f 924/924/924 920/920/920 922/922/922
f 921/921/921 925/925/925 923/923/923
f 926/926/926 924/924/924 922/922/922
f 923/923/923 925/925/925 926/926/926
f 925/925/925 924/924/924 926/926/926
f 929/929/929 928/928/928 927/927/927
f 930/930/930 929/929/929 927/927/927
f 927/927/927 928/928/928 931/931/931
f 932/932/932 929/929/929 930/930/930
f 928/928/928 933/933/933 931/931/931
f 934/934/934 932/932/932 930/930/930
f 931/931/931 933/933/933 935/935/935
f 936/936/936 932/932/932 934/934/934
f 933/933/933 937/937/937 935/935/935
f 938/938/938 936/936/936 934/934/934
f 935/935/935 937/937/937 939/939/939
f 940/940/940 936/936/936 938/938/938
f 937/937/937 941/941/941 939/939/939
f 942/942/942 940/940/940 938/938/938
f 939/939/939 941/941/941 942/942/942
f 941/941/941 940/940/940 942/942/942
f 945/945/945 944/944/944 943/943/943
f 946/946/946 945/945/945 943/943/943
f 943/943/943 944/944/944 947/947/947
f 948/948/948 945/945/945 946/946/946
f 944/944/944 949/949/949 947/947/947
f 950/950/950 948/948/948 946/946/946
f 947/947/947 949/949/949 951/951/951
f 952/952/952 948/948/948 950/950/950
f 949/949/949 953/953/953 951/951/951
f 954/954/954 952/952/952 950/950/950
f 951/951/951 953/953/953 955/955/955
f 956/956/956 952/952/952 954/954/954
f 953/953/953 957/957/957 955/955/955
f 958/958/958 956/956/956 954/954/954
f 955/955/955 957/957/957 958/958/958
f 957/957/957 956/956/956 958/958/958
