g P_T_B
v 0.0872036368 -0.329515159 0.0872011706
v 0.0476936474 -0.36902523 0.0872009844
v 0.0872044191 -0.36902535 0.0476913638
v 0.0476936474 -0.194620281 0.0872009844
v 0.0872036368 -0.234130278 0.0872011706
v 0.0872044191 -0.194620281 0.0476911739
v -0.087201409 -0.234130189 0.0872009844
v -0.0476914197 -0.194620281 0.0872009844
v -0.0872006416 -0.194620088 0.0476911739
v -0.0476914197 -0.36902523 0.0872009844
v -0.087201409 -0.32951507 0.0872009844
v -0.0872006416 -0.369025171 0.0476911739
v -0.0872006416 -0.329514951 -0.0872039795
v -0.0476906449 -0.36902535 -0.0872041211
v -0.0872006416 -0.369025171 -0.0476936996
v -0.0476906449 -0.194620088 -0.0872038826
v -0.0872006416 -0.234130085 -0.0872039795
v -0.0872006416 -0.194620088 -0.0476936996
v 0.0872044191 -0.234130383 -0.0872037411
v 0.0476942286 -0.194620088 -0.0872038826
v 0.0872044191 -0.194620371 -0.047693599
v 0.0476942286 -0.36902535 -0.0872041211
v 0.0872044191 -0.329515189 -0.0872036889
v 0.0872044191 -0.36902535 -0.0476934984
v -0.0761747584 -0.394322723 -0.138426438
v -0.0505536459 -0.33237797 -0.147418126
v -0.112498321 -0.357999235 -0.138426438
v -0.112498321 -0.205646202 -0.138426438
v -0.0505536459 -0.231267527 -0.147418082
v -0.0761747584 -0.169322759 -0.138426438
v 0.0761781484 -0.169322759 -0.138426438
v 0.050556846 -0.231267467 -0.147418082
v 0.112501517 -0.205646306 -0.138426378
v 0.112501703 -0.357999235 -0.138426438
v 0.050556846 -0.33237797 -0.147418126
v 0.0761781484 -0.394322723 -0.138426438
v -0.0761747584 -0.143397793 -0.112501465
v -0.0505536459 -0.13440609 -0.0505567007
v -0.112498321 -0.143397793 -0.0761780068
v -0.112498321 -0.143397793 0.0761750937
v -0.0505536459 -0.134406134 0.0505537987
v -0.0761747584 -0.143397793 0.112498552
v 0.0761781484 -0.143397793 0.112498552
v 0.050556846 -0.134406134 0.0505537987
v 0.112501517 -0.143397793 0.0761750937
v 0.112501703 -0.143397793 -0.0761780068
v 0.050556846 -0.13440609 -0.0505567007
v 0.0761781484 -0.143397793 -0.112501465
v -0.138423279 -0.205646202 -0.112501465
v -0.169184774 -0.357999235 -0.112501465
v -0.138423279 -0.357999235 -0.112501465
v -0.169184774 -0.205646202 -0.112501465
v -0.138423279 -0.169322759 -0.0761780068
v -0.169184774 -0.169322759 -0.0761780068
v -0.138423279 -0.169322759 0.0761750937
v -0.169184774 -0.169322759 0.0761750937
v -0.169184774 -0.205646202 0.112498552
v -0.138423279 -0.205646202 0.112498552
v -0.138423279 -0.357999235 0.112498552
v -0.169184774 -0.357999235 0.112498552
v -0.138423279 -0.394322723 0.0761750937
v -0.169184774 -0.394322723 0.0761750937
v -0.138423279 -0.394322723 -0.0761780068
v -0.169184774 -0.394322723 -0.0761780068
v -0.138423279 -0.357999235 -0.112501465
v -0.169184774 -0.357999235 -0.112501465
v -0.112498321 -0.420247793 0.0761750937
v -0.112498321 -0.420247793 -0.0761780068
v -0.138423279 -0.394322723 -0.0761780068
v -0.138423279 -0.394322723 0.0761750937
v -0.0761745647 -0.420247793 -0.112501465
v 0.0761781484 -0.420247793 -0.112501465
v 0.0761781484 -0.394322723 -0.138426438
v -0.0761747584 -0.394322723 -0.138426438
v 0.112501904 -0.420247793 -0.0761780068
v 0.112501904 -0.420247793 0.0761750937
v 0.138426676 -0.394322604 0.0761752874
v 0.138426676 -0.394322604 -0.0761778131
v 0.0761781484 -0.420247793 0.112498552
v -0.0761745647 -0.420247793 0.112498552
v -0.0761759207 -0.394322723 0.138423234
v 0.0761769861 -0.394322723 0.138423234
v -0.0761747584 -0.143397793 0.112498552
v 0.0761781484 -0.143397793 0.112498552
v 0.0761769861 -0.169322759 0.138423234
v -0.0761753395 -0.169322759 0.138423428
v 0.112501517 -0.143397793 0.0761750937
v 0.112501703 -0.143397793 -0.0761780068
v 0.138426676 -0.169322655 -0.0761778131
v 0.138426676 -0.169322655 0.0761752874
v 0.0761781484 -0.143397793 -0.112501465
v -0.0761747584 -0.143397793 -0.112501465
v -0.0761747584 -0.169322759 -0.138426438
v 0.0761781484 -0.169322759 -0.138426438
v -0.112498321 -0.143397793 -0.0761780068
v -0.112498321 -0.143397793 0.0761750937
v -0.138423279 -0.169322759 0.0761750937
v -0.138423279 -0.169322759 -0.0761780068
v 0.138426676 -0.205646172 0.11249876
v 0.138426676 -0.357999057 0.11249876
v 0.112500742 -0.357999235 0.138423234
v 0.112500742 -0.205646202 0.138423234
v 0.100394115 -0.181430578 0.100390777
v 0.0761769861 -0.169322759 0.138423234
v 0.138426676 -0.169322655 0.0761752874
v 0.0761781484 -0.143397793 0.112498552
v 0.112501517 -0.143397793 0.0761750937
v -0.138423279 -0.357999235 0.112498552
v -0.138423279 -0.205646202 0.112498552
v -0.112499483 -0.205646202 0.138423234
v -0.112499483 -0.357999235 0.138423234
v 0.138426676 -0.357999057 -0.112501279
v 0.138426676 -0.205646172 -0.112501279
v 0.112501517 -0.205646306 -0.138426378
v 0.112501703 -0.357999235 -0.138426438
v 0.100394115 -0.382214963 -0.100393623
v 0.0761781484 -0.394322723 -0.138426438
v 0.138426676 -0.394322604 -0.0761778131
v 0.0761781484 -0.420247793 -0.112501465
v 0.112501904 -0.420247793 -0.0761780068
v -0.138423279 -0.205646202 -0.112501465
v -0.138423279 -0.357999235 -0.112501465
v -0.112498321 -0.357999235 -0.138426438
v -0.112498321 -0.205646202 -0.138426438
v -0.100390337 -0.181430578 -0.100393623
v -0.0761747584 -0.169322759 -0.138426438
v -0.138423279 -0.169322759 -0.0761780068
v -0.0761747584 -0.143397793 -0.112501465
v -0.112498321 -0.143397793 -0.0761780068
v -0.188879311 -0.211903051 -0.140663609
v -0.218175381 -0.351156265 -0.139484987
v -0.188879311 -0.351742417 -0.140663609
v -0.218175381 -0.212488443 -0.139484987
v -0.188879311 -0.141160622 -0.0699212179
v -0.218175381 -0.142338693 -0.0693351999
v -0.188879311 -0.141160622 0.0699183047
v -0.218175381 -0.142338693 0.0693326816
v -0.188879311 -0.211903051 0.140660703
v -0.218175381 -0.212488443 0.139482483
v -0.188879311 -0.351742417 0.140660703
v -0.218175381 -0.351156265 0.139482483
v -0.188879311 -0.422484845 0.0699183047
v -0.218175381 -0.421305984 0.0693326965
v -0.188879311 -0.422484845 -0.0699212179
v -0.218175381 -0.421305984 -0.0693351999
v -0.188879311 -0.351742417 -0.140663609
v -0.218175381 -0.351156265 -0.139484987
v -0.228529409 -0.390880167 -0.0596235842
v -0.0872006416 -0.369025171 0.0476911739
v -0.228529409 -0.390880167 0.059620969
v -0.0872006416 -0.369025171 -0.0476936996
v -0.228529409 -0.341444552 -0.109059177
v -0.0872006416 -0.329514951 -0.0872039795
v -0.228529409 -0.222200096 -0.109059177
v -0.0872006416 -0.234130085 -0.0872039795
v -0.228529409 -0.17276451 -0.059623491
v -0.0872006416 -0.194620088 -0.0476936996
v -0.228529409 -0.17276451 0.059620969
v -0.0872006416 -0.194620088 0.0476911739
v -0.228529409 -0.22220014 0.109056622
v -0.087201409 -0.234130189 0.0872009844
v -0.228529409 -0.341444492 0.109056622
v -0.087201409 -0.32951507 0.0872009844
v -0.228529409 -0.390880167 0.059620969
v -0.0872006416 -0.369025171 0.0476911739
v -0.0505536459 -0.33237797 -0.147418126
v 0.050556846 -0.33237797 -0.147418126
v 0.050556846 -0.231267467 -0.147418082
v -0.0505536459 -0.231267527 -0.147418082
v 0.0872044191 -0.234130383 -0.0872037411
v -0.0476906449 -0.194620088 -0.0872038826
v 0.0476942286 -0.194620088 -0.0872038826
v -0.0872006416 -0.234130085 -0.0872039795
v -0.0872006416 -0.329514951 -0.0872039795
v 0.0872044191 -0.329515189 -0.0872036889
v 0.0476942286 -0.36902535 -0.0872041211
v -0.0476906449 -0.36902535 -0.0872041211
v 0.138426676 -0.357999057 -0.112501279
v 0.169188172 -0.205646113 -0.112501077
v 0.138426676 -0.205646172 -0.112501279
v 0.169188172 -0.357998967 -0.112501077
v 0.138426676 -0.394322604 -0.0761778131
v 0.169188172 -0.394322544 -0.0761776119
v 0.138426676 -0.394322604 0.0761752874
v 0.169188172 -0.394322544 0.0761754811
v 0.169188172 -0.357998967 0.112498946
v 0.138426676 -0.357999057 0.11249876
v 0.138426676 -0.205646172 0.11249876
v 0.169188172 -0.205646113 0.112498946
v 0.138426676 -0.169322655 0.0761752874
v 0.169188172 -0.16932255 0.0761754885
v 0.138426676 -0.169322655 -0.0761778131
v 0.169188172 -0.169322565 -0.0761776119
v 0.138426676 -0.205646172 -0.112501279
v 0.169188172 -0.205646113 -0.112501077
v 0.188882709 -0.351742208 -0.140663207
v 0.218178779 -0.212488919 -0.139484599
v 0.188882709 -0.211902902 -0.140663221
v 0.218178779 -0.351156771 -0.139484599
v 0.188882709 -0.422484577 -0.069920823
v 0.218178779 -0.421306521 -0.0693348199
v 0.188882709 -0.422484577 0.0699186847
v 0.218178779 -0.421306521 0.0693330765
v 0.188882709 -0.351742178 0.140661091
v 0.218178779 -0.351156771 0.139482856
v 0.188882709 -0.211902902 0.140661091
v 0.218178779 -0.212488919 0.139482856
v 0.188882709 -0.141160324 0.0699186996
v 0.218178779 -0.142339319 0.0693330765
v 0.188882709 -0.141160339 -0.0699208304
v 0.218178779 -0.142339319 -0.0693348125
v 0.188882709 -0.211902902 -0.140663221
v 0.218178779 -0.212488919 -0.139484599
v 0.228532791 -0.17276518 -0.0596232004
v 0.0872044191 -0.194620281 0.0476911739
v 0.228532791 -0.17276518 0.0596213602
v 0.0872044191 -0.194620371 -0.047693599
v 0.228532791 -0.222200736 -0.109058797
v 0.0872044191 -0.234130383 -0.0872037411
v 0.228532791 -0.341445148 -0.109058797
v 0.0872044191 -0.329515189 -0.0872036889
v 0.228532791 -0.390880704 -0.0596231073
v 0.0872044191 -0.36902535 -0.0476934984
v 0.228532791 -0.390880704 0.0596213527
v 0.0872044191 -0.36902535 0.0476913638
v 0.228532791 -0.341445148 0.109057002
v 0.0872036368 -0.329515159 0.0872011706
v 0.228532791 -0.222200736 0.109057002
v 0.0872036368 -0.234130278 0.0872011706
v 0.228532791 -0.17276518 0.0596213602
v 0.0872044191 -0.194620281 0.0476911739
v -0.0761745647 -0.420247793 -0.112501465
v 0.0761783421 -0.451009393 -0.112501465
v 0.0761781484 -0.420247793 -0.112501465
v -0.0761745647 -0.451009393 -0.112501465
v -0.112498321 -0.420247793 -0.0761780068
v -0.112498119 -0.451009393 -0.0761780068
v -0.112498321 -0.420247793 0.0761750937
v -0.112498119 -0.451009393 0.0761750937
v -0.0761745647 -0.451009393 0.112498552
v -0.0761745647 -0.420247793 0.112498552
v 0.0761781484 -0.420247793 0.112498552
v 0.0761783421 -0.451009393 0.112498552
v 0.112501904 -0.420247793 0.0761750937
v 0.112501904 -0.451009393 0.0761750937
v 0.112501904 -0.420247793 -0.0761780068
v 0.112501904 -0.451009393 -0.0761780068
v 0.0761781484 -0.420247793 -0.112501465
v 0.0761783421 -0.451009393 -0.112501465
v -0.0699177757 -0.47070393 -0.140663609
v 0.0693355426 -0.5 -0.139484987
v 0.0699215531 -0.47070393 -0.140663609
v -0.0693323463 -0.5 -0.139484987
v -0.140660152 -0.47070393 -0.0699212179
v -0.139482126 -0.5 -0.0693351999
v -0.140660152 -0.47070393 0.0699183047
v -0.139482126 -0.5 0.0693326965
v -0.0699177757 -0.47070393 0.140660703
v -0.0693323463 -0.5 0.139482453
v 0.0699215531 -0.47070393 0.140660703
v 0.0693355426 -0.5 0.139482453
v 0.14066413 -0.47070393 0.0699183047
v 0.139485136 -0.5 0.0693326965
v 0.14066413 -0.47070393 -0.0699212179
v 0.139485136 -0.5 -0.0693351999
v 0.0699215531 -0.47070393 -0.140663609
v 0.0693355426 -0.5 -0.139484987
v 0.109059274 -0.510354042 -0.0596235842
v 0.0872044191 -0.36902535 0.0476913638
v 0.109059274 -0.510353982 0.059620969
v 0.0872044191 -0.36902535 -0.0476934984
v 0.0596237369 -0.510353982 -0.109059185
v 0.0476942286 -0.36902535 -0.0872041211
v -0.0596207306 -0.510353982 -0.109059185
v -0.0476906449 -0.36902535 -0.0872041211
v -0.109056279 -0.510353982 -0.0596234873
v -0.0872006416 -0.369025171 -0.0476936996
v -0.109056279 -0.510353982 0.059620969
v -0.0872006416 -0.369025171 0.0476911739
v -0.0596207306 -0.510354042 0.109056622
v -0.0476914197 -0.36902523 0.0872009844
v 0.0596237369 -0.510354042 0.109056622
v 0.0476936474 -0.36902523 0.0872009844
v 0.109059274 -0.510353982 0.059620969
v 0.0872044191 -0.36902535 0.0476913638
v -0.112499483 -0.205646202 0.138423234
v -0.112500645 -0.357999235 0.169184342
v -0.112499483 -0.357999235 0.138423234
v -0.112500645 -0.205646202 0.169184342
v -0.0761753395 -0.169322759 0.138423428
v -0.076177083 -0.169322759 0.169184342
v 0.0761769861 -0.169322759 0.138423234
v 0.0761760175 -0.169322759 0.169184342
v 0.11249958 -0.205646202 0.169184342
v 0.112500742 -0.205646202 0.138423234
v 0.112500742 -0.357999235 0.138423234
v 0.11249958 -0.357999235 0.169184342
v 0.0761769861 -0.394322723 0.138423234
v 0.0761760175 -0.394322723 0.169184342
v -0.0761759207 -0.394322723 0.138423234
v -0.076177083 -0.394322723 0.169184342
v -0.112499483 -0.357999235 0.138423234
v -0.112500645 -0.357999235 0.169184342
v -0.14066267 -0.211903051 0.188878879
v -0.139484063 -0.351156265 0.218174964
v -0.14066267 -0.351742417 0.188878879
v -0.139484063 -0.212488443 0.218174949
v -0.069920294 -0.141160622 0.188878879
v -0.0693342835 -0.142338693 0.218174949
v 0.0699192286 -0.141160622 0.188878879
v 0.0693336055 -0.142338693 0.218174949
v 0.140661612 -0.211903051 0.188878879
v 0.139483392 -0.212488443 0.218174949
v 0.140661612 -0.351742417 0.188878879
v 0.139483392 -0.351156265 0.218174964
v 0.0699192286 -0.422484845 0.188878849
v 0.0693336055 -0.421305984 0.218174949
v -0.069920294 -0.422484845 0.188878849
v -0.0693342835 -0.421305984 0.218174949
v -0.14066267 -0.351742417 0.188878879
v -0.139484063 -0.351156265 0.218174964
v -0.0596226677 -0.390880167 0.228528991
v 0.0476936474 -0.36902523 0.0872009844
v 0.059621796 -0.390880167 0.228528991
v -0.0476914197 -0.36902523 0.0872009844
v -0.109058216 -0.341444492 0.228528991
v -0.087201409 -0.32951507 0.0872009844
v -0.109058216 -0.222200081 0.228528976
v -0.087201409 -0.234130189 0.0872009844
v -0.0596224777 -0.17276451 0.228528976
v -0.0476914197 -0.194620281 0.0872009844
v 0.059621796 -0.17276451 0.228528976
v 0.0476936474 -0.194620281 0.0872009844
v 0.109057538 -0.22220014 0.228528976
v 0.0872036368 -0.234130278 0.0872011706
v 0.109057538 -0.341444492 0.228528991
v 0.0872036368 -0.329515159 0.0872011706
v 0.059621796 -0.390880167 0.228528991
v 0.0476936474 -0.36902523 0.0872009844
v 0.0761781484 -0.394322723 -0.138426438
v 0.050556846 -0.33237797 -0.147418126
v -0.0505536459 -0.33237797 -0.147418126
v -0.0761747584 -0.394322723 -0.138426438
v -0.112498321 -0.357999235 -0.138426438
v -0.0505536459 -0.33237797 -0.147418126
v -0.0505536459 -0.231267527 -0.147418082
v -0.112498321 -0.205646202 -0.138426438
v -0.0761747584 -0.169322759 -0.138426438
v -0.0505536459 -0.231267527 -0.147418082
v 0.050556846 -0.231267467 -0.147418082
v 0.0761781484 -0.169322759 -0.138426438
v 0.112501517 -0.205646306 -0.138426378
v 0.050556846 -0.231267467 -0.147418082
v 0.050556846 -0.33237797 -0.147418126
v 0.112501703 -0.357999235 -0.138426438
v -0.0505536459 -0.13440609 -0.0505567007
v 0.050556846 -0.13440609 -0.0505567007
v 0.050556846 -0.134406134 0.0505537987
v -0.0505536459 -0.134406134 0.0505537987
v 0.0872044191 -0.194620281 0.0476911739
v -0.0476914197 -0.194620281 0.0872009844
v 0.0476936474 -0.194620281 0.0872009844
v -0.0872006416 -0.194620088 0.0476911739
v -0.0872006416 -0.194620088 -0.0476936996
v 0.0872044191 -0.194620371 -0.047693599
v 0.0476942286 -0.194620088 -0.0872038826
v -0.0476906449 -0.194620088 -0.0872038826
v 0.0761781484 -0.143397793 -0.112501465
v 0.050556846 -0.13440609 -0.0505567007
v -0.0505536459 -0.13440609 -0.0505567007
v -0.0761747584 -0.143397793 -0.112501465
v -0.112498321 -0.143397793 -0.0761780068
v -0.0505536459 -0.13440609 -0.0505567007
v -0.0505536459 -0.134406134 0.0505537987
v -0.112498321 -0.143397793 0.0761750937
v -0.0761747584 -0.143397793 0.112498552
v -0.0505536459 -0.134406134 0.0505537987
v 0.050556846 -0.134406134 0.0505537987
v 0.0761781484 -0.143397793 0.112498552
v 0.112501517 -0.143397793 0.0761750937
v 0.050556846 -0.134406134 0.0505537987
v 0.050556846 -0.13440609 -0.0505567007
v 0.112501703 -0.143397793 -0.0761780068
v 0.05766242 -0.407156885 0.499999374
v 0.05766261 -0.407181412 0.218749151
v -0.0576621294 -0.407181621 0.218748361
v -0.0576623231 -0.407157063 0.499998629
v -0.12590602 -0.338936985 0.218748376
v -0.125906602 -0.338912398 0.499998629
v 0.125906706 -0.338912487 0.499999374
v 0.1259069 -0.338937104 0.218749136
v 0.05766261 -0.407181412 0.218749151
v 0.05766242 -0.407156885 0.499999374
v 0.1259069 -0.223587319 0.499998659
v 0.125907093 -0.223611936 0.218748376
v 0.1259069 -0.338937104 0.218749136
v 0.125906706 -0.338912487 0.499999374
v 0.0576628111 -0.155342892 0.499997854
v 0.125907093 -0.223611936 0.218748376
v 0.1259069 -0.223587319 0.499998659
v 0.0576630011 -0.155367509 0.218747586
v -0.0576625131 -0.155342892 0.499998629
v -0.0576623231 -0.155367509 0.218748376
v -0.125906602 -0.223587796 0.499998659
v -0.12590602 -0.223612398 0.218748376
v -0.125906602 -0.338912398 0.499998629
v -0.12590602 -0.338936985 0.218748376
v -0.12590602 -0.223612398 0.218748376
v -0.125906602 -0.223587796 0.499998659
v -0.0942436233 -0.324411333 0.499998629
v -0.0943098888 -0.324464411 0.218748361
v -0.0431922749 -0.37558037 0.218748361
v -0.0431618504 -0.375493765 0.499998689
v 0.0431923717 -0.375580043 0.218748361
v 0.0431617536 -0.375493497 0.499998629
v 0.0943105668 -0.3244645 0.218748361
v 0.0942441002 -0.324411452 0.499998629
v -0.0942432284 -0.238088533 0.499999374
v -0.0943095013 -0.238084629 0.218749136
v -0.0943098888 -0.324464411 0.218748361
v -0.0942436233 -0.324411333 0.499998629
v -0.043161463 -0.187006354 0.499999374
v -0.0943095013 -0.238084629 0.218749136
v -0.0942432284 -0.238088533 0.499999374
v -0.0431918912 -0.186968878 0.218749136
v 0.0431611724 -0.187006563 0.499998629
v 0.0431917943 -0.186969072 0.218748376
v 0.0942441002 -0.238088608 0.499997854
v 0.0943105668 -0.238084748 0.218747586
v 0.0942441002 -0.324411452 0.499998629
v 0.0943105668 -0.3244645 0.218748361
v 0.0943105668 -0.238084748 0.218747586
v 0.0942441002 -0.238088608 0.499997854
v -0.499999255 -0.338912576 -0.125908107
v -0.218750149 -0.407181531 -0.0576624684
v -0.218749389 -0.338937223 -0.125908107
v -0.50000006 -0.407156974 -0.0576624684
v -0.218750149 -0.407181531 0.0576614924
v -0.499999255 -0.407156974 0.0576613024
v -0.218750954 -0.338936716 0.125905782
v -0.50000006 -0.338912129 0.125905782
v -0.49999845 -0.223587409 -0.125907913
v -0.499999255 -0.338912576 -0.125908107
v -0.218749389 -0.338937223 -0.125908107
v -0.218748629 -0.22361201 -0.125907913
v -0.49999845 -0.155343026 -0.0576634333
v -0.49999845 -0.223587409 -0.125907913
v -0.218748629 -0.22361201 -0.125907913
v -0.218748629 -0.155367702 -0.0576634333
v -0.49999845 -0.155343026 0.0576614924
v -0.218749389 -0.155367702 0.0576616935
v -0.499999255 -0.223587602 0.125906155
v -0.218750149 -0.223612234 0.125906155
v -0.50000006 -0.338912129 0.125905782
v -0.499999255 -0.223587602 0.125906155
v -0.218750149 -0.223612234 0.125906155
v -0.218750954 -0.338936716 0.125905782
v -0.499999255 -0.324525476 0.0944918022
v -0.218749389 -0.375705183 0.0432441719
v -0.218749389 -0.324521542 0.0944255218
v -0.499999255 -0.375742584 0.0432745926
v -0.218749389 -0.375705242 -0.0432459041
v -0.499999255 -0.375742704 -0.0432763286
v -0.218749389 -0.321775615 -0.0944274664
v -0.499999255 -0.321779519 -0.0944937468
v -0.499999255 -0.237974182 0.0944916159
v -0.499999255 -0.324525476 0.0944918022
v -0.218749389 -0.324521542 0.0944255218
v -0.218749389 -0.238027319 0.0944253355
v -0.499999255 -0.192754328 0.0432743914
v -0.499999255 -0.237974182 0.0944916159
v -0.218749389 -0.238027319 0.0944253355
v -0.218749389 -0.192841023 0.0432439707
v -0.499999255 -0.192754328 -0.0432765223
v -0.218749389 -0.192841023 -0.0432460979
v -0.499999255 -0.240721196 -0.0944937468
v -0.218749389 -0.240774333 -0.0944274664
v -0.499999255 -0.321779519 -0.0944937468
v -0.499999255 -0.240721196 -0.0944937468
v -0.218749389 -0.240774333 -0.0944274664
v -0.218749389 -0.321775615 -0.0944274664
v 0.500000894 -0.407156855 -0.0576630495
v 0.218750641 -0.407181412 -0.0576632395
v 0.218749881 -0.407181621 0.0576614924
v 0.500000119 -0.407157063 0.0576616861
v 0.218749881 -0.338936985 0.125905395
v 0.500000119 -0.338912427 0.125905976
v 0.500000894 -0.338912487 -0.125907332
v 0.218750641 -0.338937104 -0.125907525
v 0.218750641 -0.407181412 -0.0576632395
v 0.500000894 -0.407156855 -0.0576630495
v 0.500000119 -0.223587319 -0.125907525
v 0.218749881 -0.223611921 -0.125907719
v 0.218750641 -0.338937104 -0.125907525
v 0.500000894 -0.338912487 -0.125907332
v 0.499999374 -0.155342877 -0.0576634333
v 0.218749881 -0.223611921 -0.125907719
v 0.500000119 -0.223587319 -0.125907525
v 0.218749106 -0.155367509 -0.0576636307
v 0.500000119 -0.155342892 0.0576618835
v 0.218749881 -0.155367494 0.0576616935
v 0.500000119 -0.223587796 0.125905976
v 0.218749881 -0.223612413 0.125905395
v 0.500000119 -0.338912427 0.125905976
v 0.218749881 -0.338936985 0.125905395
v 0.218749881 -0.223612413 0.125905395
v 0.500000119 -0.223587796 0.125905976
v 0.500000119 -0.324411333 0.09424299
v 0.218749881 -0.324464411 0.094309248
v 0.218749881 -0.37558037 0.0431916416
v 0.500000119 -0.375493795 0.0431612208
v 0.218749881 -0.375580043 -0.043193005
v 0.500000119 -0.375493497 -0.0431623831
v 0.218749881 -0.3244645 -0.0943112001
v 0.500000119 -0.324411422 -0.094244726
v 0.500000894 -0.238088503 0.0942425877
v 0.218750641 -0.238084629 0.0943088681
v 0.218749881 -0.324464411 0.094309248
v 0.500000119 -0.324411333 0.09424299
v 0.500000894 -0.187006354 0.0431608371
v 0.218750641 -0.238084629 0.0943088681
v 0.500000894 -0.238088503 0.0942425877
v 0.218750641 -0.186968863 0.0431912616
v 0.500000119 -0.187006563 -0.043161802
v 0.218749881 -0.186969072 -0.0431924239
v 0.499999374 -0.238088608 -0.094244726
v 0.218749106 -0.238084733 -0.0943112001
v 0.500000119 -0.324411422 -0.094244726
v 0.218749881 -0.3244645 -0.0943112001
v 0.218749106 -0.238084733 -0.0943112001
v 0.499999374 -0.238088608 -0.094244726
v -0.100390337 -0.181430578 0.10039068
v -0.138423279 -0.169322759 0.0761750937
v -0.112498321 -0.143397793 0.0761750937
v -0.138423279 -0.205646202 0.112498552
v -0.0761747584 -0.143397793 0.112498552
v -0.112499483 -0.205646202 0.138423234
v -0.0761753395 -0.169322759 0.138423428
v -0.138423279 -0.394322723 0.0761750937
v -0.138423279 -0.357999235 0.112498552
v -0.100390337 -0.382214934 0.10039068
v -0.112498321 -0.420247793 0.0761750937
v -0.112499483 -0.357999235 0.138423234
v -0.0761745647 -0.420247793 0.112498552
v -0.0761759207 -0.394322723 0.138423234
v -0.138423279 -0.357999235 -0.112501465
v -0.138423279 -0.394322723 -0.0761780068
v -0.100390337 -0.382214963 -0.100393623
v -0.112498321 -0.357999235 -0.138426438
v -0.112498321 -0.420247793 -0.0761780068
v -0.0761747584 -0.394322723 -0.138426438
v -0.0761745647 -0.420247793 -0.112501465
v 0.100394115 -0.181430578 -0.100393623
v 0.138426676 -0.169322655 -0.0761778131
v 0.112501703 -0.143397793 -0.0761780068
v 0.138426676 -0.205646172 -0.112501279
v 0.0761781484 -0.143397793 -0.112501465
v 0.112501517 -0.205646306 -0.138426378
v 0.0761781484 -0.169322759 -0.138426438
v 0.0761769861 -0.394322723 0.138423234
v 0.112500742 -0.357999235 0.138423234
v 0.100394115 -0.382214934 0.100390777
v 0.0761781484 -0.420247793 0.112498552
v 0.138426676 -0.357999057 0.11249876
v 0.112501904 -0.420247793 0.0761750937
v 0.138426676 -0.394322604 0.0761752874
v -0.50000006 -0.338912129 0.125905782
v -0.499999255 -0.237974182 0.0944916159
v -0.499999255 -0.223587602 0.125906155
v -0.499999255 -0.324525476 0.0944918022
v -0.499999255 -0.192754328 0.0432743914
v -0.499999255 -0.407156974 0.0576613024
v -0.49999845 -0.155343026 0.0576614924
v -0.499999255 -0.375742584 0.0432745926
v -0.499999255 -0.192754328 -0.0432765223
v -0.50000006 -0.407156974 -0.0576624684
v -0.49999845 -0.155343026 -0.0576634333
v -0.499999255 -0.375742704 -0.0432763286
v -0.499999255 -0.240721196 -0.0944937468
v -0.499999255 -0.338912576 -0.125908107
v -0.49999845 -0.223587409 -0.125907913
v -0.499999255 -0.321779519 -0.0944937468
v -0.139484063 -0.212488443 0.218174949
v -0.109058216 -0.341444492 0.228528991
v -0.139484063 -0.351156265 0.218174964
v -0.109058216 -0.222200081 0.228528976
v -0.0596226677 -0.390880167 0.228528991
v -0.0693342835 -0.142338693 0.218174949
v -0.0693342835 -0.421305984 0.218174949
v -0.0596224777 -0.17276451 0.228528976
v 0.059621796 -0.390880167 0.228528991
v 0.0693336055 -0.142338693 0.218174949
v 0.0693336055 -0.421305984 0.218174949
v 0.059621796 -0.17276451 0.228528976
v 0.109057538 -0.341444492 0.228528991
v 0.139483392 -0.212488443 0.218174949
v 0.139483392 -0.351156265 0.218174964
v 0.109057538 -0.22220014 0.228528976
v -0.112500645 -0.205646202 0.169184342
v -0.14066267 -0.351742417 0.188878879
v -0.112500645 -0.357999235 0.169184342
v -0.14066267 -0.211903051 0.188878879
v -0.069920294 -0.422484845 0.188878849
v -0.076177083 -0.169322759 0.169184342
v -0.076177083 -0.394322723 0.169184342
v -0.069920294 -0.141160622 0.188878879
v 0.0699192286 -0.422484845 0.188878849
v 0.0761760175 -0.169322759 0.169184342
v 0.0761760175 -0.394322723 0.169184342
v 0.0699192286 -0.141160622 0.188878879
v 0.140661612 -0.351742417 0.188878879
v 0.11249958 -0.205646202 0.169184342
v 0.11249958 -0.357999235 0.169184342
v 0.140661612 -0.211903051 0.188878879
v -0.0693323463 -0.5 -0.139484987
v 0.0596237369 -0.510353982 -0.109059185
v 0.0693355426 -0.5 -0.139484987
v -0.0596207306 -0.510353982 -0.109059185
v 0.109059274 -0.510354042 -0.0596235842
v -0.139482126 -0.5 -0.0693351999
v 0.139485136 -0.5 -0.0693351999
v -0.109056279 -0.510353982 -0.0596234873
v 0.109059274 -0.510353982 0.059620969
v -0.139482126 -0.5 0.0693326965
v 0.139485136 -0.5 0.0693326965
v -0.109056279 -0.510353982 0.059620969
v 0.0596237369 -0.510354042 0.109056622
v -0.0693323463 -0.5 0.139482453
v 0.0693355426 -0.5 0.139482453
v -0.0596207306 -0.510354042 0.109056622
v -0.0761745647 -0.451009393 -0.112501465
v 0.0699215531 -0.47070393 -0.140663609
v 0.0761783421 -0.451009393 -0.112501465
v -0.0699177757 -0.47070393 -0.140663609
v 0.14066413 -0.47070393 -0.0699212179
v -0.112498119 -0.451009393 -0.0761780068
v 0.112501904 -0.451009393 -0.0761780068
v -0.140660152 -0.47070393 -0.0699212179
v 0.14066413 -0.47070393 0.0699183047
v -0.112498119 -0.451009393 0.0761750937
v 0.112501904 -0.451009393 0.0761750937
v -0.140660152 -0.47070393 0.0699183047
v 0.0699215531 -0.47070393 0.140660703
v -0.0761745647 -0.451009393 0.112498552
v 0.0761783421 -0.451009393 0.112498552
v -0.0699177757 -0.47070393 0.140660703
v 0.218178779 -0.351156771 -0.139484599
v 0.228532791 -0.222200736 -0.109058797
v 0.218178779 -0.212488919 -0.139484599
v 0.228532791 -0.341445148 -0.109058797
v 0.228532791 -0.17276518 -0.0596232004
v 0.218178779 -0.421306521 -0.0693348199
v 0.218178779 -0.142339319 -0.0693348125
v 0.228532791 -0.390880704 -0.0596231073
v 0.228532791 -0.17276518 0.0596213602
v 0.218178779 -0.421306521 0.0693330765
v 0.218178779 -0.142339319 0.0693330765
v 0.228532791 -0.390880704 0.0596213527
v 0.228532791 -0.222200736 0.109057002
v 0.218178779 -0.351156771 0.139482856
v 0.218178779 -0.212488919 0.139482856
v 0.228532791 -0.341445148 0.109057002
v 0.169188172 -0.357998967 -0.112501077
v 0.188882709 -0.211902902 -0.140663221
v 0.169188172 -0.205646113 -0.112501077
v 0.188882709 -0.351742208 -0.140663207
v 0.188882709 -0.141160339 -0.0699208304
v 0.169188172 -0.394322544 -0.0761776119
v 0.169188172 -0.169322565 -0.0761776119
v 0.188882709 -0.422484577 -0.069920823
v 0.188882709 -0.141160324 0.0699186996
v 0.169188172 -0.394322544 0.0761754811
v 0.169188172 -0.16932255 0.0761754885
v 0.188882709 -0.422484577 0.0699186847
v 0.188882709 -0.211902902 0.140661091
v 0.169188172 -0.357998967 0.112498946
v 0.169188172 -0.205646113 0.112498946
v 0.188882709 -0.351742178 0.140661091
v -0.218175381 -0.212488443 -0.139484987
v -0.228529409 -0.341444552 -0.109059177
v -0.218175381 -0.351156265 -0.139484987
v -0.228529409 -0.222200096 -0.109059177
v -0.228529409 -0.390880167 -0.0596235842
v -0.218175381 -0.142338693 -0.0693351999
v -0.218175381 -0.421305984 -0.0693351999
v -0.228529409 -0.17276451 -0.059623491
v -0.228529409 -0.390880167 0.059620969
v -0.218175381 -0.142338693 0.0693326816
v -0.218175381 -0.421305984 0.0693326965
v -0.228529409 -0.17276451 0.059620969
v -0.228529409 -0.341444492 0.109056622
v -0.218175381 -0.212488443 0.139482483
v -0.218175381 -0.351156265 0.139482483
v -0.228529409 -0.22220014 0.109056622
v -0.169184774 -0.205646202 -0.112501465
v -0.188879311 -0.351742417 -0.140663609
v -0.169184774 -0.357999235 -0.112501465
v -0.188879311 -0.211903051 -0.140663609
v -0.188879311 -0.422484845 -0.0699212179
v -0.169184774 -0.169322759 -0.0761780068
v -0.169184774 -0.394322723 -0.0761780068
v -0.188879311 -0.141160622 -0.0699212179
v -0.188879311 -0.422484845 0.0699183047
v -0.169184774 -0.169322759 0.0761750937
v -0.169184774 -0.394322723 0.0761750937
v -0.188879311 -0.141160622 0.0699183047
v -0.188879311 -0.351742417 0.140660703
v -0.169184774 -0.205646202 0.112498552
v -0.169184774 -0.357999235 0.112498552
v -0.188879311 -0.211903051 0.140660703
v 0.500000119 -0.223587796 0.125905976
v 0.500000894 -0.238088503 0.0942425877
v 0.500000119 -0.324411333 0.09424299
v 0.500000119 -0.338912427 0.125905976
v 0.500000119 -0.155342892 0.0576618835
v 0.500000119 -0.375493795 0.0431612208
v 0.500000894 -0.187006354 0.0431608371
v 0.500000119 -0.407157063 0.0576616861
v 0.499999374 -0.155342877 -0.0576634333
v 0.500000119 -0.375493497 -0.0431623831
v 0.500000119 -0.187006563 -0.043161802
v 0.500000894 -0.407156855 -0.0576630495
v 0.500000119 -0.223587319 -0.125907525
v 0.500000119 -0.324411422 -0.094244726
v 0.499999374 -0.238088608 -0.094244726
v 0.500000894 -0.338912487 -0.125907332
v -0.125906602 -0.223587796 0.499998659
v -0.0942432284 -0.238088533 0.499999374
v -0.0942436233 -0.324411333 0.499998629
v -0.125906602 -0.338912398 0.499998629
v -0.0576625131 -0.155342892 0.499998629
v -0.0431618504 -0.375493765 0.499998689
v -0.043161463 -0.187006354 0.499999374
v -0.0576623231 -0.407157063 0.499998629
v 0.0576628111 -0.155342892 0.499997854
v 0.0431617536 -0.375493497 0.499998629
v 0.0431611724 -0.187006563 0.499998629
v 0.05766242 -0.407156885 0.499999374
v 0.1259069 -0.223587319 0.499998659
v 0.0942441002 -0.324411452 0.499998629
v 0.0942441002 -0.238088608 0.499997854
v 0.125906706 -0.338912487 0.499999374
vt 0.303610355 0.557493865
vt 0.289743423 0.557493806
vt 0.303610355 0.543626904
vt 0.28974247 0.557508826
vt 0.303609401 0.543641865
vt 0.303609401 0.557508826
vt 0.303610295 0.543641925
vt 0.289743364 0.557508826
vt 0.303610295 0.557508886
vt 0.303609401 0.557493746
vt 0.303609401 0.543626785
vt 0.28974247 0.557493746
vt 0.303610355 0.543626785
vt 0.303610355 0.557493746
vt 0.289743364 0.557493746
vt 0.289743364 0.557508826
vt 0.303610295 0.557508826
vt 0.303610295 0.543641865
vt 0.303609401 0.543641865
vt 0.303609401 0.557508886
vt 0.289742351 0.557508826
vt 0.289743423 0.557508886
vt 0.303610355 0.557508826
vt 0.303610355 0.543641865
vt 0.194534019 0.521521568
vt 0.201188356 0.537650406
vt 0.185059592 0.530996025
vt 0.185059592 0.570734799
vt 0.201188356 0.564080477
vt 0.194534019 0.580209196
vt 0.234272793 0.580209196
vt 0.227618396 0.564080477
vt 0.243747205 0.570734799
vt 0.243747279 0.530996025
vt 0.22761853 0.537650406
vt 0.234272793 0.521521568
vt 0.194534019 0.521521568
vt 0.201188356 0.537650406
vt 0.185059592 0.530996025
vt 0.185059592 0.570734799
vt 0.201188356 0.564080477
vt 0.194534019 0.580209196
vt 0.234272793 0.580209196
vt 0.227618396 0.564080477
vt 0.243747205 0.570734799
vt 0.243747279 0.530996025
vt 0.22761853 0.537650406
vt 0.234272793 0.521521568
vt 0.368281573 0.491155148
vt 0.411386162 0.500348091
vt 0.411386162 0.491155148
vt 0.368281573 0.500348091
vt 0.354508102 0.491155148
vt 0.354508102 0.500348091
vt 0.311403632 0.491155148
vt 0.311403632 0.500348091
vt 0.297630072 0.500348091
vt 0.297630072 0.491155148
vt 0.254525572 0.491155148
vt 0.254525572 0.500348091
vt 0.24075219 0.491155148
vt 0.24075219 0.500348091
vt 0.197647512 0.491155148
vt 0.197647512 0.500348091
vt 0.183874145 0.491155148
vt 0.183874145 0.500348091
vt 0.35181424 0.574387252
vt 0.351812482 0.512232006
vt 0.341238648 0.512237966
vt 0.341238707 0.574387252
vt 0.35181424 0.574387252
vt 0.351812482 0.512232006
vt 0.341238648 0.512237966
vt 0.341238707 0.574387252
vt 0.35181424 0.574387252
vt 0.351812482 0.512232006
vt 0.341238648 0.512237966
vt 0.341238707 0.574387252
vt 0.35181424 0.574387252
vt 0.351812482 0.512232006
vt 0.341238648 0.512237966
vt 0.341238707 0.574387252
vt 0.341238648 0.512237966
vt 0.341238707 0.574387252
vt 0.35181424 0.574387252
vt 0.351812482 0.512232006
vt 0.341238588 0.512238503
vt 0.341238707 0.574387252
vt 0.35181424 0.574387252
vt 0.351811528 0.512241721
vt 0.341238767 0.512238622
vt 0.341238707 0.574387252
vt 0.35181424 0.574387252
vt 0.351816326 0.512244642
vt 0.341238767 0.512238204
vt 0.341238707 0.574387252
vt 0.35181424 0.574387252
vt 0.351816684 0.512235701
vt 0.351815194 0.574401379
vt 0.351811528 0.512241721
vt 0.341238588 0.512238503
vt 0.341217428 0.574401379
vt 0.346516341 0.58457464
vt 0.333793223 0.585203469
vt 0.359239519 0.585203469
vt 0.339092016 0.594105422
vt 0.353940427 0.594105422
vt 0.341238588 0.512238503
vt 0.341238707 0.574387252
vt 0.35181424 0.574387252
vt 0.351811528 0.512241721
vt 0.351820976 0.574407101
vt 0.351816684 0.512235701
vt 0.341238767 0.512238204
vt 0.34122327 0.57440722
vt 0.346522063 0.584580362
vt 0.333798856 0.58520925
vt 0.359245121 0.58520925
vt 0.339097708 0.594111264
vt 0.353946149 0.594111264
vt 0.351830453 0.574397564
vt 0.351811528 0.512241721
vt 0.341238588 0.512238503
vt 0.341232687 0.574397624
vt 0.346531421 0.584570944
vt 0.333808362 0.585199714
vt 0.359254688 0.585199714
vt 0.339107394 0.594101608
vt 0.353955775 0.594101608
vt 0.373407066 0.501248002
vt 0.406814426 0.510002971
vt 0.406814545 0.501248002
vt 0.373406947 0.510002971
vt 0.349936515 0.501248002
vt 0.349936336 0.510002971
vt 0.316529006 0.501248002
vt 0.316529006 0.510002971
vt 0.293058574 0.501248002
vt 0.293058574 0.510002971
vt 0.259651124 0.501248002
vt 0.259651244 0.510002971
vt 0.236180514 0.501248002
vt 0.236180589 0.510002971
vt 0.202773035 0.501248002
vt 0.202773035 0.510002971
vt 0.179302529 0.501248002
vt 0.179302394 0.510002971
vt 0.152341053 0.497526556
vt 0.182130128 0.492455095
vt 0.161560729 0.479605764
vt 0.174755573 0.506789386
vt 0.14836669 0.508656621
vt 0.171579778 0.515681386
vt 0.144152626 0.528369009
vt 0.168209895 0.531442225
vt 0.143230125 0.540147841
vt 0.167473018 0.54085964
vt 0.144305274 0.560265779
vt 0.168332502 0.556965053
vt 0.146478698 0.571876228
vt 0.170070559 0.566251397
vt 0.152762696 0.591022849
vt 0.17509748 0.581569314
vt 0.157894179 0.601665556
vt 0.179198623 0.59007591
vt 0.201188356 0.537650406
vt 0.22761853 0.537650406
vt 0.227618396 0.564080477
vt 0.201188356 0.564080477
vt 0.322065234 0.565958321
vt 0.282595873 0.57751894
vt 0.310504973 0.57751894
vt 0.271035403 0.5659585
vt 0.271035403 0.538049519
vt 0.322065234 0.538049459
vt 0.310504973 0.526489079
vt 0.282595873 0.526489139
vt 0.368281573 0.491155148
vt 0.411386162 0.500348091
vt 0.411386162 0.491155148
vt 0.368281573 0.500348091
vt 0.354508102 0.491155148
vt 0.354508102 0.500348091
vt 0.311403632 0.491155148
vt 0.311403632 0.500348091
vt 0.297630072 0.500348091
vt 0.297630072 0.491155148
vt 0.254525572 0.491155148
vt 0.254525572 0.500348091
vt 0.24075219 0.491155148
vt 0.24075219 0.500348091
vt 0.197647512 0.491155148
vt 0.197647512 0.500348091
vt 0.183874145 0.491155148
vt 0.183874145 0.500348091
vt 0.373407066 0.501248002
vt 0.406814426 0.510002971
vt 0.406814545 0.501248002
vt 0.373406947 0.510002971
vt 0.349936515 0.501248002
vt 0.349936336 0.510002971
vt 0.316529006 0.501248002
vt 0.316529006 0.510002971
vt 0.293058574 0.501248002
vt 0.293058574 0.510002971
vt 0.259651124 0.501248002
vt 0.259651244 0.510002971
vt 0.236180514 0.501248002
vt 0.236180589 0.510002971
vt 0.202773035 0.501248002
vt 0.202773035 0.510002971
vt 0.179302529 0.501248002
vt 0.179302394 0.510002971
vt 0.152341053 0.497526556
vt 0.182130128 0.492455095
vt 0.161560729 0.479605764
vt 0.174755573 0.506789386
vt 0.14836669 0.508656621
vt 0.171579778 0.515681386
vt 0.144152626 0.528369009
vt 0.168209895 0.531442225
vt 0.143230125 0.540147841
vt 0.167473018 0.54085964
vt 0.144305274 0.560265779
vt 0.168332502 0.556965053
vt 0.146478698 0.571876228
vt 0.170070559 0.566251397
vt 0.152762696 0.591022849
vt 0.17509748 0.581569314
vt 0.157894179 0.601665556
vt 0.179198623 0.59007591
vt 0.368281573 0.491155148
vt 0.411386162 0.500348091
vt 0.411386162 0.491155148
vt 0.368281573 0.500348091
vt 0.354508102 0.491155148
vt 0.354508102 0.500348091
vt 0.311403632 0.491155148
vt 0.311403632 0.500348091
vt 0.297630072 0.500348091
vt 0.297630072 0.491155148
vt 0.254525572 0.491155148
vt 0.254525572 0.500348091
vt 0.24075219 0.491155148
vt 0.24075219 0.500348091
vt 0.197647512 0.491155148
vt 0.197647512 0.500348091
vt 0.183874145 0.491155148
vt 0.183874145 0.500348091
vt 0.373407066 0.501248002
vt 0.406814426 0.510002971
vt 0.406814545 0.501248002
vt 0.373406947 0.510002971
vt 0.349936515 0.501248002
vt 0.349936336 0.510002971
vt 0.316529006 0.501248002
vt 0.316529006 0.510002971
vt 0.293058574 0.501248002
vt 0.293058574 0.510002971
vt 0.259651124 0.501248002
vt 0.259651244 0.510002971
vt 0.236180514 0.501248002
vt 0.236180589 0.510002971
vt 0.202773035 0.501248002
vt 0.202773035 0.510002971
vt 0.179302529 0.501248002
vt 0.179302394 0.510002971
vt 0.152341053 0.497526556
vt 0.182130128 0.492455095
vt 0.161560729 0.479605764
vt 0.174755573 0.506789386
vt 0.14836669 0.508656621
vt 0.171579778 0.515681386
vt 0.144152626 0.528369009
vt 0.168209895 0.531442225
vt 0.143230125 0.540147841
vt 0.167473018 0.54085964
vt 0.144305274 0.560265779
vt 0.168332502 0.556965053
vt 0.146478698 0.571876228
vt 0.170070559 0.566251397
vt 0.152762696 0.591022849
vt 0.17509748 0.581569314
vt 0.157894179 0.601665556
vt 0.179198623 0.59007591
vt 0.368281573 0.491155148
vt 0.411386162 0.500348091
vt 0.411386162 0.491155148
vt 0.368281573 0.500348091
vt 0.354508102 0.491155148
vt 0.354508102 0.500348091
vt 0.311403632 0.491155148
vt 0.311403632 0.500348091
vt 0.297630072 0.500348091
vt 0.297630072 0.491155148
vt 0.254525572 0.491155148
vt 0.254525572 0.500348091
vt 0.24075219 0.491155148
vt 0.24075219 0.500348091
vt 0.197647512 0.491155148
vt 0.197647512 0.500348091
vt 0.183874145 0.491155148
vt 0.183874145 0.500348091
vt 0.373407066 0.501248002
vt 0.406814426 0.510002971
vt 0.406814545 0.501248002
vt 0.373406947 0.510002971
vt 0.349936515 0.501248002
vt 0.349936336 0.510002971
vt 0.316529006 0.501248002
vt 0.316529006 0.510002971
vt 0.293058574 0.501248002
vt 0.293058574 0.510002971
vt 0.259651124 0.501248002
vt 0.259651244 0.510002971
vt 0.236180514 0.501248002
vt 0.236180589 0.510002971
vt 0.202773035 0.501248002
vt 0.202773035 0.510002971
vt 0.179302529 0.501248002
vt 0.179302394 0.510002971
vt 0.152341053 0.497526556
vt 0.182130128 0.492455095
vt 0.161560729 0.479605764
vt 0.174755573 0.506789386
vt 0.14836669 0.508656621
vt 0.171579778 0.515681386
vt 0.144152626 0.528369009
vt 0.168209895 0.531442225
vt 0.143230125 0.540147841
vt 0.167473018 0.54085964
vt 0.144305274 0.560265779
vt 0.168332502 0.556965053
vt 0.146478698 0.571876228
vt 0.170070559 0.566251397
vt 0.152762696 0.591022849
vt 0.17509748 0.581569314
vt 0.157894179 0.601665556
vt 0.179198623 0.59007591
vt 0.234272793 0.521521568
vt 0.22761853 0.537650406
vt 0.201188356 0.537650406
vt 0.194534019 0.521521568
vt 0.185059592 0.530996025
vt 0.201188356 0.537650406
vt 0.201188356 0.564080477
vt 0.185059592 0.570734799
vt 0.194534019 0.580209196
vt 0.201188356 0.564080477
vt 0.227618396 0.564080477
vt 0.234272793 0.580209196
vt 0.243747205 0.570734799
vt 0.227618396 0.564080477
vt 0.22761853 0.537650406
vt 0.243747279 0.530996025
vt 0.201188356 0.537650406
vt 0.22761853 0.537650406
vt 0.227618396 0.564080477
vt 0.201188356 0.564080477
vt 0.322065234 0.565958321
vt 0.282595873 0.57751894
vt 0.310504973 0.57751894
vt 0.271035403 0.5659585
vt 0.271035403 0.538049519
vt 0.322065234 0.538049459
vt 0.310504973 0.526489079
vt 0.282595873 0.526489139
vt 0.234272793 0.521521568
vt 0.22761853 0.537650406
vt 0.201188356 0.537650406
vt 0.194534019 0.521521568
vt 0.185059592 0.530996025
vt 0.201188356 0.537650406
vt 0.201188356 0.564080477
vt 0.185059592 0.570734799
vt 0.194534019 0.580209196
vt 0.201188356 0.564080477
vt 0.227618396 0.564080477
vt 0.234272793 0.580209196
vt 0.243747205 0.570734799
vt 0.227618396 0.564080477
vt 0.22761853 0.537650406
vt 0.243747279 0.530996025
vt 0.00336804357 0.764106929
vt 0.00336804357 0.809443891
vt 0.0207588784 0.809443891
vt 0.0207588784 0.764106691
vt 0.0363097563 0.809443891
vt 0.0363097563 0.764106691
vt 0.120393127 0.764107108
vt 0.120393127 0.809443891
vt 0.135994047 0.809443891
vt 0.135994047 0.764106929
vt 0.102861397 0.764107764
vt 0.102861397 0.809443891
vt 0.120393127 0.809443891
vt 0.120393127 0.764107108
vt 0.0871015564 0.764107943
vt 0.102861397 0.809443891
vt 0.102861397 0.764107764
vt 0.0871015564 0.809443891
vt 0.069469437 0.764108419
vt 0.069469437 0.809443891
vt 0.0536553785 0.764108598
vt 0.0536553785 0.809443891
vt 0.0363097563 0.764108777
vt 0.0363097563 0.809443891
vt 0.0536553785 0.809443891
vt 0.0536553785 0.764108598
vt 0.157264173 0.689855278
vt 0.157264173 0.735112071
vt 0.169070974 0.735112071
vt 0.169070974 0.689855695
vt 0.182457983 0.735112071
vt 0.182457983 0.689856172
vt 0.1940929 0.735112071
vt 0.1940929 0.689857364
vt 0.144577652 0.689853549
vt 0.144560009 0.735112071
vt 0.157264173 0.735112071
vt 0.157264173 0.689855278
vt 0.231968209 0.689859509
vt 0.243533179 0.735112071
vt 0.24352169 0.689858496
vt 0.231968209 0.735112071
vt 0.218569621 0.689859092
vt 0.218569621 0.735112071
vt 0.206768319 0.689858675
vt 0.206768319 0.735112071
vt 0.1940929 0.689857364
vt 0.1940929 0.735112071
vt 0.206768319 0.735112071
vt 0.206768319 0.689858675
vt 0.0871014819 0.569017589
vt 0.102861352 0.614354551
vt 0.0871014819 0.614354372
vt 0.102861352 0.569017589
vt 0.120393172 0.614354789
vt 0.120393172 0.569017589
vt 0.136139318 0.614354789
vt 0.136139318 0.569017589
vt 0.0694694519 0.569017589
vt 0.0871014819 0.569017589
vt 0.0871014819 0.614354372
vt 0.0694694519 0.614353716
vt 0.0536554232 0.569017589
vt 0.0694694519 0.569017589
vt 0.0694694519 0.614353716
vt 0.0536554232 0.614353538
vt 0.0363097563 0.569017589
vt 0.0363097563 0.614353061
vt 0.0207588784 0.569017589
vt 0.0207588784 0.614352882
vt 0.00336805894 0.569017589
vt 0.0207588784 0.569017589
vt 0.0207588784 0.614352882
vt 0.00336805894 0.614352703
vt 0.144560009 0.735112071
vt 0.157264173 0.689855278
vt 0.144577652 0.689853549
vt 0.157264173 0.735112071
vt 0.169070974 0.689855695
vt 0.169070974 0.735112071
vt 0.182457983 0.689856172
vt 0.182457983 0.735112071
vt 0.231968209 0.735112071
vt 0.243533179 0.735112071
vt 0.24352169 0.689858496
vt 0.231968209 0.689859509
vt 0.218569621 0.735112071
vt 0.231968209 0.735112071
vt 0.231968209 0.689859509
vt 0.218569621 0.689859092
vt 0.206768319 0.735112071
vt 0.206768319 0.689858675
vt 0.1940929 0.735112071
vt 0.1940929 0.689857364
vt 0.182457983 0.735112071
vt 0.1940929 0.735112071
vt 0.1940929 0.689857364
vt 0.182457983 0.689856172
vt 0.00336804357 0.764106929
vt 0.00336804357 0.809443891
vt 0.0207588784 0.809443891
vt 0.0207588784 0.764106691
vt 0.0363097563 0.809443891
vt 0.0363097563 0.764106691
vt 0.120393127 0.764107108
vt 0.120393127 0.809443891
vt 0.135994047 0.809443891
vt 0.135994047 0.764106929
vt 0.102861397 0.764107764
vt 0.102861397 0.809443891
vt 0.120393127 0.809443891
vt 0.120393127 0.764107108
vt 0.0871015564 0.764107943
vt 0.102861397 0.809443891
vt 0.102861397 0.764107764
vt 0.0871015564 0.809443891
vt 0.069469437 0.764108419
vt 0.069469437 0.809443891
vt 0.0536553785 0.764108598
vt 0.0536553785 0.809443891
vt 0.0363097563 0.764108777
vt 0.0363097563 0.809443891
vt 0.0536553785 0.809443891
vt 0.0536553785 0.764108598
vt 0.157264173 0.689855278
vt 0.157264173 0.735112071
vt 0.169070974 0.735112071
vt 0.169070974 0.689855695
vt 0.182457983 0.735112071
vt 0.182457983 0.689856172
vt 0.1940929 0.735112071
vt 0.1940929 0.689857364
vt 0.144577652 0.689853549
vt 0.144560009 0.735112071
vt 0.157264173 0.735112071
vt 0.157264173 0.689855278
vt 0.231968209 0.689859509
vt 0.243533179 0.735112071
vt 0.24352169 0.689858496
vt 0.231968209 0.735112071
vt 0.218569621 0.689859092
vt 0.218569621 0.735112071
vt 0.206768319 0.689858675
vt 0.206768319 0.735112071
vt 0.1940929 0.689857364
vt 0.1940929 0.735112071
vt 0.206768319 0.735112071
vt 0.206768319 0.689858675
vt 0.346525788 0.584565163
vt 0.359248966 0.585194051
vt 0.353950113 0.594095886
vt 0.351824701 0.574391842
vt 0.339101613 0.594095886
vt 0.341226995 0.574391842
vt 0.3338027 0.585194051
vt 0.359248966 0.585194051
vt 0.351824701 0.574391842
vt 0.346525788 0.584565163
vt 0.353950113 0.594095886
vt 0.341226995 0.574391842
vt 0.339101613 0.594095886
vt 0.3338027 0.585194051
vt 0.351830453 0.574397564
vt 0.359254688 0.585199714
vt 0.346531421 0.584570944
vt 0.341232687 0.574397624
vt 0.353955775 0.594101608
vt 0.333808362 0.585199714
vt 0.339107394 0.594101608
vt 0.346522063 0.584580362
vt 0.359245121 0.58520925
vt 0.353946149 0.594111264
vt 0.351820976 0.574407101
vt 0.339097708 0.594111264
vt 0.34122327 0.57440722
vt 0.333798856 0.58520925
vt 0.333793223 0.585203469
vt 0.341217428 0.574401379
vt 0.346516341 0.58457464
vt 0.339092016 0.594105422
vt 0.351815194 0.574401379
vt 0.353940427 0.594105422
vt 0.359239519 0.585203469
vt 0.243351296 0.893893063
vt 0.237342566 0.913127661
vt 0.243344903 0.915795267
vt 0.237288713 0.896663189
vt 0.227520749 0.92273128
vt 0.230309129 0.880872905
vt 0.230264947 0.928717196
vt 0.227547809 0.886895478
vt 0.211056277 0.92273128
vt 0.208310634 0.880853891
vt 0.208266318 0.928717196
vt 0.211069733 0.886900127
vt 0.20123066 0.91304642
vt 0.195211872 0.893904209
vt 0.195172146 0.915767908
vt 0.201286867 0.896702588
vt 0.256652474 0.572351277
vt 0.2663908 0.534849763
vt 0.256649226 0.531641662
vt 0.266389251 0.569017589
vt 0.279755771 0.522277772
vt 0.276932597 0.590739489
vt 0.276716858 0.512825131
vt 0.279851258 0.581225514
vt 0.314077348 0.521752238
vt 0.317598909 0.589793086
vt 0.316963375 0.512740433
vt 0.314452112 0.581225216
vt 0.328341633 0.534796238
vt 0.337506294 0.571227312
vt 0.337477475 0.531570613
vt 0.328342587 0.567961812
vt 0.236411393 0.583281577
vt 0.194903642 0.591282785
vt 0.193125963 0.583281577
vt 0.234633729 0.591282785
vt 0.174804702 0.57118398
vt 0.246731326 0.572961688
vt 0.182806045 0.572961688
vt 0.254732519 0.57118398
vt 0.174804702 0.531453848
vt 0.246731326 0.529676199
vt 0.182806045 0.529676199
vt 0.254732519 0.531453848
vt 0.194903642 0.511354983
vt 0.236411393 0.51935631
vt 0.193125963 0.51935631
vt 0.234633729 0.511354983
vt 0.256652474 0.572351277
vt 0.2663908 0.534849763
vt 0.256649226 0.531641662
vt 0.266389251 0.569017589
vt 0.279755771 0.522277772
vt 0.276932597 0.590739489
vt 0.276716858 0.512825131
vt 0.279851258 0.581225514
vt 0.314077348 0.521752238
vt 0.317598909 0.589793086
vt 0.316963375 0.512740433
vt 0.314452112 0.581225216
vt 0.328341633 0.534796238
vt 0.337506294 0.571227312
vt 0.337477475 0.531570613
vt 0.328342587 0.567961812
vt 0.236411393 0.583281577
vt 0.194903642 0.591282785
vt 0.193125963 0.583281577
vt 0.234633729 0.591282785
vt 0.174804702 0.57118398
vt 0.246731326 0.572961688
vt 0.182806045 0.572961688
vt 0.254732519 0.57118398
vt 0.174804702 0.531453848
vt 0.246731326 0.529676199
vt 0.182806045 0.529676199
vt 0.254732519 0.531453848
vt 0.194903642 0.511354983
vt 0.236411393 0.51935631
vt 0.193125963 0.51935631
vt 0.234633729 0.511354983
vt 0.256652474 0.572351277
vt 0.2663908 0.534849763
vt 0.256649226 0.531641662
vt 0.266389251 0.569017589
vt 0.279755771 0.522277772
vt 0.276932597 0.590739489
vt 0.276716858 0.512825131
vt 0.279851258 0.581225514
vt 0.314077348 0.521752238
vt 0.317598909 0.589793086
vt 0.316963375 0.512740433
vt 0.314452112 0.581225216
vt 0.328341633 0.534796238
vt 0.337506294 0.571227312
vt 0.337477475 0.531570613
vt 0.328342587 0.567961812
vt 0.236411393 0.583281577
vt 0.194903642 0.591282785
vt 0.193125963 0.583281577
vt 0.234633729 0.591282785
vt 0.174804702 0.57118398
vt 0.246731326 0.572961688
vt 0.182806045 0.572961688
vt 0.254732519 0.57118398
vt 0.174804702 0.531453848
vt 0.246731326 0.529676199
vt 0.182806045 0.529676199
vt 0.254732519 0.531453848
vt 0.194903642 0.511354983
vt 0.236411393 0.51935631
vt 0.193125963 0.51935631
vt 0.234633729 0.511354983
vt 0.256652474 0.572351277
vt 0.2663908 0.534849763
vt 0.256649226 0.531641662
vt 0.266389251 0.569017589
vt 0.279755771 0.522277772
vt 0.276932597 0.590739489
vt 0.276716858 0.512825131
vt 0.279851258 0.581225514
vt 0.314077348 0.521752238
vt 0.317598909 0.589793086
vt 0.316963375 0.512740433
vt 0.314452112 0.581225216
vt 0.328341633 0.534796238
vt 0.337506294 0.571227312
vt 0.337477475 0.531570613
vt 0.328342587 0.567961812
vt 0.236411393 0.583281577
vt 0.194903642 0.591282785
vt 0.193125963 0.583281577
vt 0.234633729 0.591282785
vt 0.174804702 0.57118398
vt 0.246731326 0.572961688
vt 0.182806045 0.572961688
vt 0.254732519 0.57118398
vt 0.174804702 0.531453848
vt 0.246731326 0.529676199
vt 0.182806045 0.529676199
vt 0.254732519 0.531453848
vt 0.194903642 0.511354983
vt 0.236411393 0.51935631
vt 0.193125963 0.51935631
vt 0.234633729 0.511354983
vt 0.195172146 0.915767908
vt 0.20123066 0.91304642
vt 0.201287389 0.896703184
vt 0.195211872 0.893904209
vt 0.208266318 0.928717196
vt 0.211069733 0.886900127
vt 0.211056277 0.92273128
vt 0.208310634 0.880853891
vt 0.230264947 0.928717196
vt 0.227547809 0.886895478
vt 0.227520749 0.92273128
vt 0.230309129 0.880872905
vt 0.243344903 0.915795267
vt 0.237288713 0.896663189
vt 0.237342566 0.913127661
vt 0.243351296 0.893893063
vt 0.195172146 0.915767908
vt 0.20123066 0.91304642
vt 0.201287389 0.896703184
vt 0.195211872 0.893904209
vt 0.208266318 0.928717196
vt 0.211069733 0.886900127
vt 0.211056277 0.92273128
vt 0.208310634 0.880853891
vt 0.230264947 0.928717196
vt 0.227547809 0.886895478
vt 0.227520749 0.92273128
vt 0.230309129 0.880872905
vt 0.243344903 0.915795267
vt 0.237288713 0.896663189
vt 0.237342566 0.913127661
vt 0.243351296 0.893893063
vn -0.577343583 0.577345133 -0.577362061
vn -0.577343643 0.577345073 -0.577362001
vn -0.576165438 0.576171279 -0.579706848
vn -0.577344596 -0.577347398 -0.577358723
vn -0.577344596 -0.577347398 -0.577358723
vn -0.0215994362 -0.888915241 -0.457562178
vn 0.576170325 -0.579706132 -0.576167107
vn 0.457559139 -0.88891685 -0.0215963144
vn 0.0216025487 -0.888916373 -0.457559854
vn 0.577354252 0.577351451 -0.577345073
vn 0.576171398 0.579705238 -0.576166928
vn 0.576174974 0.576168895 -0.579699814
vn 0.0216049496 0.457560599 0.888915896
vn 0.457563013 0.0216023419 0.888914704
vn 0.576173723 0.57616961 0.579700232
vn 0.577350676 -0.577352166 0.577347875
vn 0.0216027033 -0.45756188 0.88891536
vn 0.021600876 -0.88891685 0.45755893
vn -0.577353358 -0.577349842 0.577347636
vn -0.577353358 -0.577349722 0.577347696
vn -0.0216045752 -0.888916194 0.457560033
vn -0.577354312 0.57734865 0.577347875
vn -0.577354312 0.57734865 0.577347934
vn -0.576171696 0.576171875 0.579699934
vn -0.101618968 -0.101619095 -0.989619672
vn -0.101618968 -0.101619102 -0.989619672
vn -0.101618968 -0.101619102 -0.989619672
vn -0.101618335 0.10161861 -0.989619792
vn -0.10161835 0.10161861 -0.989619792
vn -0.101618335 0.10161861 -0.989619792
vn 0.101619691 0.101617828 -0.989619792
vn 0.101619691 0.101617821 -0.989619792
vn 0.101619698 0.101617828 -0.989619792
vn 0.101618752 -0.101618893 -0.989619792
vn 0.101618752 -0.101618879 -0.989619792
vn 0.101618744 -0.101618879 -0.989619672
vn -0.101618886 0.989619672 -0.101619147
vn -0.101618864 0.989619672 -0.101619147
vn -0.101618864 0.989619672 -0.101619147
vn -0.101618342 0.989619792 0.101618618
vn -0.10161835 0.989619792 0.101618618
vn -0.10161835 0.989619792 0.101618618
vn 0.101618506 0.989619792 0.10161823
vn 0.101618506 0.989619792 0.101618223
vn 0.101618506 0.989619792 0.10161823
vn 0.101618677 0.989619792 -0.101618938
vn 0.101618677 0.989619792 -0.101618938
vn 0.101618677 0.989619792 -0.101618946
vn -0.30220443 0.46450448 -0.832410932
vn -0 -0.382683158 -0.923879623
vn -0.302204818 -0.464503855 -0.83241117
vn -0 0.382683426 -0.923879504
vn -0.30220443 0.832410932 -0.46450448
vn -0 0.923879504 -0.382683426
vn -0.302204192 0.832411051 0.4645046
vn -0 0.923879504 0.382683426
vn -0 0.382683426 0.923879504
vn -0.302209437 0.464507312 0.832407653
vn -0.302209824 -0.464506716 0.832407832
vn -0 -0.382683158 0.923879623
vn -0.302204996 -0.832410514 0.464504927
vn -0 -0.923879445 0.382683724
vn -0.302205235 -0.832410514 -0.464504749
vn -0 -0.923879445 -0.382683724
vn -0.302204818 -0.464503855 -0.83241117
vn -0 -0.382683158 -0.923879623
vn -0.832410038 -0.302206188 0.464505076
vn -0.832410038 -0.302206427 -0.464504927
vn -0.302205235 -0.832410514 -0.464504749
vn -0.302204996 -0.832410514 0.464504927
vn -0.464502275 -0.302205712 -0.832411766
vn 0.464501232 -0.302204639 -0.832412779
vn 0.495669514 -0.680112481 -0.540146887
vn -0.495672792 -0.680113554 -0.540142715
vn 0.832412183 -0.302201569 -0.464504331
vn 0.832411706 -0.302203536 0.464503825
vn 0.302206874 -0.832409799 0.464505076
vn 0.302212477 -0.832408071 -0.46450451
vn 0.464500964 -0.302197754 0.832415402
vn -0.464500695 -0.302209079 0.832411468
vn -0.464507192 -0.832415164 0.302188933
vn 0.464500129 -0.832405567 0.302226126
vn -0.495670468 0.540145457 0.680112958
vn 0.495671272 0.540136039 0.680119872
vn 0.464499801 0.832406044 0.302224994
vn -0.464500457 0.832418323 0.302190363
vn 0.680110693 0.540148795 0.495669901
vn 0.68011266 0.54014504 -0.495671451
vn 0.302205741 0.832410872 -0.464503944
vn 0.302199781 0.832412839 0.464504242
vn 0.495669425 0.540145755 -0.680113494
vn -0.495672107 0.540142894 -0.680113792
vn -0.495672107 0.680113792 -0.540142894
vn 0.495669991 0.680112481 -0.54014647
vn -0.680113077 0.540142953 -0.495672971
vn -0.680113077 0.540142715 0.495673388
vn -0.302204192 0.832411051 0.4645046
vn -0.30220443 0.832410932 -0.46450448
vn 0.30219245 0.464500129 0.832417727
vn 0.302195609 -0.464499146 0.83241713
vn 0.832401633 -0.464501977 0.302234143
vn 0.832401097 0.464502454 0.30223465
vn 0.577341199 0.577349722 0.577359855
vn 0.464499801 0.832406044 0.302224994
vn 0.302199781 0.832412839 0.464504242
vn 0.495671272 0.540136039 0.680119872
vn 0.680110693 0.540148795 0.495669901
vn -0.302209824 -0.464506716 0.832407832
vn -0.302209437 0.464507312 0.832407653
vn -0.832416654 0.464510947 0.302179009
vn -0.832417727 -0.464508355 0.302179962
vn 0.302211553 -0.464502007 -0.832409799
vn 0.30220741 0.464502752 -0.832410932
vn 0.680113733 0.495668441 -0.540146232
vn 0.680115163 -0.495669484 -0.540143549
vn 0.577351034 -0.577348709 -0.577351213
vn 0.495669514 -0.680112481 -0.540146887
vn 0.302212477 -0.832408071 -0.46450451
vn 0.464501232 -0.302204639 -0.832412779
vn 0.832412183 -0.302201569 -0.464504331
vn -0.30220443 0.46450448 -0.832410932
vn -0.302204818 -0.464503855 -0.83241117
vn -0.680113137 -0.495672196 -0.540143609
vn -0.680112958 0.49567306 -0.540143073
vn -0.577350318 0.577350199 -0.577350199
vn -0.495672107 0.680113792 -0.540142894
vn -0.30220443 0.832410932 -0.46450448
vn -0.495672107 0.540142894 -0.680113792
vn -0.680113077 0.540142953 -0.495672971
vn -0.0447731242 0.382977128 -0.922672093
vn -0.044778619 -0.381594241 -0.923244715
vn -0.0447832532 -0.382982343 -0.92266947
vn -0.0447685607 0.381599993 -0.923242807
vn -0.0447633415 0.922670066 -0.382983297
vn -0.0447586924 0.923245609 -0.381594062
vn -0.0447582752 0.922671378 0.382980645
vn -0.0447536781 0.923244834 0.381596953
vn -0.0447609425 0.382978529 0.922672212
vn -0.0447563604 0.381599009 0.923243701
vn -0.0447710752 -0.382983714 0.92266947
vn -0.0447664298 -0.381593317 0.923245609
vn -0.0447826311 -0.922671258 0.382977933
vn -0.0447780639 -0.923242807 0.38159883
vn -0.0447877049 -0.922670066 -0.382980615
vn -0.0447830893 -0.923243701 -0.38159591
vn -0.0447832532 -0.382982343 -0.92266947
vn -0.044778619 -0.381594241 -0.923244715
vn -0.172618687 0.908400178 0.380804241
vn 0.576174974 0.576168895 -0.579699814
vn -0.172619343 0.908399582 -0.380805343
vn 0.576173723 0.57616961 0.579700232
vn -0.172619551 0.380803645 0.908400297
vn 0.0216049496 0.457560599 0.888915896
vn -0.172620893 -0.380805045 0.908399403
vn 0.0216027033 -0.45756188 0.88891536
vn -0.172622159 -0.908400297 0.380802602
vn 0.021600876 -0.88891685 0.45755893
vn -0.172623187 -0.908399224 -0.380804688
vn 0.0216025487 -0.888916373 -0.457559854
vn -0.172623619 -0.380802512 -0.908399999
vn 0.576170325 -0.579706132 -0.576167107
vn -0.17262201 0.380801708 -0.908400595
vn 0.576171398 0.579705238 -0.576166928
vn -0.172619343 0.908399582 -0.380805343
vn 0.576174974 0.576168895 -0.579699814
vn -0 4.79145854E-07 -1
vn -0 4.79145854E-07 -1
vn -0 4.79145797E-07 -1
vn -0 4.79145854E-07 -1
vn -8.97858285E-07 6.13089298E-07 1
vn -8.97858285E-07 6.13089298E-07 1
vn -8.97858285E-07 6.13089298E-07 1
vn -8.97858342E-07 6.13089298E-07 1
vn -1.52780285E-06 2.5395363E-07 1
vn -1.52780297E-06 2.5395363E-07 1
vn -1.07743733E-06 -7.35707272E-06 1
vn -1.0774371E-06 -7.35707226E-06 1
vn 0.302211553 -0.464502007 -0.832409799
vn 4.91074206E-06 0.382683843 -0.923879445
vn 0.30220741 0.464502752 -0.832410932
vn 7.01797399E-06 -0.382682681 -0.923879802
vn 0.302212477 -0.832408071 -0.46450451
vn 5.31330079E-06 -0.923879743 -0.382683069
vn 0.302206874 -0.832409799 0.464505076
vn 4.93003483E-07 -0.92387861 0.382685602
vn -4.62100797E-06 -0.382681638 0.923880219
vn 0.302195609 -0.464499146 0.83241713
vn 0.30219245 0.464500129 0.832417727
vn -6.72823262E-06 0.3826828 0.923879802
vn 0.302199781 0.832412839 0.464504242
vn -5.02356716E-06 0.923878908 0.382684886
vn 0.302205741 0.832410872 -0.464503944
vn -2.03284117E-07 0.923880041 -0.382682353
vn 0.30220741 0.464502752 -0.832410932
vn 4.91074206E-06 0.382683843 -0.923879445
vn 0.0447731204 -0.382977486 -0.922671974
vn 0.044778619 0.381595254 -0.923244298
vn 0.044783242 0.38298133 -0.922669828
vn 0.0447685607 -0.381599605 -0.923242986
vn 0.0447624549 -0.922670066 -0.382983446
vn 0.0447578058 -0.923245847 -0.381593853
vn 0.0447573885 -0.922671378 0.382980824
vn 0.0447527841 -0.923244953 0.381596833
vn 0.0447609462 -0.382978857 0.922671974
vn 0.0447563715 -0.381598711 0.92324388
vn 0.0447710827 0.382982582 0.922669947
vn 0.044766441 0.38159427 0.923245251
vn 0.0447853059 0.922671378 0.382977486
vn 0.0447807573 0.923242509 0.381599277
vn 0.0447903723 0.922670066 -0.382980287
vn 0.0447857715 0.923243523 -0.381596386
vn 0.044783242 0.38298133 -0.922669828
vn 0.044778619 0.381595254 -0.923244298
vn 0.1726197 -0.908400416 0.380803406
vn -0.0215994362 -0.888915241 -0.457562178
vn 0.172620997 -0.908400118 -0.380803525
vn -0.0216045752 -0.888916194 0.457560033
vn 0.172619507 -0.380804092 0.908400118
vn 0.172456235 -0.372568578 0.911839724
vn 0.172620103 0.380804718 0.908399701
vn 0.172456831 0.372568369 0.911839604
vn 0.172620997 0.908400297 0.380803019
vn -0.576171696 0.576171875 0.579699934
vn 0.172622338 0.908399522 -0.380804211
vn -0.576165438 0.576171279 -0.579706848
vn 0.172623605 0.380803227 -0.908399701
vn -0.575850725 0.580331147 -0.575857401
vn 0.172623038 -0.380803645 -0.908399582
vn -0.575851977 -0.580332041 -0.575855196
vn 0.172620997 -0.908400118 -0.380803525
vn -0.0215994362 -0.888915241 -0.457562178
vn -0.464502275 -0.302205712 -0.832411766
vn 0.382683575 1.21165533E-06 -0.923879445
vn 0.464501232 -0.302204639 -0.832412779
vn -0.382682234 -1.21165124E-06 -0.923880041
vn -0.832410038 -0.302206427 -0.464504927
vn -0.923878789 -4.62098615E-06 -0.382685155
vn -0.832410038 -0.302206188 0.464505076
vn -0.923878789 -4.62098615E-06 0.382685155
vn -0.382682234 -1.21165124E-06 0.923880041
vn -0.464500695 -0.302209079 0.832411468
vn 0.464500964 -0.302197754 0.832415402
vn 0.382683575 1.21165533E-06 0.923879445
vn 0.832411706 -0.302203536 0.464503825
vn 0.923879027 1.21165249E-06 0.382684618
vn 0.832412183 -0.302201569 -0.464504331
vn 0.923879027 1.21165249E-06 -0.382684618
vn 0.464501232 -0.302204639 -0.832412779
vn 0.382683575 1.21165533E-06 -0.923879445
vn -0.382977486 -0.0447731353 -0.922671974
vn 0.381595254 -0.044778619 -0.923244298
vn 0.38298133 -0.044783242 -0.922669828
vn -0.381599605 -0.0447685607 -0.923242986
vn -0.922670066 -0.0447624549 -0.382983446
vn -0.923245847 -0.0447578058 -0.381593853
vn -0.922671378 -0.0447573885 0.382980824
vn -0.923244953 -0.0447527841 0.381596833
vn -0.382978797 -0.0447609499 0.922671974
vn -0.381598741 -0.0447563715 0.92324388
vn 0.382982582 -0.0447710678 0.922669947
vn 0.38159433 -0.0447664447 0.923245251
vn 0.922671378 -0.0447853059 0.382977486
vn 0.923242509 -0.0447807573 0.381599277
vn 0.922670066 -0.0447903723 -0.382980287
vn 0.923243523 -0.0447857715 -0.381596386
vn 0.38298133 -0.044783242 -0.922669828
vn 0.381595254 -0.044778619 -0.923244298
vn -0.908400595 -0.172618255 0.380803406
vn -0.576165438 0.576171279 -0.579706848
vn -0.908399105 -0.172619417 -0.380806506
vn -0.576171696 0.576171875 0.579699934
vn -0.380804837 -0.172619104 0.90839982
vn -0.37256974 -0.172455847 0.911839187
vn 0.380805671 -0.172620505 0.908399284
vn 0.457563013 0.0216023419 0.888914704
vn 0.908400416 -0.172622278 0.380802155
vn 0.576173723 0.57616961 0.579700232
vn 0.908400595 -0.17262198 -0.380801857
vn 0.576174974 0.576168895 -0.579699814
vn 0.380804479 -0.172622249 -0.908399403
vn 0.580335677 0.575852692 -0.575850725
vn -0.38080126 -0.172621757 -0.908400774
vn -0.580331981 0.575849414 -0.575857818
vn -0.908399105 -0.172619417 -0.380806506
vn -0.576165438 0.576171279 -0.579706848
vn -0.832416654 0.464510947 0.302179009
vn -0.923880756 -0.382680416 -3.49174261E-05
vn -0.832417727 -0.464508355 0.302179962
vn -0.923879802 0.382682651 -3.85392705E-05
vn -0.464500457 0.832418323 0.302190363
vn -0.382692754 0.92387563 -1.80834159E-05
vn 0.464499801 0.832406044 0.302224994
vn 0.382675648 0.923882782 1.32622954E-05
vn 0.923877597 0.382687956 3.37188139E-05
vn 0.832401097 0.464502454 0.30223465
vn 0.832401633 -0.464501977 0.302234143
vn 0.923877776 -0.382687628 3.37056335E-05
vn 0.464500129 -0.832405567 0.302226126
vn 0.382675916 -0.923882544 1.32491159E-05
vn -0.464507192 -0.832415164 0.302188933
vn -0.382690996 -0.923876345 -1.44613323E-05
vn -0.832417727 -0.464508355 0.302179962
vn -0.923880756 -0.382680416 -3.49174261E-05
vn -0.922672093 0.382977128 0.0447731242
vn -0.923244715 -0.381594241 0.0447786152
vn -0.92266947 -0.382982343 0.0447832532
vn -0.923242807 0.381599993 0.0447685607
vn -0.382983297 0.922670066 0.0447633415
vn -0.381594062 0.923245609 0.0447586924
vn 0.382980645 0.922671378 0.0447582752
vn 0.381596953 0.923244834 0.0447536781
vn 0.922672212 0.382978529 0.0447609425
vn 0.923243701 0.381599009 0.0447563604
vn 0.92266947 -0.382983714 0.0447710752
vn 0.923245609 -0.381593317 0.0447664298
vn 0.382977933 -0.922671258 0.0447826311
vn 0.38159883 -0.923242807 0.0447780639
vn -0.382980615 -0.922670066 0.0447877049
vn -0.38159591 -0.923243701 0.0447830893
vn -0.92266947 -0.382982343 0.0447832532
vn -0.923244715 -0.381594241 0.0447786152
vn 0.380806565 0.90839833 0.172623187
vn -0.580331981 0.575849414 -0.575857818
vn -0.380802274 0.908401668 0.172615111
vn 0.580335677 0.575852692 -0.575850725
vn 0.908399403 0.380801111 0.172629863
vn 0.576171398 0.579705238 -0.576166928
vn 0.908398151 -0.380803198 0.172631696
vn 0.576170325 -0.579706132 -0.576167107
vn 0.380804092 -0.908398509 0.172627941
vn 0.457559139 -0.88891685 -0.0215963144
vn -0.380801201 -0.908401191 0.172620431
vn -0.372570217 -0.91183871 0.172457322
vn -0.908400595 -0.380805641 0.172613755
vn -0.575851977 -0.580332041 -0.575855196
vn -0.908401489 0.380804479 0.172611609
vn -0.575850725 0.580331147 -0.575857401
vn -0.380802274 0.908401668 0.172615111
vn -0.580331981 0.575849414 -0.575857818
vn -0 -0.143651217 -0.989628434
vn -0 -0.143651217 -0.989628434
vn -0 -0.143651217 -0.989628434
vn -0 -0.143651217 -0.989628434
vn -0.143651053 1.89057999E-07 -0.989628434
vn -0.143651053 1.89057971E-07 -0.989628434
vn -0.143651083 1.89057999E-07 -0.989628434
vn -0.143651053 1.89057999E-07 -0.989628434
vn -0 0.143650517 -0.989628553
vn -0 0.143650517 -0.989628553
vn -0 0.143650502 -0.989628553
vn -0 0.143650517 -0.989628553
vn 0.143651217 4.89610954E-07 -0.989628434
vn 0.143651217 4.89611011E-07 -0.989628434
vn 0.143651217 4.89611011E-07 -0.989628434
vn 0.143651217 4.89611011E-07 -0.989628434
vn -0 1 4.7914574E-07
vn -0 1 4.7914574E-07
vn -0 1 4.7914574E-07
vn -0 1 4.7914574E-07
vn -7.18286685E-07 -1 -2.45240108E-06
vn -7.18286685E-07 -1 -2.45240108E-06
vn -7.18286685E-07 -1 -2.45240108E-06
vn -7.18286685E-07 -1 -2.45240108E-06
vn -1.38891232E-06 -1 5.07907373E-07
vn -1.38891232E-06 -1 5.07907373E-07
vn -1.07742937E-06 -1 -3.67853704E-06
vn -1.07742937E-06 -1 -3.67853704E-06
vn -0 0.989628434 -0.143651217
vn -0 0.989628434 -0.143651217
vn -0 0.989628434 -0.143651217
vn -0 0.989628434 -0.143651217
vn -0.143651053 0.989628434 1.89057857E-07
vn -0.143651053 0.989628434 1.89057857E-07
vn -0.143651053 0.989628434 1.89057857E-07
vn -0.143651053 0.989628434 1.89057857E-07
vn -0 0.989628553 0.143650457
vn -0 0.989628553 0.143650457
vn -0 0.989628553 0.143650472
vn -0 0.989628553 0.143650442
vn 0.143650815 0.989628434 2.99947089E-07
vn 0.143650815 0.989628434 2.99947089E-07
vn 0.143650815 0.989628434 2.99947089E-07
vn 0.143650845 0.989628434 2.99947089E-07
vn 0.382692695 -0.923875749 8.09806006E-05
vn 0.382676214 -0.923882544 8.09811754E-05
vn -0.382677704 -0.923881948 8.01915376E-05
vn -0.382691413 -0.923876286 8.0191021E-05
vn -0.70710963 -0.707103908 6.08408845E-05
vn -0.70710963 -0.707103908 6.08408845E-05
vn 0.707107067 -0.707106411 6.23001033E-05
vn 0.707107127 -0.707106352 6.23001033E-05
vn 0.382676214 -0.923882544 8.09811754E-05
vn 0.382692695 -0.923875749 8.09806006E-05
vn 1 -1.68034535E-06 6.89165518E-07
vn 1 -1.68034512E-06 6.89165404E-07
vn 1 -1.68034535E-06 6.89165518E-07
vn 1 -1.68034512E-06 6.89165404E-07
vn 0.382676989 0.923882186 -8.0580714E-05
vn 0.707108438 0.707105041 -6.13878146E-05
vn 0.707108438 0.707105041 -6.13878146E-05
vn 0.382692128 0.923875988 -8.0580161E-05
vn -0.382680297 0.923880816 -8.13719162E-05
vn -0.38269344 0.923875332 -8.13714505E-05
vn -0.707112074 0.707101464 -6.28497073E-05
vn -0.707112074 0.707101464 -6.28497073E-05
vn -1 0 -2.06705545E-06
vn -1 0 -2.06705545E-06
vn -1 0 -2.06705545E-06
vn -1 0 -2.06705545E-06
vn 0.707103431 0.707110107 -0.000297077699
vn 0.707103431 0.707110107 -0.000297077728
vn 0.382675588 0.923882663 -0.000327367597
vn 0.382683784 0.923879325 -0.000327367539
vn -0.382674515 0.9238832 -0.000327629416
vn -0.382682234 0.923880041 -0.000327629241
vn -0.707096636 0.707116842 -0.000297563296
vn -0.707096636 0.707116783 -0.000297563296
vn 1 -4.48621631E-06 -0.000235643907
vn 1 -4.48621631E-06 -0.000235643951
vn 1 -4.48621631E-06 -0.000235643951
vn 1 -4.48621677E-06 -0.000235643922
vn 0.382669181 -0.923885405 -0.000166088415
vn 0.707101703 -0.707111776 -0.000173567736
vn 0.707101703 -0.707111776 -0.000173567707
vn 0.382688999 -0.92387718 -0.000166089565
vn -0.382661939 -0.923888445 -0.000166349811
vn -0.382689029 -0.92387718 -0.000166351398
vn -0.707093 -0.707120478 -0.00017405214
vn -0.707092941 -0.707120478 -0.00017405214
vn -1 0 -0.000236333304
vn -1 0 -0.000236333304
vn -1 0 -0.000236333304
vn -1 0 -0.000236333304
vn -6.18150734E-05 -0.707113445 -0.707100093
vn -8.07186007E-05 -0.923883975 -0.382672548
vn -6.18150661E-05 -0.707113326 -0.707100153
vn -8.07181132E-05 -0.923878312 -0.382686496
vn -8.08510376E-05 -0.923882365 0.382676631
vn -8.08504556E-05 -0.923875749 0.382692456
vn -6.20592546E-05 -0.707104385 0.707109094
vn -6.20592546E-05 -0.707104385 0.707109094
vn -0 1.68034978E-06 -1
vn -0 1.68034978E-06 -1
vn -0 1.68034978E-06 -1
vn -0 1.68034978E-06 -1
vn 8.09699195E-05 0.923882782 -0.382675469
vn 6.19346101E-05 0.707107365 -0.707106113
vn 6.19346029E-05 0.707107306 -0.707106173
vn 8.0969352E-05 0.923876286 -0.382691443
vn 8.0839578E-05 0.923882365 0.382676631
vn 8.08391123E-05 0.92387706 0.382689178
vn 6.1693805E-05 0.707106888 0.70710659
vn 6.16937905E-05 0.707106888 0.70710659
vn -0 -3.36071912E-06 1
vn -0 -3.3607198E-06 1
vn -0 -3.36071912E-06 1
vn -0 -3.3607198E-06 1
vn -0.000173572815 0.707099438 -0.7071141
vn -0.000165998485 0.923881948 -0.382677704
vn -0.000173572829 0.707099438 -0.7071141
vn -0.000165999751 0.923872709 -0.382699788
vn -0.000167869322 0.918808162 0.394704521
vn -0.000167870588 0.918798745 0.394726098
vn -0.000175325855 0.688398778 0.725332439
vn -0.000175325884 0.688398778 0.725332439
vn -0.000235644824 -2.23970255E-06 -1
vn -0.000235644839 -2.23970278E-06 -1
vn -0.000235644839 -2.23970278E-06 -1
vn -0.000235644824 -2.23970255E-06 -1
vn -0.000325296307 -0.935318708 -0.353806138
vn -0.000300174986 -0.749640048 -0.661845744
vn -0.000300174928 -0.749639928 -0.661845744
vn -0.000325296307 -0.935317457 -0.353809476
vn -0.000326515408 -0.930024505 0.367497295
vn -0.000326515379 -0.930022359 0.367502868
vn -0.000298997911 -0.729887307 0.683567405
vn -0.000298997882 -0.729887307 0.683567405
vn -0.000235644635 0 1
vn -0.000235644591 0 1
vn -0.000235644591 0 1
vn -0.000235644591 0 1
vn 8.09806006E-05 -0.923875749 -0.382692695
vn 8.09811754E-05 -0.923882544 -0.382676214
vn 8.01915376E-05 -0.923881948 0.382677704
vn 8.0191021E-05 -0.923876286 0.382691413
vn 6.08408845E-05 -0.707103908 0.70710963
vn 6.08408845E-05 -0.707103908 0.70710963
vn 6.23001033E-05 -0.707106411 -0.707107067
vn 6.23001033E-05 -0.707106352 -0.707107127
vn 8.09811754E-05 -0.923882544 -0.382676214
vn 8.09806006E-05 -0.923875749 -0.382692695
vn 6.89165518E-07 -1.68034535E-06 -1
vn 6.89165404E-07 -1.68034512E-06 -1
vn 6.89165518E-07 -1.68034535E-06 -1
vn 6.89165404E-07 -1.68034512E-06 -1
vn -8.0580714E-05 0.923882186 -0.382676989
vn -6.13878146E-05 0.707105041 -0.707108438
vn -6.13878146E-05 0.707105041 -0.707108438
vn -8.0580161E-05 0.923875988 -0.382692128
vn -8.13719162E-05 0.923880816 0.382680297
vn -8.13714505E-05 0.923875332 0.38269344
vn -6.28497073E-05 0.707101464 0.707112074
vn -6.28497073E-05 0.707101464 0.707112074
vn -2.06705545E-06 0 1
vn -2.06705545E-06 0 1
vn -2.06705545E-06 0 1
vn -2.06705545E-06 0 1
vn -0.000297077699 0.707110107 -0.707103431
vn -0.000297077728 0.707110107 -0.707103431
vn -0.000327367597 0.923882663 -0.382675588
vn -0.000327367539 0.923879325 -0.382683784
vn -0.000327629416 0.9238832 0.382674515
vn -0.000327629241 0.923880041 0.382682264
vn -0.000297563296 0.707116842 0.707096636
vn -0.000297563296 0.707116783 0.707096636
vn -0.000235643907 -4.48621631E-06 -1
vn -0.000235643951 -4.48621631E-06 -1
vn -0.000235643951 -4.48621631E-06 -1
vn -0.000235643922 -4.48621677E-06 -1
vn -0.000166088415 -0.923885405 -0.382669181
vn -0.000173567736 -0.707111776 -0.707101703
vn -0.000173567707 -0.707111776 -0.707101703
vn -0.000166089565 -0.92387718 -0.382688999
vn -0.000166349811 -0.923888445 0.382661939
vn -0.000166351398 -0.92387718 0.382689029
vn -0.00017405214 -0.707120478 0.707093
vn -0.00017405214 -0.707120478 0.707092941
vn -0.000236333304 0 1
vn -0.000236333304 0 1
vn -0.000236333304 0 1
vn -0.000236333304 0 1
vn -0.577352822 0.577352822 0.577345133
vn -0.302204192 0.832411051 0.4645046
vn -0.680113077 0.540142715 0.495673388
vn -0.302209437 0.464507312 0.832407653
vn -0.495670468 0.540145457 0.680112958
vn -0.832416654 0.464510947 0.302179009
vn -0.464500457 0.832418323 0.302190363
vn -0.302204996 -0.832410514 0.464504927
vn -0.302209824 -0.464506716 0.832407832
vn -0.577354431 -0.577352643 0.577343643
vn -0.832410038 -0.302206188 0.464505076
vn -0.832417727 -0.464508355 0.302179962
vn -0.464500695 -0.302209079 0.832411468
vn -0.464507192 -0.832415164 0.302188933
vn -0.302204818 -0.464503855 -0.83241117
vn -0.302205235 -0.832410514 -0.464504749
vn -0.57735008 -0.57735008 -0.577350676
vn -0.680113137 -0.495672196 -0.540143609
vn -0.832410038 -0.302206427 -0.464504927
vn -0.495672792 -0.680113554 -0.540142715
vn -0.464502275 -0.302205712 -0.832411766
vn 0.577349067 0.57735002 -0.577351809
vn 0.302205741 0.832410872 -0.464503944
vn 0.68011266 0.54014504 -0.495671451
vn 0.30220741 0.464502752 -0.832410932
vn 0.495669425 0.540145755 -0.680113494
vn 0.680113733 0.495668441 -0.540146232
vn 0.495669991 0.680112481 -0.54014647
vn 0.464500129 -0.832405567 0.302226126
vn 0.832401633 -0.464501977 0.302234143
vn 0.577343166 -0.577346802 0.577360809
vn 0.464500964 -0.302197754 0.832415402
vn 0.302195609 -0.464499146 0.83241713
vn 0.832411706 -0.302203536 0.464503825
vn 0.302206874 -0.832409799 0.464505076
vn -1 4.55027566E-06 -1.20121476E-05
vn -1 7.53538779E-06 -4.09303357E-06
vn -1 7.6616052E-06 -3.8114606E-06
vn -1 4.51587266E-06 -1.20278974E-05
vn -1 1.59993469E-05 2.09337168E-06
vn -1 8.66659138E-06 -4.17591127E-06
vn -1 1.60886411E-05 2.05377023E-06
vn -1 8.84430938E-06 -3.78785353E-06
vn -1 1.81696796E-05 -7.64496599E-06
vn -1 1.17718037E-05 4.44310308E-06
vn -1 1.8236753E-05 -7.44387489E-06
vn -1 1.17954942E-05 4.41783595E-06
vn -1 9.5288724E-06 -1.37121187E-05
vn -1 7.92366427E-06 -2.87894431E-06
vn -1 1.03246912E-05 -1.39081121E-05
vn -1 7.37002574E-06 -4.19581693E-06
vn -0.287219346 0.114112109 0.951043308
vn -0.282937914 -0.127133474 0.95067513
vn -0.287219465 -0.114112347 0.951043308
vn -0.282937676 0.127133757 0.95067513
vn -0.127133831 -0.282937735 0.95067513
vn -0.114112414 0.287219584 0.951043189
vn -0.114112005 -0.287219554 0.951043308
vn -0.127133206 0.282938212 0.95067513
vn 0.127133042 -0.282937676 0.950675249
vn 0.1141124 0.287219584 0.951043308
vn 0.114112228 -0.287219226 0.951043427
vn 0.127133161 0.282938153 0.95067513
vn 0.282937527 -0.12713334 0.950675249
vn 0.287219286 0.114112161 0.951043427
vn 0.287219167 -0.114112169 0.951043427
vn 0.282937676 0.127133563 0.950675249
vn -0.586743057 0.363901287 -0.723400652
vn -0.590326726 -0.181255326 -0.786549985
vn -0.586742938 -0.36390084 -0.72340095
vn -0.590326667 0.181255147 -0.786550045
vn -0.181255192 -0.590325713 -0.78655076
vn -0.36390081 0.586742699 -0.723401189
vn -0.363900751 -0.586742461 -0.723401368
vn -0.181255236 0.590325892 -0.786550701
vn 0.181255192 -0.590325713 -0.78655076
vn 0.36390081 0.586742699 -0.723401189
vn 0.363900751 -0.586742461 -0.723401368
vn 0.181255236 0.590325892 -0.786550701
vn 0.590326726 -0.181255326 -0.786549985
vn 0.586743057 0.363901287 -0.723400652
vn 0.586742938 -0.36390084 -0.72340095
vn 0.590326667 0.181255147 -0.786550045
vn -0.114112169 -0.951043189 -0.287219822
vn 0.127133518 -0.95067513 -0.282937974
vn 0.114112578 -0.951043189 -0.287219495
vn -0.12713401 -0.950675011 -0.282938093
vn 0.282937855 -0.95067513 -0.127133623
vn -0.287219614 -0.951043189 -0.11411228
vn 0.287219614 -0.951043308 -0.114111885
vn -0.282938123 -0.950675011 -0.127133623
vn 0.282937795 -0.950675249 0.127133206
vn -0.287219614 -0.951043308 0.114112265
vn 0.287219346 -0.951043427 0.114111975
vn -0.282938033 -0.95067513 0.127133593
vn 0.127133399 -0.950675249 0.282937527
vn -0.114112079 -0.951043308 0.287219614
vn 0.114112385 -0.951043427 0.287219077
vn -0.127133921 -0.95067513 0.282937825
vn -0.363900572 0.723401368 -0.58674258
vn 0.18125473 0.786551118 -0.590325356
vn 0.363899499 0.723402321 -0.586742043
vn -0.181255132 0.78655076 -0.590325713
vn 0.590324163 0.786552012 -0.181254953
vn -0.586742818 0.72340095 -0.363901019
vn 0.586740732 0.723402798 -0.363900691
vn -0.590326667 0.786550045 -0.181255341
vn 0.590324163 0.786552012 0.181254968
vn -0.586742818 0.72340095 0.363901019
vn 0.586740732 0.723402739 0.363900661
vn -0.590326667 0.786550045 0.181255341
vn 0.181254759 0.786551058 0.590325415
vn -0.363900572 0.723401368 0.58674258
vn 0.363899529 0.723402321 0.586742043
vn -0.181255132 0.78655076 0.590325713
vn 0.951043189 -0.114112206 -0.287219822
vn 0.95067513 0.127133533 -0.282938093
vn 0.951043189 0.114112586 -0.287219495
vn 0.950675011 -0.12713401 -0.282938093
vn 0.95067513 0.282937855 -0.127133623
vn 0.951043189 -0.287219614 -0.11411228
vn 0.951043308 0.287219614 -0.114111885
vn 0.950675011 -0.282938093 -0.127133623
vn 0.950675249 0.282937795 0.127133206
vn 0.951043308 -0.287219614 0.114112265
vn 0.951043427 0.287219346 0.114111975
vn 0.95067513 -0.282938033 0.127133593
vn 0.950675249 0.127133414 0.282937527
vn 0.951043308 -0.114112072 0.287219584
vn 0.951043427 0.1141124 0.287219077
vn 0.95067513 -0.127133921 0.282937795
vn -0.723401368 -0.363900572 -0.58674258
vn -0.786551058 0.18125473 -0.590325534
vn -0.723402321 0.363899499 -0.586742043
vn -0.78655076 -0.181255147 -0.590325773
vn -0.786552012 0.590324163 -0.181254953
vn -0.72340095 -0.586742818 -0.363901019
vn -0.723402798 0.586740732 -0.363900691
vn -0.786550045 -0.590326667 -0.181255341
vn -0.786552012 0.590324163 0.181254953
vn -0.72340095 -0.586742818 0.363901019
vn -0.723402739 0.586740732 0.363900661
vn -0.786550045 -0.590326667 0.181255341
vn -0.786551118 0.18125473 0.590325356
vn -0.723401368 -0.363900572 0.58674258
vn -0.723402321 0.363899529 0.586742103
vn -0.78655076 -0.181255147 0.590325773
vn -0.951043189 0.11411231 -0.287219852
vn -0.950675011 -0.127133518 -0.282938212
vn -0.951043189 -0.114112474 -0.287219793
vn -0.950675011 0.127133906 -0.282938093
vn -0.95067513 -0.282937855 -0.127133846
vn -0.951043189 0.287219852 -0.11411234
vn -0.951043308 -0.287219554 -0.114112042
vn -0.950675011 0.282938272 -0.127133593
vn -0.950675249 -0.282937735 0.127133444
vn -0.951043189 0.287219733 0.11411228
vn -0.951043427 -0.287219346 0.114112124
vn -0.950675011 0.282938123 0.127133518
vn -0.950675249 -0.127133414 0.282937735
vn -0.951043308 0.114112258 0.287219495
vn -0.951043308 -0.114112273 0.287219316
vn -0.95067513 0.127133608 0.282937795
vn 0.723401427 0.363900721 -0.586742342
vn 0.78655082 -0.181254983 -0.590325654
vn 0.723401845 -0.363900304 -0.586742282
vn 0.78655082 0.181254849 -0.590325713
vn 0.786550999 -0.590325415 -0.181255117
vn 0.723401606 0.586742163 -0.363900691
vn 0.723401904 -0.586741984 -0.363900661
vn 0.78655082 0.590325594 -0.181255162
vn 0.786550999 -0.590325415 0.181255117
vn 0.723401606 0.586742163 0.363900691
vn 0.723401904 -0.586741984 0.363900661
vn 0.78655082 0.590325594 0.181255162
vn 0.78655082 -0.181254983 0.590325654
vn 0.723401427 0.363900721 0.586742342
vn 0.723401845 -0.363900304 0.586742282
vn 0.78655082 0.181254849 0.590325713
vn 1 6.79540153E-06 1.45867998E-05
vn 1 6.28029966E-06 1.44732076E-05
vn 1 -1.9580234E-06 6.23487904E-06
vn 1 -1.86202806E-06 5.92920151E-06
vn 1 2.05158121E-05 4.9334385E-06
vn 1 6.23477217E-06 1.9580159E-06
vn 1 2.07077846E-05 4.32230945E-06
vn 1 5.92928518E-06 1.86207831E-06
vn 1 1.18581984E-05 -3.72406566E-06
vn 1 1.44732294E-05 1.01964488E-05
vn 1 1.24696153E-05 -3.91608091E-06
vn 1 1.45868162E-05 1.05196077E-05
vn 1 3.72404884E-06 1.18585222E-05
vn 1 1.21544281E-05 2.0708314E-05
vn 1 3.91606909E-06 1.24699736E-05
vn 1 1.23817636E-05 2.05162687E-05
vn -1.45867998E-05 6.79540153E-06 1
vn -1.44732076E-05 6.28029966E-06 1
vn -6.23487904E-06 -1.9580234E-06 1
vn -5.92920151E-06 -1.86202806E-06 1
vn -4.9334385E-06 2.05158121E-05 1
vn -1.9580159E-06 6.23477217E-06 1
vn -4.32230945E-06 2.07077846E-05 1
vn -1.86207831E-06 5.92928518E-06 1
vn 3.72406566E-06 1.18581984E-05 1
vn -1.01964488E-05 1.44732294E-05 1
vn 3.91608091E-06 1.24696153E-05 1
vn -1.05196077E-05 1.45868162E-05 1
vn -1.18585222E-05 3.72404884E-06 1
vn -2.0708314E-05 1.21544281E-05 1
vn -1.24699736E-05 3.91606909E-06 1
vn -2.05162687E-05 1.23817636E-05 1
g P_T_B_0
f 3/3/3 2/2/2 1/1/1
f 6/6/6 5/5/5 4/4/4
f 9/9/9 8/8/8 7/7/7
f 12/12/12 11/11/11 10/10/10
f 15/15/15 14/14/14 13/13/13
f 18/18/18 17/17/17 16/16/16
f 21/21/21 20/20/20 19/19/19
f 24/24/24 23/23/23 22/22/22
f 27/27/27 26/26/26 25/25/25
f 30/30/30 29/29/29 28/28/28
f 33/33/33 32/32/32 31/31/31
f 36/36/36 35/35/35 34/34/34
f 39/39/39 38/38/38 37/37/37
f 42/42/42 41/41/41 40/40/40
f 45/45/45 44/44/44 43/43/43
f 48/48/48 47/47/47 46/46/46
f 51/51/51 50/50/50 49/49/49
f 50/50/50 52/52/52 49/49/49
f 53/53/53 49/49/49 52/52/52
f 54/54/54 53/53/53 52/52/52
f 53/53/53 54/54/54 55/55/55
f 54/54/54 56/56/56 55/55/55
f 56/56/56 57/57/57 55/55/55
f 57/57/57 58/58/58 55/55/55
f 58/58/58 57/57/57 59/59/59
f 57/57/57 60/60/60 59/59/59
f 61/61/61 59/59/59 60/60/60
f 62/62/62 61/61/61 60/60/60
f 61/61/61 62/62/62 63/63/63
f 62/62/62 64/64/64 63/63/63
f 65/65/65 63/63/63 64/64/64
f 66/66/66 65/65/65 64/64/64
f 69/69/69 68/68/68 67/67/67
f 70/70/70 69/69/69 67/67/67
f 73/73/73 72/72/72 71/71/71
f 74/74/74 73/73/73 71/71/71
f 77/77/77 76/76/76 75/75/75
f 78/78/78 77/77/77 75/75/75
f 81/81/81 80/80/80 79/79/79
f 82/82/82 81/81/81 79/79/79
f 85/85/85 84/84/84 83/83/83
f 86/86/86 85/85/85 83/83/83
f 89/89/89 88/88/88 87/87/87
f 90/90/90 89/89/89 87/87/87
f 93/93/93 92/92/92 91/91/91
f 94/94/94 93/93/93 91/91/91
f 97/97/97 96/96/96 95/95/95
f 98/98/98 97/97/97 95/95/95
f 101/101/101 100/100/100 99/99/99
f 102/102/102 101/101/101 99/99/99
f 99/99/99 103/103/103 102/102/102
f 103/103/103 104/104/104 102/102/102
f 103/103/103 99/99/99 105/105/105
f 106/106/106 104/104/104 103/103/103
f 107/107/107 103/103/103 105/105/105
f 103/103/103 107/107/107 106/106/106
f 110/110/110 109/109/109 108/108/108
f 111/111/111 110/110/110 108/108/108
f 114/114/114 113/113/113 112/112/112
f 115/115/115 114/114/114 112/112/112
f 115/115/115 112/112/112 116/116/116
f 116/116/116 117/117/117 115/115/115
f 116/116/116 112/112/112 118/118/118
f 117/117/117 116/116/116 119/119/119
f 120/120/120 116/116/116 118/118/118
f 120/120/120 119/119/119 116/116/116
f 123/123/123 122/122/122 121/121/121
f 124/124/124 123/123/123 121/121/121
f 121/121/121 125/125/125 124/124/124
f 126/126/126 124/124/124 125/125/125
f 125/125/125 121/121/121 127/127/127
f 128/128/128 126/126/126 125/125/125
f 129/129/129 125/125/125 127/127/127
f 125/125/125 129/129/129 128/128/128
f 132/132/132 131/131/131 130/130/130
f 131/131/131 133/133/133 130/130/130
f 130/130/130 133/133/133 134/134/134
f 133/133/133 135/135/135 134/134/134
f 134/134/134 135/135/135 136/136/136
f 135/135/135 137/137/137 136/136/136
f 136/136/136 137/137/137 138/138/138
f 137/137/137 139/139/139 138/138/138
f 138/138/138 139/139/139 140/140/140
f 139/139/139 141/141/141 140/140/140
f 140/140/140 141/141/141 142/142/142
f 141/141/141 143/143/143 142/142/142
f 142/142/142 143/143/143 144/144/144
f 143/143/143 145/145/145 144/144/144
f 144/144/144 145/145/145 146/146/146
f 145/145/145 147/147/147 146/146/146
f 150/150/150 149/149/149 148/148/148
f 149/149/149 151/151/151 148/148/148
f 148/148/148 151/151/151 152/152/152
f 151/151/151 153/153/153 152/152/152
f 152/152/152 153/153/153 154/154/154
f 153/153/153 155/155/155 154/154/154
f 154/154/154 155/155/155 156/156/156
f 155/155/155 157/157/157 156/156/156
f 156/156/156 157/157/157 158/158/158
f 157/157/157 159/159/159 158/158/158
f 158/158/158 159/159/159 160/160/160
f 159/159/159 161/161/161 160/160/160
f 160/160/160 161/161/161 162/162/162
f 161/161/161 163/163/163 162/162/162
f 162/162/162 163/163/163 164/164/164
f 163/163/163 165/165/165 164/164/164
f 168/168/168 167/167/167 166/166/166
f 169/169/169 168/168/168 166/166/166
f 172/172/172 171/171/171 170/170/170
f 171/171/171 173/173/173 170/170/170
f 173/173/173 174/174/174 170/170/170
f 174/174/174 175/175/175 170/170/170
f 176/176/176 175/175/175 174/174/174
f 177/177/177 176/176/176 174/174/174
f 180/180/180 179/179/179 178/178/178
f 179/179/179 181/181/181 178/178/178
f 182/182/182 178/178/178 181/181/181
f 183/183/183 182/182/182 181/181/181
f 182/182/182 183/183/183 184/184/184
f 183/183/183 185/185/185 184/184/184
f 185/185/185 186/186/186 184/184/184
f 186/186/186 187/187/187 184/184/184
f 187/187/187 186/186/186 188/188/188
f 186/186/186 189/189/189 188/188/188
f 190/190/190 188/188/188 189/189/189
f 191/191/191 190/190/190 189/189/189
f 190/190/190 191/191/191 192/192/192
f 191/191/191 193/193/193 192/192/192
f 194/194/194 192/192/192 193/193/193
f 195/195/195 194/194/194 193/193/193
f 198/198/198 197/197/197 196/196/196
f 197/197/197 199/199/199 196/196/196
f 196/196/196 199/199/199 200/200/200
f 199/199/199 201/201/201 200/200/200
f 200/200/200 201/201/201 202/202/202
f 201/201/201 203/203/203 202/202/202
f 202/202/202 203/203/203 204/204/204
f 203/203/203 205/205/205 204/204/204
f 204/204/204 205/205/205 206/206/206
f 205/205/205 207/207/207 206/206/206
f 206/206/206 207/207/207 208/208/208
f 207/207/207 209/209/209 208/208/208
f 208/208/208 209/209/209 210/210/210
f 209/209/209 211/211/211 210/210/210
f 210/210/210 211/211/211 212/212/212
f 211/211/211 213/213/213 212/212/212
f 216/216/216 215/215/215 214/214/214
f 215/215/215 217/217/217 214/214/214
f 214/214/214 217/217/217 218/218/218
f 217/217/217 219/219/219 218/218/218
f 218/218/218 219/219/219 220/220/220
f 219/219/219 221/221/221 220/220/220
f 220/220/220 221/221/221 222/222/222
f 221/221/221 223/223/223 222/222/222
f 222/222/222 223/223/223 224/224/224
f 223/223/223 225/225/225 224/224/224
f 224/224/224 225/225/225 226/226/226
f 225/225/225 227/227/227 226/226/226
f 226/226/226 227/227/227 228/228/228
f 227/227/227 229/229/229 228/228/228
f 228/228/228 229/229/229 230/230/230
f 229/229/229 231/231/231 230/230/230
f 234/234/234 233/233/233 232/232/232
f 233/233/233 235/235/235 232/232/232
f 236/236/236 232/232/232 235/235/235
f 237/237/237 236/236/236 235/235/235
f 236/236/236 237/237/237 238/238/238
f 237/237/237 239/239/239 238/238/238
f 239/239/239 240/240/240 238/238/238
f 240/240/240 241/241/241 238/238/238
f 241/241/241 240/240/240 242/242/242
f 240/240/240 243/243/243 242/242/242
f 244/244/244 242/242/242 243/243/243
f 245/245/245 244/244/244 243/243/243
f 244/244/244 245/245/245 246/246/246
f 245/245/245 247/247/247 246/246/246
f 248/248/248 246/246/246 247/247/247
f 249/249/249 248/248/248 247/247/247
f 252/252/252 251/251/251 250/250/250
f 251/251/251 253/253/253 250/250/250
f 250/250/250 253/253/253 254/254/254
f 253/253/253 255/255/255 254/254/254
f 254/254/254 255/255/255 256/256/256
f 255/255/255 257/257/257 256/256/256
f 256/256/256 257/257/257 258/258/258
f 257/257/257 259/259/259 258/258/258
f 258/258/258 259/259/259 260/260/260
f 259/259/259 261/261/261 260/260/260
f 260/260/260 261/261/261 262/262/262
f 261/261/261 263/263/263 262/262/262
f 262/262/262 263/263/263 264/264/264
f 263/263/263 265/265/265 264/264/264
f 264/264/264 265/265/265 266/266/266
f 265/265/265 267/267/267 266/266/266
f 270/270/270 269/269/269 268/268/268
f 269/269/269 271/271/271 268/268/268
f 268/268/268 271/271/271 272/272/272
f 271/271/271 273/273/273 272/272/272
f 272/272/272 273/273/273 274/274/274
f 273/273/273 275/275/275 274/274/274
f 274/274/274 275/275/275 276/276/276
f 275/275/275 277/277/277 276/276/276
f 276/276/276 277/277/277 278/278/278
f 277/277/277 279/279/279 278/278/278
f 278/278/278 279/279/279 280/280/280
f 279/279/279 281/281/281 280/280/280
f 280/280/280 281/281/281 282/282/282
f 281/281/281 283/283/283 282/282/282
f 282/282/282 283/283/283 284/284/284
f 283/283/283 285/285/285 284/284/284
f 288/288/288 287/287/287 286/286/286
f 287/287/287 289/289/289 286/286/286
f 290/290/290 286/286/286 289/289/289
f 291/291/291 290/290/290 289/289/289
f 290/290/290 291/291/291 292/292/292
f 291/291/291 293/293/293 292/292/292
f 293/293/293 294/294/294 292/292/292
f 294/294/294 295/295/295 292/292/292
f 295/295/295 294/294/294 296/296/296
f 294/294/294 297/297/297 296/296/296
f 298/298/298 296/296/296 297/297/297
f 299/299/299 298/298/298 297/297/297
f 298/298/298 299/299/299 300/300/300
f 299/299/299 301/301/301 300/300/300
f 302/302/302 300/300/300 301/301/301
f 303/303/303 302/302/302 301/301/301
f 306/306/306 305/305/305 304/304/304
f 305/305/305 307/307/307 304/304/304
f 304/304/304 307/307/307 308/308/308
f 307/307/307 309/309/309 308/308/308
f 308/308/308 309/309/309 310/310/310
f 309/309/309 311/311/311 310/310/310
f 310/310/310 311/311/311 312/312/312
f 311/311/311 313/313/313 312/312/312
f 312/312/312 313/313/313 314/314/314
f 313/313/313 315/315/315 314/314/314
f 314/314/314 315/315/315 316/316/316
f 315/315/315 317/317/317 316/316/316
f 316/316/316 317/317/317 318/318/318
f 317/317/317 319/319/319 318/318/318
f 318/318/318 319/319/319 320/320/320
f 319/319/319 321/321/321 320/320/320
f 324/324/324 323/323/323 322/322/322
f 323/323/323 325/325/325 322/322/322
f 322/322/322 325/325/325 326/326/326
f 325/325/325 327/327/327 326/326/326
f 326/326/326 327/327/327 328/328/328
f 327/327/327 329/329/329 328/328/328
f 328/328/328 329/329/329 330/330/330
f 329/329/329 331/331/331 330/330/330
f 330/330/330 331/331/331 332/332/332
f 331/331/331 333/333/333 332/332/332
f 332/332/332 333/333/333 334/334/334
f 333/333/333 335/335/335 334/334/334
f 334/334/334 335/335/335 336/336/336
f 335/335/335 337/337/337 336/336/336
f 336/336/336 337/337/337 338/338/338
f 337/337/337 339/339/339 338/338/338
f 342/342/342 341/341/341 340/340/340
f 343/343/343 342/342/342 340/340/340
f 346/346/346 345/345/345 344/344/344
f 347/347/347 346/346/346 344/344/344
f 350/350/350 349/349/349 348/348/348
f 351/351/351 350/350/350 348/348/348
f 354/354/354 353/353/353 352/352/352
f 355/355/355 354/354/354 352/352/352
f 358/358/358 357/357/357 356/356/356
f 359/359/359 358/358/358 356/356/356
f 362/362/362 361/361/361 360/360/360
f 361/361/361 363/363/363 360/360/360
f 363/363/363 364/364/364 360/360/360
f 364/364/364 365/365/365 360/360/360
f 366/366/366 365/365/365 364/364/364
f 367/367/367 366/366/366 364/364/364
f 370/370/370 369/369/369 368/368/368
f 371/371/371 370/370/370 368/368/368
f 374/374/374 373/373/373 372/372/372
f 375/375/375 374/374/374 372/372/372
f 378/378/378 377/377/377 376/376/376
f 379/379/379 378/378/378 376/376/376
f 382/382/382 381/381/381 380/380/380
f 383/383/383 382/382/382 380/380/380
f 386/386/386 385/385/385 384/384/384
f 387/387/387 386/386/386 384/384/384
f 388/388/388 386/386/386 387/387/387
f 389/389/389 388/388/388 387/387/387
f 392/392/392 391/391/391 390/390/390
f 393/393/393 392/392/392 390/390/390
f 396/396/396 395/395/395 394/394/394
f 397/397/397 396/396/396 394/394/394
f 400/400/400 399/399/399 398/398/398
f 399/399/399 401/401/401 398/398/398
f 398/398/398 401/401/401 402/402/402
f 401/401/401 403/403/403 402/402/402
f 402/402/402 403/403/403 404/404/404
f 403/403/403 405/405/405 404/404/404
f 408/408/408 407/407/407 406/406/406
f 409/409/409 408/408/408 406/406/406
f 412/412/412 411/411/411 410/410/410
f 413/413/413 412/412/412 410/410/410
f 414/414/414 412/412/412 413/413/413
f 415/415/415 414/414/414 413/413/413
f 416/416/416 414/414/414 415/415/415
f 417/417/417 416/416/416 415/415/415
f 420/420/420 419/419/419 418/418/418
f 421/421/421 420/420/420 418/418/418
f 424/424/424 423/423/423 422/422/422
f 423/423/423 425/425/425 422/422/422
f 422/422/422 425/425/425 426/426/426
f 425/425/425 427/427/427 426/426/426
f 426/426/426 427/427/427 428/428/428
f 427/427/427 429/429/429 428/428/428
f 432/432/432 431/431/431 430/430/430
f 433/433/433 432/432/432 430/430/430
f 436/436/436 435/435/435 434/434/434
f 435/435/435 437/437/437 434/434/434
f 435/435/435 438/438/438 437/437/437
f 438/438/438 439/439/439 437/437/437
f 438/438/438 440/440/440 439/439/439
f 440/440/440 441/441/441 439/439/439
f 444/444/444 443/443/443 442/442/442
f 445/445/445 444/444/444 442/442/442
f 448/448/448 447/447/447 446/446/446
f 449/449/449 448/448/448 446/446/446
f 449/449/449 446/446/446 450/450/450
f 451/451/451 449/449/449 450/450/450
f 451/451/451 450/450/450 452/452/452
f 453/453/453 451/451/451 452/452/452
f 456/456/456 455/455/455 454/454/454
f 457/457/457 456/456/456 454/454/454
f 460/460/460 459/459/459 458/458/458
f 459/459/459 461/461/461 458/458/458
f 459/459/459 462/462/462 461/461/461
f 462/462/462 463/463/463 461/461/461
f 462/462/462 464/464/464 463/463/463
f 464/464/464 465/465/465 463/463/463
f 468/468/468 467/467/467 466/466/466
f 469/469/469 468/468/468 466/466/466
f 472/472/472 471/471/471 470/470/470
f 473/473/473 472/472/472 470/470/470
f 473/473/473 470/470/470 474/474/474
f 475/475/475 473/473/473 474/474/474
f 475/475/475 474/474/474 476/476/476
f 477/477/477 475/475/475 476/476/476
f 480/480/480 479/479/479 478/478/478
f 481/481/481 480/480/480 478/478/478
f 484/484/484 483/483/483 482/482/482
f 485/485/485 484/484/484 482/482/482
f 486/486/486 484/484/484 485/485/485
f 487/487/487 486/486/486 485/485/485
f 490/490/490 489/489/489 488/488/488
f 491/491/491 490/490/490 488/488/488
f 494/494/494 493/493/493 492/492/492
f 495/495/495 494/494/494 492/492/492
f 498/498/498 497/497/497 496/496/496
f 497/497/497 499/499/499 496/496/496
f 496/496/496 499/499/499 500/500/500
f 499/499/499 501/501/501 500/500/500
f 500/500/500 501/501/501 502/502/502
f 501/501/501 503/503/503 502/502/502
f 506/506/506 505/505/505 504/504/504
f 507/507/507 506/506/506 504/504/504
f 510/510/510 509/509/509 508/508/508
f 511/511/511 510/510/510 508/508/508
f 512/512/512 510/510/510 511/511/511
f 513/513/513 512/512/512 511/511/511
f 514/514/514 512/512/512 513/513/513
f 515/515/515 514/514/514 513/513/513
f 518/518/518 517/517/517 516/516/516
f 519/519/519 518/518/518 516/516/516
f 522/522/522 521/521/521 520/520/520
f 521/521/521 523/523/523 520/520/520
f 520/520/520 523/523/523 524/524/524
f 523/523/523 525/525/525 524/524/524
f 524/524/524 525/525/525 526/526/526
f 525/525/525 527/527/527 526/526/526
f 530/530/530 529/529/529 528/528/528
f 531/531/531 530/530/530 528/528/528
f 534/534/534 533/533/533 532/532/532
f 532/532/532 533/533/533 535/535/535
f 532/532/532 536/536/536 534/534/534
f 537/537/537 532/532/532 535/535/535
f 536/536/536 532/532/532 538/538/538
f 537/537/537 538/538/538 532/532/532
f 541/541/541 540/540/540 539/539/539
f 539/539/539 542/542/542 541/541/541
f 540/540/540 541/541/541 543/543/543
f 541/541/541 542/542/542 544/544/544
f 541/541/541 545/545/545 543/543/543
f 541/541/541 544/544/544 545/545/545
f 548/548/548 547/547/547 546/546/546
f 549/549/549 548/548/548 546/546/546
f 547/547/547 548/548/548 550/550/550
f 548/548/548 549/549/549 551/551/551
f 548/548/548 552/552/552 550/550/550
f 551/551/551 552/552/552 548/548/548
f 555/555/555 554/554/554 553/553/553
f 553/553/553 554/554/554 556/556/556
f 553/553/553 557/557/557 555/555/555
f 558/558/558 553/553/553 556/556/556
f 557/557/557 553/553/553 559/559/559
f 553/553/553 558/558/558 559/559/559
f 562/562/562 561/561/561 560/560/560
f 562/562/562 560/560/560 563/563/563
f 564/564/564 561/561/561 562/562/562
f 562/562/562 563/563/563 565/565/565
f 562/562/562 566/566/566 564/564/564
f 566/566/566 562/562/562 565/565/565
f 569/569/569 568/568/568 567/567/567
f 568/568/568 570/570/570 567/567/567
f 571/571/571 568/568/568 569/569/569
f 567/567/567 570/570/570 572/572/572
f 573/573/573 571/571/571 569/569/569
f 570/570/570 574/574/574 572/572/572
f 575/575/575 571/571/571 573/573/573
f 572/572/572 574/574/574 576/576/576
f 577/577/577 575/575/575 573/573/573
f 574/574/574 578/578/578 576/576/576
f 579/579/579 575/575/575 577/577/577
f 576/576/576 578/578/578 580/580/580
f 581/581/581 579/579/579 577/577/577
f 578/578/578 582/582/582 580/580/580
f 582/582/582 579/579/579 581/581/581
f 580/580/580 582/582/582 581/581/581
f 585/585/585 584/584/584 583/583/583
f 584/584/584 586/586/586 583/583/583
f 587/587/587 584/584/584 585/585/585
f 583/583/583 586/586/586 588/588/588
f 589/589/589 587/587/587 585/585/585
f 586/586/586 590/590/590 588/588/588
f 591/591/591 587/587/587 589/589/589
f 588/588/588 590/590/590 592/592/592
f 593/593/593 591/591/591 589/589/589
f 590/590/590 594/594/594 592/592/592
f 595/595/595 591/591/591 593/593/593
f 592/592/592 594/594/594 596/596/596
f 597/597/597 595/595/595 593/593/593
f 594/594/594 598/598/598 596/596/596
f 598/598/598 595/595/595 597/597/597
f 596/596/596 598/598/598 597/597/597
f 601/601/601 600/600/600 599/599/599
f 600/600/600 602/602/602 599/599/599
f 603/603/603 600/600/600 601/601/601
f 599/599/599 602/602/602 604/604/604
f 605/605/605 603/603/603 601/601/601
f 602/602/602 606/606/606 604/604/604
f 607/607/607 603/603/603 605/605/605
f 604/604/604 606/606/606 608/608/608
f 609/609/609 607/607/607 605/605/605
f 606/606/606 610/610/610 608/608/608
f 611/611/611 607/607/607 609/609/609
f 608/608/608 610/610/610 612/612/612
f 613/613/613 611/611/611 609/609/609
f 610/610/610 614/614/614 612/612/612
f 614/614/614 611/611/611 613/613/613
f 612/612/612 614/614/614 613/613/613
f 617/617/617 616/616/616 615/615/615
f 616/616/616 618/618/618 615/615/615
f 619/619/619 616/616/616 617/617/617
f 615/615/615 618/618/618 620/620/620
f 621/621/621 619/619/619 617/617/617
f 618/618/618 622/622/622 620/620/620
f 623/623/623 619/619/619 621/621/621
f 620/620/620 622/622/622 624/624/624
f 625/625/625 623/623/623 621/621/621
f 622/622/622 626/626/626 624/624/624
f 627/627/627 623/623/623 625/625/625
f 624/624/624 626/626/626 628/628/628
f 629/629/629 627/627/627 625/625/625
f 626/626/626 630/630/630 628/628/628
f 630/630/630 627/627/627 629/629/629
f 628/628/628 630/630/630 629/629/629
f 633/633/633 632/632/632 631/631/631
f 632/632/632 634/634/634 631/631/631
f 635/635/635 632/632/632 633/633/633
f 631/631/631 634/634/634 636/636/636
f 637/637/637 635/635/635 633/633/633
f 634/634/634 638/638/638 636/636/636
f 639/639/639 635/635/635 637/637/637
f 636/636/636 638/638/638 640/640/640
f 641/641/641 639/639/639 637/637/637
f 638/638/638 642/642/642 640/640/640
f 643/643/643 639/639/639 641/641/641
f 640/640/640 642/642/642 644/644/644
f 645/645/645 643/643/643 641/641/641
f 642/642/642 646/646/646 644/644/644
f 646/646/646 643/643/643 645/645/645
f 644/644/644 646/646/646 645/645/645
f 649/649/649 648/648/648 647/647/647
f 648/648/648 650/650/650 647/647/647
f 651/651/651 648/648/648 649/649/649
f 647/647/647 650/650/650 652/652/652
f 653/653/653 651/651/651 649/649/649
f 650/650/650 654/654/654 652/652/652
f 655/655/655 651/651/651 653/653/653
f 652/652/652 654/654/654 656/656/656
f 657/657/657 655/655/655 653/653/653
f 654/654/654 658/658/658 656/656/656
f 659/659/659 655/655/655 657/657/657
f 656/656/656 658/658/658 660/660/660
f 661/661/661 659/659/659 657/657/657
f 658/658/658 662/662/662 660/660/660
f 662/662/662 659/659/659 661/661/661
f 660/660/660 662/662/662 661/661/661
f 665/665/665 664/664/664 663/663/663
f 664/664/664 666/666/666 663/663/663
f 667/667/667 664/664/664 665/665/665
f 663/663/663 666/666/666 668/668/668
f 669/669/669 667/667/667 665/665/665
f 666/666/666 670/670/670 668/668/668
f 671/671/671 667/667/667 669/669/669
f 668/668/668 670/670/670 672/672/672
f 673/673/673 671/671/671 669/669/669
f 670/670/670 674/674/674 672/672/672
f 675/675/675 671/671/671 673/673/673
f 672/672/672 674/674/674 676/676/676
f 677/677/677 675/675/675 673/673/673
f 674/674/674 678/678/678 676/676/676
f 678/678/678 675/675/675 677/677/677
f 676/676/676 678/678/678 677/677/677
f 681/681/681 680/680/680 679/679/679
f 680/680/680 682/682/682 679/679/679
f 683/683/683 680/680/680 681/681/681
f 679/679/679 682/682/682 684/684/684
f 685/685/685 683/683/683 681/681/681
f 682/682/682 686/686/686 684/684/684
f 687/687/687 683/683/683 685/685/685
f 684/684/684 686/686/686 688/688/688
f 689/689/689 687/687/687 685/685/685
f 686/686/686 690/690/690 688/688/688
f 691/691/691 687/687/687 689/689/689
f 688/688/688 690/690/690 692/692/692
f 693/693/693 691/691/691 689/689/689
f 690/690/690 694/694/694 692/692/692
f 694/694/694 691/691/691 693/693/693
f 692/692/692 694/694/694 693/693/693
f 697/697/697 696/696/696 695/695/695
f 696/696/696 698/698/698 695/695/695
f 699/699/699 696/696/696 697/697/697
f 695/695/695 698/698/698 700/700/700
f 701/701/701 699/699/699 697/697/697
f 698/698/698 702/702/702 700/700/700
f 703/703/703 699/699/699 701/701/701
f 700/700/700 702/702/702 704/704/704
f 705/705/705 703/703/703 701/701/701
f 702/702/702 706/706/706 704/704/704
f 707/707/707 703/703/703 705/705/705
f 704/704/704 706/706/706 708/708/708
f 709/709/709 707/707/707 705/705/705
f 706/706/706 710/710/710 708/708/708
f 710/710/710 707/707/707 709/709/709
f 708/708/708 710/710/710 709/709/709
f 713/713/713 712/712/712 711/711/711
f 714/714/714 713/713/713 711/711/711
f 711/711/711 712/712/712 715/715/715
f 716/716/716 713/713/713 714/714/714
f 712/712/712 717/717/717 715/715/715
f 718/718/718 716/716/716 714/714/714
f 715/715/715 717/717/717 719/719/719
f 720/720/720 716/716/716 718/718/718
f 717/717/717 721/721/721 719/719/719
f 722/722/722 720/720/720 718/718/718
f 719/719/719 721/721/721 723/723/723
f 724/724/724 720/720/720 722/722/722
f 721/721/721 725/725/725 723/723/723
f 726/726/726 724/724/724 722/722/722
f 723/723/723 725/725/725 726/726/726
f 725/725/725 724/724/724 726/726/726
f 729/729/729 728/728/728 727/727/727
f 730/730/730 729/729/729 727/727/727
f 727/727/727 728/728/728 731/731/731
f 732/732/732 729/729/729 730/730/730
f 728/728/728 733/733/733 731/731/731
f 734/734/734 732/732/732 730/730/730
f 731/731/731 733/733/733 735/735/735
f 736/736/736 732/732/732 734/734/734
f 733/733/733 737/737/737 735/735/735
f 738/738/738 736/736/736 734/734/734
f 735/735/735 737/737/737 739/739/739
f 740/740/740 736/736/736 738/738/738
f 737/737/737 741/741/741 739/739/739
f 742/742/742 740/740/740 738/738/738
f 739/739/739 741/741/741 742/742/742
f 741/741/741 740/740/740 742/742/742
