g P_T_PlusUp_B
v 0.0872022808 -0.32990545 0.0873081386
v 0.0476921611 -0.369415551 0.0873079449
v 0.087202929 -0.369415611 0.0477983467
v 0.0476921611 -0.195010379 0.0873079449
v 0.0872022808 -0.234520569 0.0873081386
v 0.0872029886 -0.195010468 0.0477983356
v -0.0872028992 -0.23452045 0.0873079374
v -0.0476927161 -0.195010379 0.0873079449
v -0.0872021243 -0.195010334 0.0477981456
v -0.0476927757 -0.369415551 0.0873079449
v -0.0872028992 -0.329905301 0.0873079449
v -0.0872021839 -0.369415462 0.0477981567
v -0.0872021839 -0.329905242 -0.0870970115
v -0.0476920009 -0.369415671 -0.0870971456
v -0.0872021839 -0.369415462 -0.0475867279
v -0.0476920009 -0.195010453 -0.0870969072
v -0.0872021839 -0.234520376 -0.0870970041
v -0.0872021243 -0.195010334 -0.0475867279
v 0.0872029886 -0.234520644 -0.0870967656
v 0.0476928689 -0.195010453 -0.0870969072
v 0.0872029886 -0.195010468 -0.0475865342
v 0.0476928689 -0.369415671 -0.0870971456
v 0.0872029886 -0.32990551 -0.0870967209
v 0.087202929 -0.369415611 -0.0475865342
v -0.0761761144 -0.394713014 -0.138319463
v -0.0505550057 -0.332768232 -0.147311166
v -0.112499677 -0.358389467 -0.138319463
v -0.112499677 -0.206036463 -0.138319463
v -0.0505550057 -0.231657743 -0.147311106
v -0.0761761144 -0.169712991 -0.138319463
v 0.0761767924 -0.169712991 -0.138319463
v 0.0505554862 -0.231657729 -0.147311106
v 0.112500153 -0.206036538 -0.138319418
v 0.112500347 -0.358389467 -0.138319463
v 0.0505554862 -0.332768232 -0.147311166
v 0.0761767924 -0.394713014 -0.138319463
v -0.138424635 -0.206036463 -0.112394489
v -0.16918613 -0.358389467 -0.112394489
v -0.138424635 -0.358389467 -0.112394489
v -0.16918613 -0.206036463 -0.112394489
v -0.138424635 -0.169712991 -0.0760710314
v -0.16918613 -0.169712991 -0.0760710314
v -0.138424635 -0.169712976 0.0762820691
v -0.16918613 -0.169712976 0.0762820691
v -0.16918613 -0.206036463 0.11260552
v -0.138424635 -0.206036463 0.11260552
v -0.138424635 -0.358389437 0.112605534
v -0.16918613 -0.358389437 0.112605534
v -0.138424635 -0.394713014 0.0762820616
v -0.16918613 -0.394713014 0.0762820616
v -0.138424635 -0.394713014 -0.0760710314
v -0.16918613 -0.394713014 -0.0760710314
v -0.138424635 -0.358389467 -0.112394489
v -0.16918613 -0.358389467 -0.112394489
v -0.11249958 -0.420638084 0.0762820616
v -0.11249958 -0.420638084 -0.0760710314
v -0.138424635 -0.394713014 -0.0760710314
v -0.138424635 -0.394713014 0.0762820616
v -0.0761760175 -0.420638084 -0.112394489
v 0.0761768445 -0.420638084 -0.112394489
v 0.0761767924 -0.394713014 -0.138319463
v -0.0761761144 -0.394713014 -0.138319463
v 0.112500444 -0.420638084 -0.0760710314
v 0.112500444 -0.420638084 0.0762820616
v 0.13842532 -0.394712895 0.0762822479
v 0.13842532 -0.394712895 -0.0760708377
v 0.0761768892 -0.420638084 0.112605534
v -0.0761760175 -0.420638084 0.112605534
v -0.0761772767 -0.394713014 0.13853021
v 0.076175727 -0.394713014 0.13853021
v -0.0761761144 -0.143788025 0.112605534
v 0.0761767924 -0.143788025 0.112605534
v 0.076175727 -0.169712976 0.13853021
v -0.0761766955 -0.169712976 0.138530403
v 0.112500347 -0.143788025 0.0762820691
v 0.112500347 -0.143788025 -0.0760710314
v 0.13842532 -0.169712901 -0.0760708377
v 0.13842532 -0.169712901 0.0762822628
v 0.0761767924 -0.143788025 -0.112394489
v -0.0761761144 -0.143788025 -0.112394489
v -0.0761761144 -0.169712991 -0.138319463
v 0.0761767924 -0.169712991 -0.138319463
v -0.112499677 -0.143788025 -0.0760710314
v -0.112499677 -0.143788025 0.0762820691
v -0.138424635 -0.169712976 0.0762820691
v -0.138424635 -0.169712991 -0.0760710314
v 0.13842532 -0.206036404 0.112605721
v 0.13842532 -0.358389348 0.112605721
v 0.112499282 -0.358389437 0.13853021
v 0.112499282 -0.206036493 0.13853021
v 0.100392759 -0.181820825 0.100497738
v 0.076175727 -0.169712976 0.13853021
v 0.13842532 -0.169712901 0.0762822628
v 0.0761767924 -0.143788025 0.112605534
v 0.112500347 -0.143788025 0.0762820691
v -0.138424635 -0.358389437 0.112605534
v -0.138424635 -0.206036463 0.11260552
v -0.112500839 -0.206036493 0.13853021
v -0.112500839 -0.358389437 0.13853021
v 0.13842532 -0.358389348 -0.112394303
v 0.13842532 -0.206036404 -0.112394303
v 0.112500153 -0.206036538 -0.138319418
v 0.112500347 -0.358389467 -0.138319463
v 0.100392759 -0.382605195 -0.100286655
v 0.0761767924 -0.394713014 -0.138319463
v 0.13842532 -0.394712895 -0.0760708377
v 0.0761768445 -0.420638084 -0.112394489
v 0.112500444 -0.420638084 -0.0760710314
v -0.138424635 -0.206036463 -0.112394489
v -0.138424635 -0.358389467 -0.112394489
v -0.112499677 -0.358389467 -0.138319463
v -0.112499677 -0.206036463 -0.138319463
v -0.100391693 -0.181820825 -0.100286655
v -0.0761761144 -0.169712991 -0.138319463
v -0.138424635 -0.169712991 -0.0760710314
v -0.0761761144 -0.143788025 -0.112394489
v -0.112499677 -0.143788025 -0.0760710314
v -0.188880667 -0.212293297 -0.140556633
v -0.218176737 -0.351546556 -0.139378026
v -0.188880667 -0.352132678 -0.140556633
v -0.218176737 -0.212878704 -0.139378026
v -0.188880667 -0.141550884 -0.0698142499
v -0.218176737 -0.14272894 -0.0692282319
v -0.188880667 -0.141550884 0.0700252801
v -0.218176737 -0.142728925 0.069439657
v -0.188880667 -0.212293282 0.140767664
v -0.218176737 -0.212878674 0.139589444
v -0.188880667 -0.352132648 0.140767664
v -0.218176737 -0.351546556 0.139589444
v -0.188880667 -0.422875166 0.0700252727
v -0.218176737 -0.421696246 0.069439657
v -0.188880667 -0.422875166 -0.0698142424
v -0.218176737 -0.421696246 -0.0692282394
v -0.188880667 -0.352132678 -0.140556633
v -0.218176737 -0.351546556 -0.139378026
v -0.228530765 -0.391270399 -0.0595166199
v -0.0872021839 -0.369415462 0.0477981567
v -0.228530765 -0.391270399 0.0597279333
v -0.0872021839 -0.369415462 -0.0475867279
v -0.228530765 -0.341834724 -0.108952217
v -0.0872021839 -0.329905242 -0.0870970115
v -0.228530765 -0.222590372 -0.108952217
v -0.0872021839 -0.234520376 -0.0870970041
v -0.228530765 -0.173154727 -0.0595165193
v -0.0872021243 -0.195010334 -0.0475867279
v -0.228530765 -0.173154756 0.0597279444
v -0.0872021243 -0.195010334 0.0477981456
v -0.228530765 -0.222590387 0.10916359
v -0.0872028992 -0.23452045 0.0873079374
v -0.228530765 -0.341834754 0.10916359
v -0.0872028992 -0.329905301 0.0873079449
v -0.228530765 -0.391270399 0.0597279333
v -0.0872021839 -0.369415462 0.0477981567
v -0.0505550057 -0.332768232 -0.147311166
v 0.0505554862 -0.332768232 -0.147311166
v 0.0505554862 -0.231657729 -0.147311106
v -0.0505550057 -0.231657743 -0.147311106
v 0.0872029886 -0.234520644 -0.0870967656
v -0.0476920009 -0.195010453 -0.0870969072
v 0.0476928689 -0.195010453 -0.0870969072
v -0.0872021839 -0.234520376 -0.0870970041
v -0.0872021839 -0.329905242 -0.0870970115
v 0.0872029886 -0.32990551 -0.0870967209
v 0.0476928689 -0.369415671 -0.0870971456
v -0.0476920009 -0.369415671 -0.0870971456
v 0.0761767924 -0.143788025 -0.112394489
v -0.0761761144 -0.113026485 -0.112394489
v -0.0761761144 -0.143788025 -0.112394489
v 0.0761767924 -0.113026485 -0.112394489
v 0.112500347 -0.143788025 -0.0760710314
v 0.112500347 -0.113026485 -0.0760710314
v 0.112500347 -0.143788025 0.0762820691
v 0.112500347 -0.113026485 0.0762820691
v 0.0761767924 -0.113026485 0.112605534
v 0.0761767924 -0.143788025 0.112605534
v -0.0761761144 -0.143788025 0.112605534
v -0.0761761144 -0.113026485 0.112605534
v -0.112499677 -0.143788025 0.0762820691
v -0.112499677 -0.113026485 0.0762820691
v -0.112499677 -0.143788025 -0.0760710314
v -0.112499677 -0.113026485 -0.0760710314
v -0.0761761144 -0.143788025 -0.112394489
v -0.0761761144 -0.113026485 -0.112394489
v 0.0699200034 -0.0933319479 -0.140556633
v -0.0693333149 -0.0640358627 -0.139378026
v -0.0699193254 -0.0933319479 -0.140556633
v 0.069334574 -0.0640358627 -0.139378026
v 0.140662387 -0.0933319479 -0.0698142424
v 0.139484361 -0.0640358627 -0.0692282319
v 0.140662387 -0.0933319479 0.0700252801
v 0.139484361 -0.0640358701 0.069439657
v 0.0699200034 -0.0933319479 0.140767664
v 0.069334574 -0.0640358701 0.139589444
v -0.0699193254 -0.0933319479 0.140767664
v -0.0693333149 -0.0640358701 0.139589444
v -0.14066191 -0.0933319479 0.0700252801
v -0.139482901 -0.0640358701 0.069439657
v -0.14066191 -0.0933319479 -0.0698142424
v -0.139482901 -0.0640358627 -0.0692282319
v -0.0699193254 -0.0933319479 -0.140556633
v -0.0693333149 -0.0640358627 -0.139378026
v -0.109057054 -0.0536818504 -0.0595166199
v -0.0872021243 -0.195010334 0.0477981456
v -0.109057054 -0.0536818504 0.0597279444
v -0.0872021243 -0.195010334 -0.0475867279
v -0.0596215054 -0.0536818504 -0.108952217
v -0.0476920009 -0.195010453 -0.0870969072
v 0.0596229583 -0.0536818504 -0.108952217
v 0.0476928689 -0.195010453 -0.0870969072
v 0.109058514 -0.0536818504 -0.059516523
v 0.0872029886 -0.195010468 -0.0475865342
v 0.109058514 -0.0536818504 0.0597279444
v 0.0872029886 -0.195010468 0.0477983356
v 0.0596229583 -0.0536818504 0.10916359
v 0.0476921611 -0.195010379 0.0873079449
v -0.0596215054 -0.0536818504 0.10916359
v -0.0476927161 -0.195010379 0.0873079449
v -0.109057054 -0.0536818504 0.0597279444
v -0.0872021243 -0.195010334 0.0477981456
v 0.13842532 -0.358389348 -0.112394303
v 0.169186816 -0.206036359 -0.112394102
v 0.13842532 -0.206036404 -0.112394303
v 0.169186816 -0.358389288 -0.112394102
v 0.13842532 -0.394712895 -0.0760708377
v 0.169186816 -0.394712836 -0.076070644
v 0.13842532 -0.394712895 0.0762822479
v 0.169186816 -0.394712836 0.076282464
v 0.169186816 -0.358389288 0.112605914
v 0.13842532 -0.358389348 0.112605721
v 0.13842532 -0.206036404 0.112605721
v 0.169186816 -0.206036359 0.112605914
v 0.13842532 -0.169712901 0.0762822628
v 0.169186816 -0.169712782 0.0762824491
v 0.13842532 -0.169712901 -0.0760708377
v 0.169186816 -0.169712782 -0.076070644
v 0.13842532 -0.206036404 -0.112394303
v 0.169186816 -0.206036359 -0.112394102
v 0.188881338 -0.352132469 -0.140556246
v 0.218177423 -0.212879151 -0.139377624
v 0.188881338 -0.212293148 -0.140556231
v 0.218177423 -0.351547033 -0.139377624
v 0.188881338 -0.422874868 -0.0698138624
v 0.218177423 -0.421696842 -0.0692278445
v 0.188881338 -0.422874868 0.070025675
v 0.218177423 -0.421696842 0.069440037
v 0.188881338 -0.352132469 0.140768051
v 0.218177423 -0.351547033 0.139589816
v 0.188881338 -0.212293148 0.140768051
v 0.218177423 -0.212879151 0.139589816
v 0.188881338 -0.141550571 0.0700256601
v 0.218177423 -0.142729551 0.069440037
v 0.188881338 -0.141550556 -0.069813855
v 0.218177423 -0.142729566 -0.0692278445
v 0.188881338 -0.212293148 -0.140556231
v 0.218177423 -0.212879151 -0.139377624
v 0.22853145 -0.173155412 -0.0595162287
v 0.0872029886 -0.195010468 0.0477983356
v 0.22853145 -0.173155412 0.0597283244
v 0.0872029886 -0.195010468 -0.0475865342
v 0.22853145 -0.222590953 -0.108951822
v 0.0872029886 -0.234520644 -0.0870967656
v 0.22853145 -0.341835409 -0.108951822
v 0.0872029886 -0.32990551 -0.0870967209
v 0.22853145 -0.391270965 -0.0595161319
v 0.087202929 -0.369415611 -0.0475865342
v 0.22853145 -0.391270965 0.0597283356
v 0.087202929 -0.369415611 0.0477983467
v 0.22853145 -0.341835439 0.10916397
v 0.0872022808 -0.32990545 0.0873081386
v 0.22853145 -0.222590953 0.10916397
v 0.0872022808 -0.234520569 0.0873081386
v 0.22853145 -0.173155412 0.0597283244
v 0.0872029886 -0.195010468 0.0477983356
v -0.0761760175 -0.420638084 -0.112394489
v 0.0761769861 -0.451399684 -0.112394489
v 0.0761768445 -0.420638084 -0.112394489
v -0.0761759207 -0.451399684 -0.112394489
v -0.11249958 -0.420638084 -0.0760710314
v -0.112499483 -0.451399684 -0.0760710314
v -0.11249958 -0.420638084 0.0762820616
v -0.112499483 -0.451399684 0.0762820616
v -0.0761759207 -0.451399684 0.112605534
v -0.0761760175 -0.420638084 0.112605534
v 0.0761768892 -0.420638084 0.112605534
v 0.0761769861 -0.451399684 0.112605534
v 0.112500444 -0.420638084 0.0762820616
v 0.112500541 -0.451399684 0.0762820616
v 0.112500444 -0.420638084 -0.0760710314
v 0.112500541 -0.451399684 -0.0760710314
v 0.0761768445 -0.420638084 -0.112394489
v 0.0761769861 -0.451399684 -0.112394489
v -0.0699191317 -0.471094191 -0.140556633
v 0.0693341866 -0.500390291 -0.139378026
v 0.0699201971 -0.471094191 -0.140556633
v -0.0693337023 -0.500390291 -0.139378026
v -0.140661508 -0.471094191 -0.0698142424
v -0.139483482 -0.500390291 -0.0692282394
v -0.140661508 -0.471094191 0.0700252727
v -0.139483482 -0.500390291 0.069439657
v -0.0699191317 -0.471094191 0.140767664
v -0.0693337023 -0.500390291 0.139589459
v 0.0699201971 -0.471094191 0.140767664
v 0.0693341866 -0.500390291 0.139589459
v 0.140662774 -0.471094191 0.0700252727
v 0.13948378 -0.500390291 0.069439657
v 0.140662774 -0.471094191 -0.0698142424
v 0.13948378 -0.500390291 -0.0692282394
v 0.0699201971 -0.471094191 -0.140556633
v 0.0693341866 -0.500390291 -0.139378026
v 0.109057918 -0.510744333 -0.0595166199
v 0.087202929 -0.369415611 0.0477983467
v 0.109057918 -0.510744333 0.0597279333
v 0.087202929 -0.369415611 -0.0475865342
v 0.0596223772 -0.510744333 -0.108952217
v 0.0476928689 -0.369415671 -0.0870971456
v -0.0596220866 -0.510744333 -0.108952217
v -0.0476920009 -0.369415671 -0.0870971456
v -0.109057635 -0.510744333 -0.059516523
v -0.0872021839 -0.369415462 -0.0475867279
v -0.109057635 -0.510744333 0.0597279333
v -0.0872021839 -0.369415462 0.0477981567
v -0.0596220866 -0.510744333 0.10916359
v -0.0476927757 -0.369415551 0.0873079449
v 0.0596223772 -0.510744333 0.10916359
v 0.0476921611 -0.369415551 0.0873079449
v 0.109057918 -0.510744333 0.0597279333
v 0.087202929 -0.369415611 0.0477983467
v -0.112500839 -0.206036493 0.13853021
v -0.112502001 -0.358389437 0.169291303
v -0.112500839 -0.358389437 0.13853021
v -0.112502001 -0.206036493 0.169291303
v -0.0761766955 -0.169712976 0.138530403
v -0.076178439 -0.169712976 0.169291303
v 0.076175727 -0.169712976 0.13853021
v 0.0761746615 -0.169712976 0.169291303
v 0.112498224 -0.206036493 0.169291303
v 0.112499282 -0.206036493 0.13853021
v 0.112499282 -0.358389437 0.13853021
v 0.112498224 -0.358389437 0.169291303
v 0.076175727 -0.394713014 0.13853021
v 0.0761746615 -0.394713014 0.169291303
v -0.0761772767 -0.394713014 0.13853021
v -0.076178439 -0.394713014 0.169291303
v -0.112500839 -0.358389437 0.13853021
v -0.112502001 -0.358389437 0.169291303
v -0.140664041 -0.212293282 0.188985839
v -0.139485419 -0.351546556 0.218281925
v -0.140664041 -0.352132648 0.188985854
v -0.139485419 -0.212878674 0.218281925
v -0.06992165 -0.141550884 0.188985854
v -0.0693356395 -0.14272894 0.218281925
v 0.0699178725 -0.141550884 0.188985854
v 0.0693322495 -0.14272894 0.218281925
v 0.140660256 -0.212293282 0.188985839
v 0.139482036 -0.212878674 0.218281925
v 0.140660256 -0.352132648 0.188985854
v 0.139482036 -0.351546556 0.218281925
v 0.0699178725 -0.422875166 0.188985854
v 0.0693322495 -0.421696246 0.218281925
v -0.06992165 -0.422875166 0.188985854
v -0.0693356395 -0.421696246 0.218281925
v -0.140664041 -0.352132648 0.188985854
v -0.139485419 -0.351546556 0.218281925
v -0.0596240237 -0.391270399 0.228635937
v 0.0476921611 -0.369415551 0.0873079449
v 0.0596204363 -0.391270399 0.228635937
v -0.0476927757 -0.369415551 0.0873079449
v -0.109059572 -0.341834754 0.228635937
v -0.0872028992 -0.329905301 0.0873079449
v -0.109059572 -0.222590372 0.228635937
v -0.0872028992 -0.23452045 0.0873079374
v -0.05962383 -0.173154756 0.228635937
v -0.0476927161 -0.195010379 0.0873079449
v 0.0596204363 -0.173154756 0.228635937
v 0.0476921611 -0.195010379 0.0873079449
v 0.109056182 -0.222590387 0.228635937
v 0.0872022808 -0.234520569 0.0873081386
v 0.109056182 -0.341834754 0.228635937
v 0.0872022808 -0.32990545 0.0873081386
v 0.0596204363 -0.391270399 0.228635937
v 0.0476921611 -0.369415551 0.0873079449
v 0.0761767924 -0.394713014 -0.138319463
v 0.0505554862 -0.332768232 -0.147311166
v -0.0505550057 -0.332768232 -0.147311166
v -0.0761761144 -0.394713014 -0.138319463
v -0.112499677 -0.358389467 -0.138319463
v -0.0505550057 -0.332768232 -0.147311166
v -0.0505550057 -0.231657743 -0.147311106
v -0.112499677 -0.206036463 -0.138319463
v -0.0761761144 -0.169712991 -0.138319463
v -0.0505550057 -0.231657743 -0.147311106
v 0.0505554862 -0.231657729 -0.147311106
v 0.0761767924 -0.169712991 -0.138319463
v 0.112500153 -0.206036538 -0.138319418
v 0.0505554862 -0.231657729 -0.147311106
v 0.0505554862 -0.332768232 -0.147311166
v 0.112500347 -0.358389467 -0.138319463
v 0.05766223 -0.407156885 0.499999374
v 0.05766242 -0.407181412 0.218749151
v -0.0576623231 -0.407181621 0.218748361
v -0.0576625131 -0.407157063 0.499998629
v -0.125906214 -0.338936985 0.218748376
v -0.125906795 -0.338912398 0.499998629
v 0.125906497 -0.338912487 0.499999374
v 0.125906706 -0.338937104 0.218749136
v 0.05766242 -0.407181412 0.218749151
v 0.05766223 -0.407156885 0.499999374
v 0.125906706 -0.223587319 0.499998659
v 0.1259069 -0.223611936 0.218748376
v 0.125906706 -0.338937104 0.218749136
v 0.125906497 -0.338912487 0.499999374
v 0.05766261 -0.155342892 0.499997854
v 0.1259069 -0.223611936 0.218748376
v 0.125906706 -0.223587319 0.499998659
v 0.0576628111 -0.155367509 0.218747586
v -0.0576627105 -0.155342892 0.499998629
v -0.0576625131 -0.155367509 0.218748376
v -0.125906795 -0.223587796 0.499998659
v -0.125906214 -0.223612398 0.218748376
v -0.125906795 -0.338912398 0.499998629
v -0.125906214 -0.338936985 0.218748376
v -0.125906214 -0.223612398 0.218748376
v -0.125906795 -0.223587796 0.499998659
v -0.0942438096 -0.324411333 0.499998629
v -0.0943100899 -0.324464411 0.218748361
v -0.0431924723 -0.37558037 0.218748361
v -0.0431620441 -0.375493765 0.499998689
v 0.0431921743 -0.375580043 0.218748361
v 0.0431615636 -0.375493497 0.499998629
v 0.0943103805 -0.3244645 0.218748361
v 0.0942439064 -0.324411452 0.499998629
v -0.0942434222 -0.238088533 0.499999374
v -0.0943096876 -0.238084629 0.218749136
v -0.0943100899 -0.324464411 0.218748361
v -0.0942438096 -0.324411333 0.499998629
v -0.0431616567 -0.187006354 0.499999374
v -0.0943096876 -0.238084629 0.218749136
v -0.0942434222 -0.238088533 0.499999374
v -0.0431920812 -0.186968878 0.218749136
v 0.0431609824 -0.187006563 0.499998629
v 0.0431915931 -0.186969072 0.218748376
v 0.0942439064 -0.238088608 0.499997854
v 0.0943103805 -0.238084748 0.218747586
v 0.0942439064 -0.324411452 0.499998629
v 0.0943103805 -0.3244645 0.218748361
v 0.0943103805 -0.238084748 0.218747586
v 0.0942439064 -0.238088608 0.499997854
v -0.499999464 -0.338912576 -0.125908107
v -0.218750358 -0.407181531 -0.0576624684
v -0.218749583 -0.338937223 -0.125908107
v -0.500000238 -0.407156974 -0.0576624684
v -0.218750358 -0.407181531 0.0576614924
v -0.499999464 -0.407156974 0.0576613024
v -0.218751132 -0.338936716 0.125905782
v -0.500000238 -0.338912129 0.125905782
v -0.499998689 -0.223587409 -0.125907913
v -0.499999464 -0.338912576 -0.125908107
v -0.218749583 -0.338937223 -0.125908107
v -0.218748808 -0.22361201 -0.125907913
v -0.499998689 -0.155343026 -0.0576634333
v -0.499998689 -0.223587409 -0.125907913
v -0.218748808 -0.22361201 -0.125907913
v -0.218748808 -0.155367702 -0.0576634333
v -0.499998689 -0.155343026 0.0576614924
v -0.218749583 -0.155367702 0.0576616935
v -0.499999464 -0.223587602 0.125906155
v -0.218750358 -0.223612234 0.125906155
v -0.500000238 -0.338912129 0.125905782
v -0.499999464 -0.223587602 0.125906155
v -0.218750358 -0.223612234 0.125906155
v -0.218751132 -0.338936716 0.125905782
v -0.499999464 -0.324525476 0.0944918022
v -0.218749583 -0.375705183 0.0432441719
v -0.218749583 -0.324521542 0.0944255218
v -0.499999464 -0.375742584 0.0432745926
v -0.218749583 -0.375705242 -0.0432459041
v -0.499999464 -0.375742704 -0.0432763286
v -0.218749583 -0.321775615 -0.0944274664
v -0.499999464 -0.321779519 -0.0944937468
v -0.499999464 -0.237974182 0.0944916159
v -0.499999464 -0.324525476 0.0944918022
v -0.218749583 -0.324521542 0.0944255218
v -0.218749583 -0.238027319 0.0944253355
v -0.499999464 -0.192754328 0.0432743914
v -0.499999464 -0.237974182 0.0944916159
v -0.218749583 -0.238027319 0.0944253355
v -0.218749583 -0.192841023 0.0432439707
v -0.499999464 -0.192754328 -0.0432765223
v -0.218749583 -0.192841023 -0.0432460979
v -0.499999464 -0.240721196 -0.0944937468
v -0.218749583 -0.240774333 -0.0944274664
v -0.499999464 -0.321779519 -0.0944937468
v -0.499999464 -0.240721196 -0.0944937468
v -0.218749583 -0.240774333 -0.0944274664
v -0.218749583 -0.321775615 -0.0944274664
v 0.500000715 -0.407156855 -0.0576630495
v 0.218750447 -0.407181412 -0.0576632395
v 0.218749687 -0.407181621 0.0576614924
v 0.49999994 -0.407157063 0.0576616861
v 0.218749687 -0.338936985 0.125905395
v 0.49999994 -0.338912427 0.125905976
v 0.500000715 -0.338912487 -0.125907332
v 0.218750447 -0.338937104 -0.125907525
v 0.218750447 -0.407181412 -0.0576632395
v 0.500000715 -0.407156855 -0.0576630495
v 0.49999994 -0.223587319 -0.125907525
v 0.218749687 -0.223611921 -0.125907719
v 0.218750447 -0.338937104 -0.125907525
v 0.500000715 -0.338912487 -0.125907332
v 0.499999136 -0.155342877 -0.0576634333
v 0.218749687 -0.223611921 -0.125907719
v 0.49999994 -0.223587319 -0.125907525
v 0.218748882 -0.155367509 -0.0576636307
v 0.49999994 -0.155342892 0.0576618835
v 0.218749687 -0.155367494 0.0576616935
v 0.49999994 -0.223587796 0.125905976
v 0.218749687 -0.223612413 0.125905395
v 0.49999994 -0.338912427 0.125905976
v 0.218749687 -0.338936985 0.125905395
v 0.218749687 -0.223612413 0.125905395
v 0.49999994 -0.223587796 0.125905976
v 0.49999994 -0.324411333 0.09424299
v 0.218749687 -0.324464411 0.094309248
v 0.218749687 -0.37558037 0.0431916416
v 0.49999994 -0.375493795 0.0431612208
v 0.218749687 -0.375580043 -0.043193005
v 0.49999994 -0.375493497 -0.0431623831
v 0.218749687 -0.3244645 -0.0943112001
v 0.49999994 -0.324411422 -0.094244726
v 0.500000715 -0.238088503 0.0942425877
v 0.218750447 -0.238084629 0.0943088681
v 0.218749687 -0.324464411 0.094309248
v 0.49999994 -0.324411333 0.09424299
v 0.500000715 -0.187006354 0.0431608371
v 0.218750447 -0.238084629 0.0943088681
v 0.500000715 -0.238088503 0.0942425877
v 0.218750447 -0.186968863 0.0431912616
v 0.49999994 -0.187006563 -0.043161802
v 0.218749687 -0.186969072 -0.0431924239
v 0.499999136 -0.238088608 -0.094244726
v 0.218748882 -0.238084733 -0.0943112001
v 0.49999994 -0.324411422 -0.094244726
v 0.218749687 -0.3244645 -0.0943112001
v 0.218748882 -0.238084733 -0.0943112001
v 0.499999136 -0.238088608 -0.094244726
v 0.125524268 0.500000477 -0.057663057
v 0.125548825 -0.0628826395 -0.0576632395
v 0.125549018 -0.0628834218 0.0576614924
v 0.125524461 0.499999672 0.0576616935
v 0.057304401 -0.0628834218 0.125905395
v 0.0572797842 0.499999672 0.125905976
v 0.0572798811 0.500000477 -0.125907317
v 0.0573044941 -0.0628826395 -0.125907525
v 0.125548825 -0.0628826395 -0.0576632395
v 0.125524268 0.500000477 -0.057663057
v -0.0580452904 0.499999672 -0.125907511
v -0.0580206811 -0.0628834143 -0.125907719
v 0.0573044941 -0.0628826395 -0.125907525
v 0.0572798811 0.500000477 -0.125907317
v -0.126289725 0.499998927 -0.0576634407
v -0.0580206811 -0.0628834143 -0.125907719
v -0.0580452904 0.499999672 -0.125907511
v -0.126265109 -0.0628841966 -0.0576636307
v -0.126289725 0.499999672 0.0576618835
v -0.126265109 -0.0628834218 0.0576616935
v -0.0580448098 0.499999672 0.125905976
v -0.0580202006 -0.0628834218 0.125905395
v 0.0572797842 0.499999672 0.125905976
v 0.057304401 -0.0628834218 0.125905395
v -0.0580202006 -0.0628834218 0.125905395
v -0.0580448098 0.499999672 0.125905976
v 0.0427787341 0.499999672 0.09424299
v 0.0428317823 -0.0628834218 0.0943092629
v 0.0939477533 -0.0628834218 0.0431916453
v 0.0938611776 0.499999672 0.0431612208
v 0.0939474627 -0.0628834218 -0.0431930013
v 0.0938608944 0.499999672 -0.0431623831
v 0.0428318791 -0.0628834143 -0.0943112001
v 0.0427788347 0.499999672 -0.094244726
v -0.043544095 0.500000477 0.0942426026
v -0.043547973 -0.0628826395 0.0943088681
v 0.0428317823 -0.0628834218 0.0943092629
v 0.0427787341 0.499999672 0.09424299
v -0.0946262553 0.500000477 0.0431608371
v -0.043547973 -0.0628826395 0.0943088681
v -0.043544095 0.500000477 0.0942426026
v -0.0946637541 -0.0628826395 0.0431912616
v -0.0946260542 0.499999672 -0.0431618094
v -0.0946635529 -0.0628834218 -0.0431924202
v -0.0435439944 0.499998927 -0.094244726
v -0.0435478762 -0.0628841966 -0.0943112001
v 0.0427788347 0.499999672 -0.094244726
v 0.0428318791 -0.0628834143 -0.0943112001
v -0.0435478762 -0.0628841966 -0.0943112001
v -0.0435439944 0.499998927 -0.094244726
v -0.100391693 -0.181820825 0.100497641
v -0.138424635 -0.169712976 0.0762820691
v -0.112499677 -0.143788025 0.0762820691
v -0.138424635 -0.206036463 0.11260552
v -0.0761761144 -0.143788025 0.112605534
v -0.112500839 -0.206036493 0.13853021
v -0.0761766955 -0.169712976 0.138530403
v -0.138424635 -0.394713014 0.0762820616
v -0.138424635 -0.358389437 0.112605534
v -0.100391693 -0.382605225 0.100497641
v -0.11249958 -0.420638084 0.0762820616
v -0.112500839 -0.358389437 0.13853021
v -0.0761760175 -0.420638084 0.112605534
v -0.0761772767 -0.394713014 0.13853021
v -0.138424635 -0.358389467 -0.112394489
v -0.138424635 -0.394713014 -0.0760710314
v -0.100391693 -0.382605195 -0.100286655
v -0.112499677 -0.358389467 -0.138319463
v -0.11249958 -0.420638084 -0.0760710314
v -0.0761761144 -0.394713014 -0.138319463
v -0.0761760175 -0.420638084 -0.112394489
v 0.076175727 -0.394713014 0.13853021
v 0.112499282 -0.358389437 0.13853021
v 0.100392759 -0.382605225 0.100497738
v 0.0761768892 -0.420638084 0.112605534
v 0.13842532 -0.358389348 0.112605721
v 0.112500444 -0.420638084 0.0762820616
v 0.13842532 -0.394712895 0.0762822479
v 0.13842532 -0.206036404 -0.112394303
v 0.100392759 -0.181820825 -0.100286655
v 0.112500153 -0.206036538 -0.138319418
v 0.13842532 -0.169712901 -0.0760708377
v 0.0761767924 -0.169712991 -0.138319463
v 0.112500347 -0.143788025 -0.0760710314
v 0.0761767924 -0.143788025 -0.112394489
v -0.500000238 -0.338912129 0.125905782
v -0.499999464 -0.237974182 0.0944916159
v -0.499999464 -0.223587602 0.125906155
v -0.499999464 -0.324525476 0.0944918022
v -0.499999464 -0.192754328 0.0432743914
v -0.499999464 -0.407156974 0.0576613024
v -0.499998689 -0.155343026 0.0576614924
v -0.499999464 -0.375742584 0.0432745926
v -0.499999464 -0.192754328 -0.0432765223
v -0.500000238 -0.407156974 -0.0576624684
v -0.499998689 -0.155343026 -0.0576634333
v -0.499999464 -0.375742704 -0.0432763286
v -0.499999464 -0.240721196 -0.0944937468
v -0.499999464 -0.338912576 -0.125908107
v -0.499998689 -0.223587409 -0.125907913
v -0.499999464 -0.321779519 -0.0944937468
v -0.139485419 -0.212878674 0.218281925
v -0.109059572 -0.341834754 0.228635937
v -0.139485419 -0.351546556 0.218281925
v -0.109059572 -0.222590372 0.228635937
v -0.0596240237 -0.391270399 0.228635937
v -0.0693356395 -0.14272894 0.218281925
v -0.0693356395 -0.421696246 0.218281925
v -0.05962383 -0.173154756 0.228635937
v 0.0596204363 -0.391270399 0.228635937
v 0.0693322495 -0.14272894 0.218281925
v 0.0693322495 -0.421696246 0.218281925
v 0.0596204363 -0.173154756 0.228635937
v 0.109056182 -0.341834754 0.228635937
v 0.139482036 -0.212878674 0.218281925
v 0.139482036 -0.351546556 0.218281925
v 0.109056182 -0.222590387 0.228635937
v -0.112502001 -0.206036493 0.169291303
v -0.140664041 -0.352132648 0.188985854
v -0.112502001 -0.358389437 0.169291303
v -0.140664041 -0.212293282 0.188985839
v -0.06992165 -0.422875166 0.188985854
v -0.076178439 -0.169712976 0.169291303
v -0.076178439 -0.394713014 0.169291303
v -0.06992165 -0.141550884 0.188985854
v 0.0699178725 -0.422875166 0.188985854
v 0.0761746615 -0.169712976 0.169291303
v 0.0761746615 -0.394713014 0.169291303
v 0.0699178725 -0.141550884 0.188985854
v 0.140660256 -0.352132648 0.188985854
v 0.112498224 -0.206036493 0.169291303
v 0.112498224 -0.358389437 0.169291303
v 0.140660256 -0.212293282 0.188985839
v -0.0693337023 -0.500390291 -0.139378026
v 0.0596223772 -0.510744333 -0.108952217
v 0.0693341866 -0.500390291 -0.139378026
v -0.0596220866 -0.510744333 -0.108952217
v 0.109057918 -0.510744333 -0.0595166199
v -0.139483482 -0.500390291 -0.0692282394
v 0.13948378 -0.500390291 -0.0692282394
v -0.109057635 -0.510744333 -0.059516523
v 0.109057918 -0.510744333 0.0597279333
v -0.139483482 -0.500390291 0.069439657
v 0.13948378 -0.500390291 0.069439657
v -0.109057635 -0.510744333 0.0597279333
v 0.0596223772 -0.510744333 0.10916359
v -0.0693337023 -0.500390291 0.139589459
v 0.0693341866 -0.500390291 0.139589459
v -0.0596220866 -0.510744333 0.10916359
v -0.0761759207 -0.451399684 -0.112394489
v 0.0699201971 -0.471094191 -0.140556633
v 0.0761769861 -0.451399684 -0.112394489
v -0.0699191317 -0.471094191 -0.140556633
v 0.140662774 -0.471094191 -0.0698142424
v -0.112499483 -0.451399684 -0.0760710314
v 0.112500541 -0.451399684 -0.0760710314
v -0.140661508 -0.471094191 -0.0698142424
v 0.140662774 -0.471094191 0.0700252727
v -0.112499483 -0.451399684 0.0762820616
v 0.112500541 -0.451399684 0.0762820616
v -0.140661508 -0.471094191 0.0700252727
v 0.0699201971 -0.471094191 0.140767664
v -0.0761759207 -0.451399684 0.112605534
v 0.0761769861 -0.451399684 0.112605534
v -0.0699191317 -0.471094191 0.140767664
v 0.218177423 -0.351547033 -0.139377624
v 0.22853145 -0.222590953 -0.108951822
v 0.218177423 -0.212879151 -0.139377624
v 0.22853145 -0.341835409 -0.108951822
v 0.22853145 -0.173155412 -0.0595162287
v 0.218177423 -0.421696842 -0.0692278445
v 0.218177423 -0.142729566 -0.0692278445
v 0.22853145 -0.391270965 -0.0595161319
v 0.22853145 -0.173155412 0.0597283244
v 0.218177423 -0.421696842 0.069440037
v 0.218177423 -0.142729551 0.069440037
v 0.22853145 -0.391270965 0.0597283356
v 0.22853145 -0.222590953 0.10916397
v 0.218177423 -0.351547033 0.139589816
v 0.218177423 -0.212879151 0.139589816
v 0.22853145 -0.341835439 0.10916397
v 0.169186816 -0.358389288 -0.112394102
v 0.188881338 -0.212293148 -0.140556231
v 0.169186816 -0.206036359 -0.112394102
v 0.188881338 -0.352132469 -0.140556246
v 0.188881338 -0.141550556 -0.069813855
v 0.169186816 -0.394712836 -0.076070644
v 0.169186816 -0.169712782 -0.076070644
v 0.188881338 -0.422874868 -0.0698138624
v 0.188881338 -0.141550571 0.0700256601
v 0.169186816 -0.394712836 0.076282464
v 0.169186816 -0.169712782 0.0762824491
v 0.188881338 -0.422874868 0.070025675
v 0.188881338 -0.212293148 0.140768051
v 0.169186816 -0.358389288 0.112605914
v 0.169186816 -0.206036359 0.112605914
v 0.188881338 -0.352132469 0.140768051
v 0.069334574 -0.0640358627 -0.139378026
v -0.0596215054 -0.0536818504 -0.108952217
v -0.0693333149 -0.0640358627 -0.139378026
v 0.0596229583 -0.0536818504 -0.108952217
v -0.109057054 -0.0536818504 -0.0595166199
v 0.139484361 -0.0640358627 -0.0692282319
v -0.139482901 -0.0640358627 -0.0692282319
v 0.109058514 -0.0536818504 -0.059516523
v -0.109057054 -0.0536818504 0.0597279444
v 0.139484361 -0.0640358701 0.069439657
v -0.139482901 -0.0640358701 0.069439657
v 0.109058514 -0.0536818504 0.0597279444
v -0.0596215054 -0.0536818504 0.10916359
v 0.069334574 -0.0640358701 0.139589444
v -0.0693333149 -0.0640358701 0.139589444
v 0.0596229583 -0.0536818504 0.10916359
v 0.0761767924 -0.113026485 -0.112394489
v -0.0699193254 -0.0933319479 -0.140556633
v -0.0761761144 -0.113026485 -0.112394489
v 0.0699200034 -0.0933319479 -0.140556633
v -0.14066191 -0.0933319479 -0.0698142424
v 0.112500347 -0.113026485 -0.0760710314
v -0.112499677 -0.113026485 -0.0760710314
v 0.140662387 -0.0933319479 -0.0698142424
v -0.14066191 -0.0933319479 0.0700252801
v 0.112500347 -0.113026485 0.0762820691
v -0.112499677 -0.113026485 0.0762820691
v 0.140662387 -0.0933319479 0.0700252801
v -0.0699193254 -0.0933319479 0.140767664
v 0.0761767924 -0.113026485 0.112605534
v -0.0761761144 -0.113026485 0.112605534
v 0.0699200034 -0.0933319479 0.140767664
v -0.218176737 -0.212878704 -0.139378026
v -0.228530765 -0.341834724 -0.108952217
v -0.218176737 -0.351546556 -0.139378026
v -0.228530765 -0.222590372 -0.108952217
v -0.228530765 -0.391270399 -0.0595166199
v -0.218176737 -0.14272894 -0.0692282319
v -0.218176737 -0.421696246 -0.0692282394
v -0.228530765 -0.173154727 -0.0595165193
v -0.228530765 -0.391270399 0.0597279333
v -0.218176737 -0.142728925 0.069439657
v -0.218176737 -0.421696246 0.069439657
v -0.228530765 -0.173154756 0.0597279444
v -0.228530765 -0.341834754 0.10916359
v -0.218176737 -0.212878674 0.139589444
v -0.218176737 -0.351546556 0.139589444
v -0.228530765 -0.222590387 0.10916359
v -0.16918613 -0.206036463 -0.112394489
v -0.188880667 -0.352132678 -0.140556633
v -0.16918613 -0.358389467 -0.112394489
v -0.188880667 -0.212293297 -0.140556633
v -0.188880667 -0.422875166 -0.0698142424
v -0.16918613 -0.169712991 -0.0760710314
v -0.16918613 -0.394713014 -0.0760710314
v -0.188880667 -0.141550884 -0.0698142499
v -0.188880667 -0.422875166 0.0700252727
v -0.16918613 -0.169712976 0.0762820691
v -0.16918613 -0.394713014 0.0762820616
v -0.188880667 -0.141550884 0.0700252801
v -0.188880667 -0.352132648 0.140767664
v -0.16918613 -0.206036463 0.11260552
v -0.16918613 -0.358389437 0.112605534
v -0.188880667 -0.212293282 0.140767664
v -0.0580448098 0.499999672 0.125905976
v -0.043544095 0.500000477 0.0942426026
v 0.0427787341 0.499999672 0.09424299
v 0.0572797842 0.499999672 0.125905976
v -0.126289725 0.499999672 0.0576618835
v 0.0938611776 0.499999672 0.0431612208
v -0.0946262553 0.500000477 0.0431608371
v 0.125524461 0.499999672 0.0576616935
v -0.126289725 0.499998927 -0.0576634407
v 0.0938608944 0.499999672 -0.0431623831
v -0.0946260542 0.499999672 -0.0431618094
v 0.125524268 0.500000477 -0.057663057
v -0.0580452904 0.499999672 -0.125907511
v 0.0427788347 0.499999672 -0.094244726
v -0.0435439944 0.499998927 -0.094244726
v 0.0572798811 0.500000477 -0.125907317
v 0.49999994 -0.223587796 0.125905976
v 0.500000715 -0.238088503 0.0942425877
v 0.49999994 -0.324411333 0.09424299
v 0.49999994 -0.338912427 0.125905976
v 0.49999994 -0.155342892 0.0576618835
v 0.49999994 -0.375493795 0.0431612208
v 0.500000715 -0.187006354 0.0431608371
v 0.49999994 -0.407157063 0.0576616861
v 0.499999136 -0.155342877 -0.0576634333
v 0.49999994 -0.375493497 -0.0431623831
v 0.49999994 -0.187006563 -0.043161802
v 0.500000715 -0.407156855 -0.0576630495
v 0.49999994 -0.223587319 -0.125907525
v 0.49999994 -0.324411422 -0.094244726
v 0.499999136 -0.238088608 -0.094244726
v 0.500000715 -0.338912487 -0.125907332
v -0.125906795 -0.223587796 0.499998659
v -0.0942434222 -0.238088533 0.499999374
v -0.0942438096 -0.324411333 0.499998629
v -0.125906795 -0.338912398 0.499998629
v -0.0576627105 -0.155342892 0.499998629
v -0.0431620441 -0.375493765 0.499998689
v -0.0431616567 -0.187006354 0.499999374
v -0.0576625131 -0.407157063 0.499998629
v 0.05766261 -0.155342892 0.499997854
v 0.0431615636 -0.375493497 0.499998629
v 0.0431609824 -0.187006563 0.499998629
v 0.05766223 -0.407156885 0.499999374
v 0.125906706 -0.223587319 0.499998659
v 0.0942439064 -0.324411452 0.499998629
v 0.0942439064 -0.238088608 0.499997854
v 0.125906497 -0.338912487 0.499999374
vt 0.303610355 0.557493865
vt 0.289743423 0.557493806
vt 0.303610355 0.543626904
vt 0.28974247 0.557508826
vt 0.303609401 0.543641865
vt 0.303609401 0.557508826
vt 0.303610295 0.543641925
vt 0.289743364 0.557508826
vt 0.303610295 0.557508886
vt 0.303609401 0.557493746
vt 0.303609401 0.543626785
vt 0.28974247 0.557493746
vt 0.303610355 0.543626785
vt 0.303610355 0.557493746
vt 0.289743364 0.557493746
vt 0.289743364 0.557508826
vt 0.303610295 0.557508826
vt 0.303610295 0.543641865
vt 0.303609401 0.543641865
vt 0.303609401 0.557508886
vt 0.289742351 0.557508826
vt 0.289743423 0.557508886
vt 0.303610355 0.557508826
vt 0.303610355 0.543641865
vt 0.194534019 0.521521568
vt 0.201188356 0.537650406
vt 0.185059592 0.530996025
vt 0.185059592 0.570734799
vt 0.201188356 0.564080477
vt 0.194534019 0.580209196
vt 0.234272793 0.580209196
vt 0.227618396 0.564080477
vt 0.243747205 0.570734799
vt 0.243747279 0.530996025
vt 0.22761853 0.537650406
vt 0.234272793 0.521521568
vt 0.368281573 0.491155148
vt 0.411386162 0.500348091
vt 0.411386162 0.491155148
vt 0.368281573 0.500348091
vt 0.354508102 0.491155148
vt 0.354508102 0.500348091
vt 0.311403632 0.491155148
vt 0.311403632 0.500348091
vt 0.297630072 0.500348091
vt 0.297630072 0.491155148
vt 0.254525572 0.491155148
vt 0.254525572 0.500348091
vt 0.24075219 0.491155148
vt 0.24075219 0.500348091
vt 0.197647512 0.491155148
vt 0.197647512 0.500348091
vt 0.183874145 0.491155148
vt 0.183874145 0.500348091
vt 0.35181424 0.574387252
vt 0.351812482 0.512232006
vt 0.341238648 0.512237966
vt 0.341238707 0.574387252
vt 0.35181424 0.574387252
vt 0.351812482 0.512232006
vt 0.341238648 0.512237966
vt 0.341238707 0.574387252
vt 0.35181424 0.574387252
vt 0.351812482 0.512232006
vt 0.341238648 0.512237966
vt 0.341238707 0.574387252
vt 0.35181424 0.574387252
vt 0.351812482 0.512232006
vt 0.341238648 0.512237966
vt 0.341238707 0.574387252
vt 0.341238648 0.512237966
vt 0.341238707 0.574387252
vt 0.35181424 0.574387252
vt 0.351812482 0.512232006
vt 0.341238588 0.512238503
vt 0.341238707 0.574387252
vt 0.35181424 0.574387252
vt 0.351811528 0.512241721
vt 0.341238767 0.512238622
vt 0.341238707 0.574387252
vt 0.35181424 0.574387252
vt 0.351816326 0.512244642
vt 0.341238767 0.512238204
vt 0.341238707 0.574387252
vt 0.35181424 0.574387252
vt 0.351816684 0.512235701
vt 0.351815194 0.574401379
vt 0.351811528 0.512241721
vt 0.341238588 0.512238503
vt 0.341217428 0.574401379
vt 0.346516341 0.58457464
vt 0.333793223 0.585203469
vt 0.359239519 0.585203469
vt 0.339092016 0.594105422
vt 0.353940427 0.594105422
vt 0.341238588 0.512238503
vt 0.341238707 0.574387252
vt 0.35181424 0.574387252
vt 0.351811528 0.512241721
vt 0.351820976 0.574407101
vt 0.351816684 0.512235701
vt 0.341238767 0.512238204
vt 0.34122327 0.57440722
vt 0.346522063 0.584580362
vt 0.333798856 0.58520925
vt 0.359245121 0.58520925
vt 0.339097708 0.594111264
vt 0.353946149 0.594111264
vt 0.351830453 0.574397564
vt 0.351811528 0.512241721
vt 0.341238588 0.512238503
vt 0.341232687 0.574397624
vt 0.346531421 0.584570944
vt 0.333808362 0.585199714
vt 0.359254688 0.585199714
vt 0.339107394 0.594101608
vt 0.353955775 0.594101608
vt 0.373407066 0.501248002
vt 0.406814426 0.510002971
vt 0.406814545 0.501248002
vt 0.373406947 0.510002971
vt 0.349936515 0.501248002
vt 0.349936336 0.510002971
vt 0.316529006 0.501248002
vt 0.316529006 0.510002971
vt 0.293058574 0.501248002
vt 0.293058574 0.510002971
vt 0.259651124 0.501248002
vt 0.259651244 0.510002971
vt 0.236180514 0.501248002
vt 0.236180589 0.510002971
vt 0.202773035 0.501248002
vt 0.202773035 0.510002971
vt 0.179302529 0.501248002
vt 0.179302394 0.510002971
vt 0.152341053 0.497526556
vt 0.182130128 0.492455095
vt 0.161560729 0.479605764
vt 0.174755573 0.506789386
vt 0.14836669 0.508656621
vt 0.171579778 0.515681386
vt 0.144152626 0.528369009
vt 0.168209895 0.531442225
vt 0.143230125 0.540147841
vt 0.167473018 0.54085964
vt 0.144305274 0.560265779
vt 0.168332502 0.556965053
vt 0.146478698 0.571876228
vt 0.170070559 0.566251397
vt 0.152762696 0.591022849
vt 0.17509748 0.581569314
vt 0.157894179 0.601665556
vt 0.179198623 0.59007591
vt 0.201188356 0.537650406
vt 0.22761853 0.537650406
vt 0.227618396 0.564080477
vt 0.201188356 0.564080477
vt 0.322065234 0.565958321
vt 0.282595873 0.57751894
vt 0.310504973 0.57751894
vt 0.271035403 0.5659585
vt 0.271035403 0.538049519
vt 0.322065234 0.538049459
vt 0.310504973 0.526489079
vt 0.282595873 0.526489139
vt 0.368281573 0.491155148
vt 0.411386162 0.500348091
vt 0.411386162 0.491155148
vt 0.368281573 0.500348091
vt 0.354508102 0.491155148
vt 0.354508102 0.500348091
vt 0.311403632 0.491155148
vt 0.311403632 0.500348091
vt 0.297630072 0.500348091
vt 0.297630072 0.491155148
vt 0.254525572 0.491155148
vt 0.254525572 0.500348091
vt 0.24075219 0.491155148
vt 0.24075219 0.500348091
vt 0.197647512 0.491155148
vt 0.197647512 0.500348091
vt 0.183874145 0.491155148
vt 0.183874145 0.500348091
vt 0.373407066 0.501248002
vt 0.406814426 0.510002971
vt 0.406814545 0.501248002
vt 0.373406947 0.510002971
vt 0.349936515 0.501248002
vt 0.349936336 0.510002971
vt 0.316529006 0.501248002
vt 0.316529006 0.510002971
vt 0.293058574 0.501248002
vt 0.293058574 0.510002971
vt 0.259651124 0.501248002
vt 0.259651244 0.510002971
vt 0.236180514 0.501248002
vt 0.236180589 0.510002971
vt 0.202773035 0.501248002
vt 0.202773035 0.510002971
vt 0.179302529 0.501248002
vt 0.179302394 0.510002971
vt 0.152341053 0.497526556
vt 0.182130128 0.492455095
vt 0.161560729 0.479605764
vt 0.174755573 0.506789386
vt 0.14836669 0.508656621
vt 0.171579778 0.515681386
vt 0.144152626 0.528369009
vt 0.168209895 0.531442225
vt 0.143230125 0.540147841
vt 0.167473018 0.54085964
vt 0.144305274 0.560265779
vt 0.168332502 0.556965053
vt 0.146478698 0.571876228
vt 0.170070559 0.566251397
vt 0.152762696 0.591022849
vt 0.17509748 0.581569314
vt 0.157894179 0.601665556
vt 0.179198623 0.59007591
vt 0.368281573 0.491155148
vt 0.411386162 0.500348091
vt 0.411386162 0.491155148
vt 0.368281573 0.500348091
vt 0.354508102 0.491155148
vt 0.354508102 0.500348091
vt 0.311403632 0.491155148
vt 0.311403632 0.500348091
vt 0.297630072 0.500348091
vt 0.297630072 0.491155148
vt 0.254525572 0.491155148
vt 0.254525572 0.500348091
vt 0.24075219 0.491155148
vt 0.24075219 0.500348091
vt 0.197647512 0.491155148
vt 0.197647512 0.500348091
vt 0.183874145 0.491155148
vt 0.183874145 0.500348091
vt 0.373407066 0.501248002
vt 0.406814426 0.510002971
vt 0.406814545 0.501248002
vt 0.373406947 0.510002971
vt 0.349936515 0.501248002
vt 0.349936336 0.510002971
vt 0.316529006 0.501248002
vt 0.316529006 0.510002971
vt 0.293058574 0.501248002
vt 0.293058574 0.510002971
vt 0.259651124 0.501248002
vt 0.259651244 0.510002971
vt 0.236180514 0.501248002
vt 0.236180589 0.510002971
vt 0.202773035 0.501248002
vt 0.202773035 0.510002971
vt 0.179302529 0.501248002
vt 0.179302394 0.510002971
vt 0.152341053 0.497526556
vt 0.182130128 0.492455095
vt 0.161560729 0.479605764
vt 0.174755573 0.506789386
vt 0.14836669 0.508656621
vt 0.171579778 0.515681386
vt 0.144152626 0.528369009
vt 0.168209895 0.531442225
vt 0.143230125 0.540147841
vt 0.167473018 0.54085964
vt 0.144305274 0.560265779
vt 0.168332502 0.556965053
vt 0.146478698 0.571876228
vt 0.170070559 0.566251397
vt 0.152762696 0.591022849
vt 0.17509748 0.581569314
vt 0.157894179 0.601665556
vt 0.179198623 0.59007591
vt 0.368281573 0.491155148
vt 0.411386162 0.500348091
vt 0.411386162 0.491155148
vt 0.368281573 0.500348091
vt 0.354508102 0.491155148
vt 0.354508102 0.500348091
vt 0.311403632 0.491155148
vt 0.311403632 0.500348091
vt 0.297630072 0.500348091
vt 0.297630072 0.491155148
vt 0.254525572 0.491155148
vt 0.254525572 0.500348091
vt 0.24075219 0.491155148
vt 0.24075219 0.500348091
vt 0.197647512 0.491155148
vt 0.197647512 0.500348091
vt 0.183874145 0.491155148
vt 0.183874145 0.500348091
vt 0.373407066 0.501248002
vt 0.406814426 0.510002971
vt 0.406814545 0.501248002
vt 0.373406947 0.510002971
vt 0.349936515 0.501248002
vt 0.349936336 0.510002971
vt 0.316529006 0.501248002
vt 0.316529006 0.510002971
vt 0.293058574 0.501248002
vt 0.293058574 0.510002971
vt 0.259651124 0.501248002
vt 0.259651244 0.510002971
vt 0.236180514 0.501248002
vt 0.236180589 0.510002971
vt 0.202773035 0.501248002
vt 0.202773035 0.510002971
vt 0.179302529 0.501248002
vt 0.179302394 0.510002971
vt 0.152341053 0.497526556
vt 0.182130128 0.492455095
vt 0.161560729 0.479605764
vt 0.174755573 0.506789386
vt 0.14836669 0.508656621
vt 0.171579778 0.515681386
vt 0.144152626 0.528369009
vt 0.168209895 0.531442225
vt 0.143230125 0.540147841
vt 0.167473018 0.54085964
vt 0.144305274 0.560265779
vt 0.168332502 0.556965053
vt 0.146478698 0.571876228
vt 0.170070559 0.566251397
vt 0.152762696 0.591022849
vt 0.17509748 0.581569314
vt 0.157894179 0.601665556
vt 0.179198623 0.59007591
vt 0.368281573 0.491155148
vt 0.411386162 0.500348091
vt 0.411386162 0.491155148
vt 0.368281573 0.500348091
vt 0.354508102 0.491155148
vt 0.354508102 0.500348091
vt 0.311403632 0.491155148
vt 0.311403632 0.500348091
vt 0.297630072 0.500348091
vt 0.297630072 0.491155148
vt 0.254525572 0.491155148
vt 0.254525572 0.500348091
vt 0.24075219 0.491155148
vt 0.24075219 0.500348091
vt 0.197647512 0.491155148
vt 0.197647512 0.500348091
vt 0.183874145 0.491155148
vt 0.183874145 0.500348091
vt 0.373407066 0.501248002
vt 0.406814426 0.510002971
vt 0.406814545 0.501248002
vt 0.373406947 0.510002971
vt 0.349936515 0.501248002
vt 0.349936336 0.510002971
vt 0.316529006 0.501248002
vt 0.316529006 0.510002971
vt 0.293058574 0.501248002
vt 0.293058574 0.510002971
vt 0.259651124 0.501248002
vt 0.259651244 0.510002971
vt 0.236180514 0.501248002
vt 0.236180589 0.510002971
vt 0.202773035 0.501248002
vt 0.202773035 0.510002971
vt 0.179302529 0.501248002
vt 0.179302394 0.510002971
vt 0.152341053 0.497526556
vt 0.182130128 0.492455095
vt 0.161560729 0.479605764
vt 0.174755573 0.506789386
vt 0.14836669 0.508656621
vt 0.171579778 0.515681386
vt 0.144152626 0.528369009
vt 0.168209895 0.531442225
vt 0.143230125 0.540147841
vt 0.167473018 0.54085964
vt 0.144305274 0.560265779
vt 0.168332502 0.556965053
vt 0.146478698 0.571876228
vt 0.170070559 0.566251397
vt 0.152762696 0.591022849
vt 0.17509748 0.581569314
vt 0.157894179 0.601665556
vt 0.179198623 0.59007591
vt 0.234272793 0.521521568
vt 0.22761853 0.537650406
vt 0.201188356 0.537650406
vt 0.194534019 0.521521568
vt 0.185059592 0.530996025
vt 0.201188356 0.537650406
vt 0.201188356 0.564080477
vt 0.185059592 0.570734799
vt 0.194534019 0.580209196
vt 0.201188356 0.564080477
vt 0.227618396 0.564080477
vt 0.234272793 0.580209196
vt 0.243747205 0.570734799
vt 0.227618396 0.564080477
vt 0.22761853 0.537650406
vt 0.243747279 0.530996025
vt 0.00336804357 0.764106929
vt 0.00336804357 0.809443891
vt 0.0207588784 0.809443891
vt 0.0207588784 0.764106691
vt 0.0363097563 0.809443891
vt 0.0363097563 0.764106691
vt 0.120393127 0.764107108
vt 0.120393127 0.809443891
vt 0.135994047 0.809443891
vt 0.135994047 0.764106929
vt 0.102861397 0.764107764
vt 0.102861397 0.809443891
vt 0.120393127 0.809443891
vt 0.120393127 0.764107108
vt 0.0871015564 0.764107943
vt 0.102861397 0.809443891
vt 0.102861397 0.764107764
vt 0.0871015564 0.809443891
vt 0.069469437 0.764108419
vt 0.069469437 0.809443891
vt 0.0536553785 0.764108598
vt 0.0536553785 0.809443891
vt 0.0363097563 0.764108777
vt 0.0363097563 0.809443891
vt 0.0536553785 0.809443891
vt 0.0536553785 0.764108598
vt 0.157264173 0.689855278
vt 0.157264173 0.735112071
vt 0.169070974 0.735112071
vt 0.169070974 0.689855695
vt 0.182457983 0.735112071
vt 0.182457983 0.689856172
vt 0.1940929 0.735112071
vt 0.1940929 0.689857364
vt 0.144577652 0.689853549
vt 0.144560009 0.735112071
vt 0.157264173 0.735112071
vt 0.157264173 0.689855278
vt 0.231968209 0.689859509
vt 0.243533179 0.735112071
vt 0.24352169 0.689858496
vt 0.231968209 0.735112071
vt 0.218569621 0.689859092
vt 0.218569621 0.735112071
vt 0.206768319 0.689858675
vt 0.206768319 0.735112071
vt 0.1940929 0.689857364
vt 0.1940929 0.735112071
vt 0.206768319 0.735112071
vt 0.206768319 0.689858675
vt 0.0871014819 0.569017589
vt 0.102861352 0.614354551
vt 0.0871014819 0.614354372
vt 0.102861352 0.569017589
vt 0.120393172 0.614354789
vt 0.120393172 0.569017589
vt 0.136139318 0.614354789
vt 0.136139318 0.569017589
vt 0.0694694519 0.569017589
vt 0.0871014819 0.569017589
vt 0.0871014819 0.614354372
vt 0.0694694519 0.614353716
vt 0.0536554232 0.569017589
vt 0.0694694519 0.569017589
vt 0.0694694519 0.614353716
vt 0.0536554232 0.614353538
vt 0.0363097563 0.569017589
vt 0.0363097563 0.614353061
vt 0.0207588784 0.569017589
vt 0.0207588784 0.614352882
vt 0.00336805894 0.569017589
vt 0.0207588784 0.569017589
vt 0.0207588784 0.614352882
vt 0.00336805894 0.614352703
vt 0.144560009 0.735112071
vt 0.157264173 0.689855278
vt 0.144577652 0.689853549
vt 0.157264173 0.735112071
vt 0.169070974 0.689855695
vt 0.169070974 0.735112071
vt 0.182457983 0.689856172
vt 0.182457983 0.735112071
vt 0.231968209 0.735112071
vt 0.243533179 0.735112071
vt 0.24352169 0.689858496
vt 0.231968209 0.689859509
vt 0.218569621 0.735112071
vt 0.231968209 0.735112071
vt 0.231968209 0.689859509
vt 0.218569621 0.689859092
vt 0.206768319 0.735112071
vt 0.206768319 0.689858675
vt 0.1940929 0.735112071
vt 0.1940929 0.689857364
vt 0.182457983 0.735112071
vt 0.1940929 0.735112071
vt 0.1940929 0.689857364
vt 0.182457983 0.689856172
vt 0.00336804357 0.764106929
vt 0.00336804357 0.809443891
vt 0.0207588784 0.809443891
vt 0.0207588784 0.764106691
vt 0.0363097563 0.809443891
vt 0.0363097563 0.764106691
vt 0.120393127 0.764107108
vt 0.120393127 0.809443891
vt 0.135994047 0.809443891
vt 0.135994047 0.764106929
vt 0.102861397 0.764107764
vt 0.102861397 0.809443891
vt 0.120393127 0.809443891
vt 0.120393127 0.764107108
vt 0.0871015564 0.764107943
vt 0.102861397 0.809443891
vt 0.102861397 0.764107764
vt 0.0871015564 0.809443891
vt 0.069469437 0.764108419
vt 0.069469437 0.809443891
vt 0.0536553785 0.764108598
vt 0.0536553785 0.809443891
vt 0.0363097563 0.764108777
vt 0.0363097563 0.809443891
vt 0.0536553785 0.809443891
vt 0.0536553785 0.764108598
vt 0.157264173 0.689855278
vt 0.157264173 0.735112071
vt 0.169070974 0.735112071
vt 0.169070974 0.689855695
vt 0.182457983 0.735112071
vt 0.182457983 0.689856172
vt 0.1940929 0.735112071
vt 0.1940929 0.689857364
vt 0.144577652 0.689853549
vt 0.144560009 0.735112071
vt 0.157264173 0.735112071
vt 0.157264173 0.689855278
vt 0.231968209 0.689859509
vt 0.243533179 0.735112071
vt 0.24352169 0.689858496
vt 0.231968209 0.735112071
vt 0.218569621 0.689859092
vt 0.218569621 0.735112071
vt 0.206768319 0.689858675
vt 0.206768319 0.735112071
vt 0.1940929 0.689857364
vt 0.1940929 0.735112071
vt 0.206768319 0.735112071
vt 0.206768319 0.689858675
vt 0.00336804357 0.764106929
vt 0.00336804357 0.809443891
vt 0.0207588784 0.809443891
vt 0.0207588784 0.764106691
vt 0.0363097563 0.809443891
vt 0.0363097563 0.764106691
vt 0.120393127 0.764107108
vt 0.120393127 0.809443891
vt 0.135994047 0.809443891
vt 0.135994047 0.764106929
vt 0.102861397 0.764107764
vt 0.102861397 0.809443891
vt 0.120393127 0.809443891
vt 0.120393127 0.764107108
vt 0.0871015564 0.764107943
vt 0.102861397 0.809443891
vt 0.102861397 0.764107764
vt 0.0871015564 0.809443891
vt 0.069469437 0.764108419
vt 0.069469437 0.809443891
vt 0.0536553785 0.764108598
vt 0.0536553785 0.809443891
vt 0.0363097563 0.764108777
vt 0.0363097563 0.809443891
vt 0.0536553785 0.809443891
vt 0.0536553785 0.764108598
vt 0.157264173 0.689855278
vt 0.157264173 0.735112071
vt 0.169070974 0.735112071
vt 0.169070974 0.689855695
vt 0.182457983 0.735112071
vt 0.182457983 0.689856172
vt 0.1940929 0.735112071
vt 0.1940929 0.689857364
vt 0.144577652 0.689853549
vt 0.144560009 0.735112071
vt 0.157264173 0.735112071
vt 0.157264173 0.689855278
vt 0.231968209 0.689859509
vt 0.243533179 0.735112071
vt 0.24352169 0.689858496
vt 0.231968209 0.735112071
vt 0.218569621 0.689859092
vt 0.218569621 0.735112071
vt 0.206768319 0.689858675
vt 0.206768319 0.735112071
vt 0.1940929 0.689857364
vt 0.1940929 0.735112071
vt 0.206768319 0.735112071
vt 0.206768319 0.689858675
vt 0.346525788 0.584565163
vt 0.359248966 0.585194051
vt 0.353950113 0.594095886
vt 0.351824701 0.574391842
vt 0.339101613 0.594095886
vt 0.341226995 0.574391842
vt 0.3338027 0.585194051
vt 0.359248966 0.585194051
vt 0.351824701 0.574391842
vt 0.346525788 0.584565163
vt 0.353950113 0.594095886
vt 0.341226995 0.574391842
vt 0.339101613 0.594095886
vt 0.3338027 0.585194051
vt 0.351830453 0.574397564
vt 0.359254688 0.585199714
vt 0.346531421 0.584570944
vt 0.341232687 0.574397624
vt 0.353955775 0.594101608
vt 0.333808362 0.585199714
vt 0.339107394 0.594101608
vt 0.333793223 0.585203469
vt 0.341217428 0.574401379
vt 0.346516341 0.58457464
vt 0.339092016 0.594105422
vt 0.351815194 0.574401379
vt 0.353940427 0.594105422
vt 0.359239519 0.585203469
vt 0.351820976 0.574407101
vt 0.346522063 0.584580362
vt 0.34122327 0.57440722
vt 0.359245121 0.58520925
vt 0.333798856 0.58520925
vt 0.353946149 0.594111264
vt 0.339097708 0.594111264
vt 0.243351296 0.893893063
vt 0.237342566 0.913127661
vt 0.243344903 0.915795267
vt 0.237288713 0.896663189
vt 0.227520749 0.92273128
vt 0.230309129 0.880872905
vt 0.230264947 0.928717196
vt 0.227547809 0.886895478
vt 0.211056277 0.92273128
vt 0.208310634 0.880853891
vt 0.208266318 0.928717196
vt 0.211069733 0.886900127
vt 0.20123066 0.91304642
vt 0.195211872 0.893904209
vt 0.195172146 0.915767908
vt 0.201286867 0.896702588
vt 0.256652474 0.572351277
vt 0.2663908 0.534849763
vt 0.256649226 0.531641662
vt 0.266389251 0.569017589
vt 0.279755771 0.522277772
vt 0.276932597 0.590739489
vt 0.276716858 0.512825131
vt 0.279851258 0.581225514
vt 0.314077348 0.521752238
vt 0.317598909 0.589793086
vt 0.316963375 0.512740433
vt 0.314452112 0.581225216
vt 0.328341633 0.534796238
vt 0.337506294 0.571227312
vt 0.337477475 0.531570613
vt 0.328342587 0.567961812
vt 0.236411393 0.583281577
vt 0.194903642 0.591282785
vt 0.193125963 0.583281577
vt 0.234633729 0.591282785
vt 0.174804702 0.57118398
vt 0.246731326 0.572961688
vt 0.182806045 0.572961688
vt 0.254732519 0.57118398
vt 0.174804702 0.531453848
vt 0.246731326 0.529676199
vt 0.182806045 0.529676199
vt 0.254732519 0.531453848
vt 0.194903642 0.511354983
vt 0.236411393 0.51935631
vt 0.193125963 0.51935631
vt 0.234633729 0.511354983
vt 0.256652474 0.572351277
vt 0.2663908 0.534849763
vt 0.256649226 0.531641662
vt 0.266389251 0.569017589
vt 0.279755771 0.522277772
vt 0.276932597 0.590739489
vt 0.276716858 0.512825131
vt 0.279851258 0.581225514
vt 0.314077348 0.521752238
vt 0.317598909 0.589793086
vt 0.316963375 0.512740433
vt 0.314452112 0.581225216
vt 0.328341633 0.534796238
vt 0.337506294 0.571227312
vt 0.337477475 0.531570613
vt 0.328342587 0.567961812
vt 0.236411393 0.583281577
vt 0.194903642 0.591282785
vt 0.193125963 0.583281577
vt 0.234633729 0.591282785
vt 0.174804702 0.57118398
vt 0.246731326 0.572961688
vt 0.182806045 0.572961688
vt 0.254732519 0.57118398
vt 0.174804702 0.531453848
vt 0.246731326 0.529676199
vt 0.182806045 0.529676199
vt 0.254732519 0.531453848
vt 0.194903642 0.511354983
vt 0.236411393 0.51935631
vt 0.193125963 0.51935631
vt 0.234633729 0.511354983
vt 0.256652474 0.572351277
vt 0.2663908 0.534849763
vt 0.256649226 0.531641662
vt 0.266389251 0.569017589
vt 0.279755771 0.522277772
vt 0.276932597 0.590739489
vt 0.276716858 0.512825131
vt 0.279851258 0.581225514
vt 0.314077348 0.521752238
vt 0.317598909 0.589793086
vt 0.316963375 0.512740433
vt 0.314452112 0.581225216
vt 0.328341633 0.534796238
vt 0.337506294 0.571227312
vt 0.337477475 0.531570613
vt 0.328342587 0.567961812
vt 0.236411393 0.583281577
vt 0.194903642 0.591282785
vt 0.193125963 0.583281577
vt 0.234633729 0.591282785
vt 0.174804702 0.57118398
vt 0.246731326 0.572961688
vt 0.182806045 0.572961688
vt 0.254732519 0.57118398
vt 0.174804702 0.531453848
vt 0.246731326 0.529676199
vt 0.182806045 0.529676199
vt 0.254732519 0.531453848
vt 0.194903642 0.511354983
vt 0.236411393 0.51935631
vt 0.193125963 0.51935631
vt 0.234633729 0.511354983
vt 0.256652474 0.572351277
vt 0.2663908 0.534849763
vt 0.256649226 0.531641662
vt 0.266389251 0.569017589
vt 0.279755771 0.522277772
vt 0.276932597 0.590739489
vt 0.276716858 0.512825131
vt 0.279851258 0.581225514
vt 0.314077348 0.521752238
vt 0.317598909 0.589793086
vt 0.316963375 0.512740433
vt 0.314452112 0.581225216
vt 0.328341633 0.534796238
vt 0.337506294 0.571227312
vt 0.337477475 0.531570613
vt 0.328342587 0.567961812
vt 0.236411393 0.583281577
vt 0.194903642 0.591282785
vt 0.193125963 0.583281577
vt 0.234633729 0.591282785
vt 0.174804702 0.57118398
vt 0.246731326 0.572961688
vt 0.182806045 0.572961688
vt 0.254732519 0.57118398
vt 0.174804702 0.531453848
vt 0.246731326 0.529676199
vt 0.182806045 0.529676199
vt 0.254732519 0.531453848
vt 0.194903642 0.511354983
vt 0.236411393 0.51935631
vt 0.193125963 0.51935631
vt 0.234633729 0.511354983
vt 0.256652474 0.572351277
vt 0.2663908 0.534849763
vt 0.256649226 0.531641662
vt 0.266389251 0.569017589
vt 0.279755771 0.522277772
vt 0.276932597 0.590739489
vt 0.276716858 0.512825131
vt 0.279851258 0.581225514
vt 0.314077348 0.521752238
vt 0.317598909 0.589793086
vt 0.316963375 0.512740433
vt 0.314452112 0.581225216
vt 0.328341633 0.534796238
vt 0.337506294 0.571227312
vt 0.337477475 0.531570613
vt 0.328342587 0.567961812
vt 0.236411393 0.583281577
vt 0.194903642 0.591282785
vt 0.193125963 0.583281577
vt 0.234633729 0.591282785
vt 0.174804702 0.57118398
vt 0.246731326 0.572961688
vt 0.182806045 0.572961688
vt 0.254732519 0.57118398
vt 0.174804702 0.531453848
vt 0.246731326 0.529676199
vt 0.182806045 0.529676199
vt 0.254732519 0.531453848
vt 0.194903642 0.511354983
vt 0.236411393 0.51935631
vt 0.193125963 0.51935631
vt 0.234633729 0.511354983
vt 0.195172146 0.915767908
vt 0.20123066 0.91304642
vt 0.201287389 0.896703184
vt 0.195211872 0.893904209
vt 0.208266318 0.928717196
vt 0.211069733 0.886900127
vt 0.211056277 0.92273128
vt 0.208310634 0.880853891
vt 0.230264947 0.928717196
vt 0.227547809 0.886895478
vt 0.227520749 0.92273128
vt 0.230309129 0.880872905
vt 0.243344903 0.915795267
vt 0.237288713 0.896663189
vt 0.237342566 0.913127661
vt 0.243351296 0.893893063
vt 0.195172146 0.915767908
vt 0.20123066 0.91304642
vt 0.201287389 0.896703184
vt 0.195211872 0.893904209
vt 0.208266318 0.928717196
vt 0.211069733 0.886900127
vt 0.211056277 0.92273128
vt 0.208310634 0.880853891
vt 0.230264947 0.928717196
vt 0.227547809 0.886895478
vt 0.227520749 0.92273128
vt 0.230309129 0.880872905
vt 0.243344903 0.915795267
vt 0.237288713 0.896663189
vt 0.237342566 0.913127661
vt 0.243351296 0.893893063
vt 0.195172146 0.915767908
vt 0.20123066 0.91304642
vt 0.201287389 0.896703184
vt 0.195211872 0.893904209
vt 0.208266318 0.928717196
vt 0.211069733 0.886900127
vt 0.211056277 0.92273128
vt 0.208310634 0.880853891
vt 0.230264947 0.928717196
vt 0.227547809 0.886895478
vt 0.227520749 0.92273128
vt 0.230309129 0.880872905
vt 0.243344903 0.915795267
vt 0.237288713 0.896663189
vt 0.237342566 0.913127661
vt 0.243351296 0.893893063
vn -0.577343047 0.577346385 -0.577361405
vn -0.577343047 0.577346325 -0.577361405
vn -0.576165795 0.576170921 -0.579706907
vn -0.57734406 -0.577346027 -0.57736063
vn -0.57734406 -0.577346027 -0.57736063
vn -0.576167166 -0.57616955 -0.579706907
vn 0.576170027 -0.579705954 -0.576167583
vn 0.579703808 -0.576173544 -0.576166213
vn 0.576171637 -0.576171637 -0.579700351
vn 0.577352762 0.577351809 -0.577346325
vn 0.576170862 0.579705358 -0.576167464
vn 0.57617408 0.576169312 -0.579700112
vn 0.0216045324 0.457560807 0.888915837
vn 0.45756191 0.0216023512 0.888915241
vn 0.576173007 0.576170146 0.57970053
vn 0.457560837 -0.0216042213 0.888915837
vn 0.0216018464 -0.457561821 0.88891536
vn 0.576169789 -0.576172829 0.579701066
vn -0.577352703 -0.577349544 0.57734859
vn -0.577352643 -0.577349663 0.57734853
vn -0.576172948 -0.576169848 0.579700887
vn -0.577355266 0.57734859 0.577346981
vn -0.577355146 0.57734853 0.577346981
vn -0.576172471 0.576171577 0.579699636
vn -0.101619042 -0.101619042 -0.989619672
vn -0.101619057 -0.101619057 -0.989619672
vn -0.101619042 -0.101619042 -0.989619672
vn -0.101618387 0.101618581 -0.989619792
vn -0.101618387 0.101618581 -0.989619792
vn -0.101618394 0.101618603 -0.989619792
vn 0.101619668 0.101617791 -0.989619792
vn 0.101619661 0.101617791 -0.989619792
vn 0.101619668 0.101617791 -0.989619792
vn 0.101618841 -0.101618841 -0.989619672
vn 0.101618826 -0.101618826 -0.989619672
vn 0.101618841 -0.101618841 -0.989619672
vn -0.30220452 0.464504242 -0.83241111
vn -0 -0.38268286 -0.923879802
vn -0.302204907 -0.464503378 -0.832411349
vn -0 0.382683307 -0.923879504
vn -0.30220449 0.832410932 -0.46450457
vn -0 0.923879445 -0.382683575
vn -0.302204251 0.832410932 0.464504659
vn -0 0.923879445 0.382683575
vn -0 0.382683307 0.923879504
vn -0.302209526 0.464507073 0.832407653
vn -0.302209973 -0.464506328 0.832407951
vn -0 -0.38268286 0.923879802
vn -0.302204549 -0.832410693 0.464504927
vn -0 -0.923879325 0.382684082
vn -0.302204758 -0.832410693 -0.464504838
vn -0 -0.923879325 -0.382684082
vn -0.302204907 -0.464503378 -0.832411349
vn -0 -0.38268286 -0.923879802
vn -0.832410395 -0.30220589 0.464504719
vn -0.832410276 -0.302206099 -0.46450457
vn -0.302204758 -0.832410693 -0.464504838
vn -0.302204549 -0.832410693 0.464504927
vn -0.464503586 -0.302205175 -0.832411289
vn 0.464502037 -0.302204281 -0.832412362
vn 0.495669603 -0.680112123 -0.540147305
vn -0.495672673 -0.680112898 -0.54014349
vn 0.832412362 -0.302201182 -0.464504093
vn 0.832412004 -0.302203208 0.464503497
vn 0.302206278 -0.832410097 0.464504749
vn 0.30221197 -0.832408488 -0.464504242
vn 0.464502245 -0.302197635 0.832414746
vn -0.464502007 -0.302208573 0.832410932
vn -0.464507431 -0.832414806 0.30218944
vn 0.464501679 -0.832404673 0.302226096
vn -0.464503229 0.302205831 0.83241117
vn 0.464502543 0.302200168 0.832413673
vn 0.464501262 0.832405508 0.302224487
vn -0.464500606 0.832418323 0.302190393
vn 0.832410216 0.302207321 0.464504063
vn 0.832410693 0.302205384 -0.46450448
vn 0.302206159 0.832410634 -0.464504063
vn 0.302200496 0.832412243 0.464504659
vn 0.464502573 0.302206159 -0.832411349
vn -0.464503914 0.302204341 -0.832411349
vn -0.495672107 0.680113733 -0.540142894
vn 0.495669991 0.680112481 -0.54014647
vn -0.832410634 0.30220452 -0.464505106
vn -0.832410634 0.302204281 0.464505255
vn -0.302204251 0.832410932 0.464504659
vn -0.30220449 0.832410932 -0.46450457
vn 0.302191764 0.464499891 0.832418203
vn 0.302194834 -0.464498997 0.832417548
vn 0.832401931 -0.464501232 0.302234173
vn 0.832401514 0.464501798 0.302234501
vn 0.577341616 0.577348769 0.577360392
vn 0.464501262 0.832405508 0.302224487
vn 0.302200496 0.832412243 0.464504659
vn 0.464502543 0.302200168 0.832413673
vn 0.832410216 0.302207321 0.464504063
vn -0.302209973 -0.464506328 0.832407951
vn -0.302209526 0.464507073 0.832407653
vn -0.832416713 0.46451062 0.302179068
vn -0.832417905 -0.464507908 0.302180141
vn 0.302211225 -0.464501977 -0.832409859
vn 0.30220741 0.464502752 -0.832410932
vn 0.680113733 0.495668441 -0.540146232
vn 0.680115104 -0.495668948 -0.540144145
vn 0.577351093 -0.57734859 -0.577351093
vn 0.495669603 -0.680112123 -0.540147305
vn 0.30221197 -0.832408488 -0.464504242
vn 0.464502037 -0.302204281 -0.832412362
vn 0.832412362 -0.302201182 -0.464504093
vn -0.30220452 0.464504242 -0.83241111
vn -0.302204907 -0.464503378 -0.832411349
vn -0.680113316 -0.495671719 -0.540143847
vn -0.680113137 0.495672762 -0.540143132
vn -0.577350378 0.57735008 -0.577350259
vn -0.495672107 0.680113733 -0.540142894
vn -0.30220449 0.832410932 -0.46450457
vn -0.464503914 0.302204341 -0.832411349
vn -0.832410634 0.30220452 -0.464505106
vn -0.0447731242 0.382977337 -0.922672093
vn -0.0447786227 -0.381594539 -0.923244536
vn -0.0447832458 -0.382981956 -0.922669649
vn -0.044768557 0.381599724 -0.923242867
vn -0.0447628982 0.922670066 -0.382983327
vn -0.0447582565 0.923245728 -0.381593913
vn -0.0447578318 0.922671378 0.382980764
vn -0.0447532348 0.923244834 0.381596893
vn -0.0447609462 0.382978708 0.922672093
vn -0.0447563492 0.38159886 0.923243821
vn -0.0447710641 -0.382983357 0.922669649
vn -0.0447664112 -0.381593585 0.923245549
vn -0.0447835214 -0.922671378 0.382977813
vn -0.0447789505 -0.923242688 0.381598979
vn -0.0447885953 -0.922670066 -0.382980525
vn -0.0447839871 -0.923243701 -0.381596148
vn -0.0447832458 -0.382981956 -0.922669649
vn -0.0447786227 -0.381594539 -0.923244536
vn -0.172618628 0.908400178 0.380804241
vn 0.57617408 0.576169312 -0.579700112
vn -0.172619253 0.908399582 -0.380805463
vn 0.576173007 0.576170146 0.57970053
vn -0.172619656 0.380803525 0.908400297
vn 0.0216045324 0.457560807 0.888915837
vn -0.172621161 -0.380804837 0.908399403
vn 0.0216018464 -0.457561821 0.88891536
vn -0.172622398 -0.908400118 0.38080281
vn 0.576169789 -0.576172829 0.579701066
vn -0.172623381 -0.908399105 -0.380804598
vn 0.576171637 -0.576171637 -0.579700351
vn -0.172623813 -0.380802512 -0.908399999
vn 0.576170027 -0.579705954 -0.576167583
vn -0.172622055 0.380801708 -0.908400595
vn 0.576170862 0.579705358 -0.576167464
vn -0.172619253 0.908399582 -0.380805463
vn 0.57617408 0.576169312 -0.579700112
vn -0 4.79145626E-07 -1
vn -0 4.79145626E-07 -1
vn -0 4.79145626E-07 -1
vn -0 4.7914574E-07 -1
vn -8.97857888E-07 6.13093505E-07 1
vn -8.97857888E-07 6.13093505E-07 1
vn -8.97857888E-07 6.13093505E-07 1
vn -8.97857944E-07 6.13093505E-07 1
vn -1.52780183E-06 2.5395363E-07 1
vn -1.52780194E-06 2.5395363E-07 1
vn -1.07743688E-06 -7.35707681E-06 1
vn -1.07743688E-06 -7.35707681E-06 1
vn 0.464502573 0.302206159 -0.832411349
vn -0.38268286 0 -0.923879802
vn -0.464503914 0.302204341 -0.832411349
vn 0.38268286 0 -0.923879802
vn 0.832410693 0.302205384 -0.46450448
vn 0.923879325 0 -0.382684082
vn 0.832410216 0.302207321 0.464504063
vn 0.923879325 0 0.382684082
vn 0.38268286 0 0.923879802
vn 0.464502543 0.302200168 0.832413673
vn -0.464503229 0.302205831 0.83241117
vn -0.38268286 0 0.923879802
vn -0.832410634 0.302204281 0.464505255
vn -0.923879325 0 0.382684082
vn -0.832410634 0.30220452 -0.464505106
vn -0.923879325 0 -0.382684082
vn -0.464503914 0.302204341 -0.832411349
vn -0.38268286 0 -0.923879802
vn 0.382977486 0.0447731353 -0.922671974
vn -0.381595254 0.044778619 -0.923244298
vn -0.38298133 0.044783242 -0.922669828
vn 0.381599605 0.0447685607 -0.923242986
vn 0.922670066 0.0447624549 -0.382983446
vn 0.923245847 0.0447578058 -0.381593853
vn 0.922671378 0.0447573885 0.382980824
vn 0.923244953 0.0447527841 0.381596833
vn 0.382978797 0.0447609499 0.922671974
vn 0.381598741 0.0447563715 0.92324388
vn -0.382982582 0.0447710678 0.922669947
vn -0.38159433 0.0447664447 0.923245251
vn -0.922671378 0.0447853059 0.382977486
vn -0.923242509 0.0447807573 0.381599277
vn -0.922670066 0.0447903723 -0.382980287
vn -0.923243523 0.0447857715 -0.381596386
vn -0.38298133 0.044783242 -0.922669828
vn -0.381595254 0.044778619 -0.923244298
vn 0.908400297 0.172618881 0.380803853
vn 0.576171637 -0.576171637 -0.579700351
vn 0.908400774 0.172618195 -0.38080287
vn 0.576169789 -0.576172829 0.579701066
vn 0.380803853 0.172620177 0.908400118
vn 0.457560837 -0.0216042213 0.888915837
vn -0.380805075 0.172621846 0.908399284
vn -0.372568697 0.172458544 0.911839187
vn -0.908400118 0.172622457 0.38080281
vn -0.576172948 -0.576169848 0.579700887
vn -0.908398449 0.172623619 -0.380806148
vn -0.576167166 -0.57616955 -0.579706907
vn -0.380801827 0.172623739 -0.908400297
vn -0.580333292 -0.575849295 -0.575856626
vn 0.380803496 0.172620922 -0.908400118
vn 0.579703808 -0.576173544 -0.576166213
vn 0.908400774 0.172618195 -0.38080287
vn 0.576171637 -0.576171637 -0.579700351
vn 0.302211225 -0.464501977 -0.832409859
vn 4.91074206E-06 0.382683843 -0.923879445
vn 0.30220741 0.464502752 -0.832410932
vn 7.01797399E-06 -0.382682681 -0.923879802
vn 0.30221197 -0.832408488 -0.464504242
vn 5.31330079E-06 -0.923879743 -0.382683069
vn 0.302206278 -0.832410097 0.464504749
vn 4.93003483E-07 -0.92387861 0.382685602
vn -4.62100797E-06 -0.382681638 0.923880219
vn 0.302194834 -0.464498997 0.832417548
vn 0.302191764 0.464499891 0.832418203
vn -6.72823262E-06 0.3826828 0.923879802
vn 0.302200496 0.832412243 0.464504659
vn -5.02356716E-06 0.923878908 0.382684886
vn 0.302206159 0.832410634 -0.464504063
vn -2.03284117E-07 0.923880041 -0.382682353
vn 0.30220741 0.464502752 -0.832410932
vn 4.91074206E-06 0.382683843 -0.923879445
vn 0.0447731353 -0.382977486 -0.922671974
vn 0.044778619 0.381595254 -0.923244298
vn 0.044783242 0.38298133 -0.922669828
vn 0.0447685607 -0.381599605 -0.923242986
vn 0.0447624549 -0.922670066 -0.382983446
vn 0.0447578058 -0.923245847 -0.381593853
vn 0.0447573885 -0.922671378 0.382980824
vn 0.0447527841 -0.923244953 0.381596833
vn 0.0447609462 -0.382978857 0.922671974
vn 0.0447563715 -0.381598741 0.92324388
vn 0.0447710678 0.382982582 0.922669947
vn 0.0447664447 0.38159433 0.923245251
vn 0.0447853059 0.922671378 0.382977486
vn 0.0447807573 0.923242509 0.381599277
vn 0.0447903723 0.922670066 -0.382980287
vn 0.0447857715 0.923243523 -0.381596386
vn 0.044783242 0.38298133 -0.922669828
vn 0.044778619 0.381595254 -0.923244298
vn 0.172619238 -0.908400416 0.380803585
vn -0.576167166 -0.57616955 -0.579706907
vn 0.172620311 -0.90839988 -0.380804271
vn -0.576172948 -0.576169848 0.579700887
vn 0.172619388 -0.380804062 0.908400118
vn 0.172456086 -0.372568399 0.911839724
vn 0.172620028 0.380804658 0.90839982
vn 0.172456697 0.372568399 0.911839604
vn 0.172620893 0.908400297 0.380803168
vn -0.576172471 0.576171577 0.579699636
vn 0.172622308 0.908399522 -0.3808043
vn -0.576165795 0.576170921 -0.579706907
vn 0.172623575 0.380803198 -0.908399701
vn -0.575850248 0.580331564 -0.57585752
vn 0.172622725 -0.380802989 -0.90839988
vn -0.575852275 -0.580331385 -0.575855672
vn 0.172620311 -0.90839988 -0.380804271
vn -0.576167166 -0.57616955 -0.579706907
vn -0.464503586 -0.302205175 -0.832411289
vn 0.382683605 1.50139931E-06 -0.923879445
vn 0.464502037 -0.302204281 -0.832412362
vn -0.382682204 -1.21165135E-06 -0.923880041
vn -0.832410276 -0.302206099 -0.46450457
vn -0.923879206 -2.91632159E-06 -0.38268429
vn -0.832410395 -0.30220589 0.464504719
vn -0.923879206 -2.91632159E-06 0.38268429
vn -0.382682204 -1.21165135E-06 0.923880041
vn -0.464502007 -0.302208573 0.832410932
vn 0.464502245 -0.302197635 0.832414746
vn 0.382683516 1.21165522E-06 0.923879504
vn 0.832412004 -0.302203208 0.464503497
vn 0.923879445 2.91632205E-06 0.382683784
vn 0.832412362 -0.302201182 -0.464504093
vn 0.923879325 3.20606478E-06 -0.382683903
vn 0.464502037 -0.302204281 -0.832412362
vn 0.382683605 1.50139931E-06 -0.923879445
vn -0.382977486 -0.0447731353 -0.922671974
vn 0.381595254 -0.044778619 -0.923244298
vn 0.38298133 -0.044783242 -0.922669828
vn -0.381599605 -0.0447685607 -0.923242986
vn -0.922670066 -0.0447624549 -0.382983446
vn -0.923245847 -0.0447578058 -0.381593853
vn -0.922671378 -0.0447573885 0.382980824
vn -0.923244953 -0.0447527841 0.381596833
vn -0.382978797 -0.0447609499 0.922671974
vn -0.381598741 -0.0447563715 0.92324388
vn 0.382982582 -0.0447710678 0.922669947
vn 0.38159433 -0.0447664447 0.923245251
vn 0.922671378 -0.0447853059 0.382977486
vn 0.923242509 -0.0447807573 0.381599277
vn 0.922670066 -0.0447903723 -0.382980287
vn 0.923243523 -0.0447857715 -0.381596386
vn 0.38298133 -0.044783242 -0.922669828
vn 0.381595254 -0.044778619 -0.923244298
vn -0.908400714 -0.172618851 0.380802989
vn -0.576165795 0.576170921 -0.579706907
vn -0.908399045 -0.172620177 -0.380806446
vn -0.576172471 0.576171577 0.579699636
vn -0.380805075 -0.172619283 0.908399701
vn -0.372570068 -0.172456026 0.911839128
vn 0.380805254 -0.172620237 0.908399522
vn 0.45756191 0.0216023512 0.888915241
vn 0.908400297 -0.17262134 0.380802721
vn 0.576173007 0.576170146 0.57970053
vn 0.908400476 -0.172621056 -0.380802453
vn 0.57617408 0.576169312 -0.579700112
vn 0.380804032 -0.172621951 -0.908399582
vn 0.580334902 0.57585305 -0.575851202
vn -0.380801439 -0.172622085 -0.908400774
vn -0.580331504 0.575849473 -0.575858295
vn -0.908399045 -0.172620177 -0.380806446
vn -0.576165795 0.576170921 -0.579706907
vn -0.832416713 0.46451062 0.302179068
vn -0.923880816 -0.382680207 -3.49174152E-05
vn -0.832417905 -0.464507908 0.302180141
vn -0.923879921 0.382682443 -3.85260937E-05
vn -0.464500606 0.832418323 0.302190393
vn -0.382692903 0.92387563 -1.80702409E-05
vn 0.464501262 0.832405508 0.302224487
vn 0.382675707 0.923882663 1.32491168E-05
vn 0.923878074 0.382686913 3.20009713E-05
vn 0.832401514 0.464501798 0.302234501
vn 0.832401931 -0.464501232 0.302234173
vn 0.923878312 -0.382686436 3.2027292E-05
vn 0.464501679 -0.832404673 0.302226096
vn 0.382676214 -0.923882544 1.32754485E-05
vn -0.464507431 -0.832414806 0.30218944
vn -0.382691324 -0.923876286 -1.44613268E-05
vn -0.832417905 -0.464507908 0.302180141
vn -0.923880816 -0.382680207 -3.49174152E-05
vn -0.922672093 0.382977337 0.0447731242
vn -0.923244536 -0.381594568 0.0447786227
vn -0.922669649 -0.382981986 0.0447832495
vn -0.923242867 0.381599724 0.044768557
vn -0.382983327 0.922670066 0.0447628982
vn -0.381593913 0.923245728 0.0447582565
vn 0.382980764 0.922671378 0.0447578318
vn 0.381596893 0.923244834 0.0447532348
vn 0.922672093 0.382978708 0.0447609462
vn 0.923243821 0.38159886 0.0447563492
vn 0.922669649 -0.382983357 0.0447710641
vn 0.923245549 -0.381593585 0.0447664112
vn 0.382977813 -0.922671378 0.0447835214
vn 0.381598979 -0.923242688 0.0447789505
vn -0.382980525 -0.922670066 0.0447885953
vn -0.381596148 -0.923243701 0.0447839871
vn -0.922669649 -0.382981986 0.0447832495
vn -0.923244536 -0.381594568 0.0447786227
vn 0.380806297 0.908398628 0.17262271
vn -0.580331504 0.575849473 -0.575858295
vn -0.380802244 0.908401787 0.172615007
vn 0.580334902 0.57585305 -0.575851202
vn 0.908399284 0.380801469 0.172629088
vn 0.576170862 0.579705358 -0.576167464
vn 0.908398211 -0.380803317 0.172630936
vn 0.576170027 -0.579705954 -0.576167583
vn 0.38080436 -0.908398509 0.172627151
vn 0.579703808 -0.576173544 -0.576166213
vn -0.380801708 -0.908401012 0.172619969
vn -0.580333292 -0.575849295 -0.575856626
vn -0.908400595 -0.380805582 0.172613814
vn -0.575852275 -0.580331385 -0.575855672
vn -0.908401251 0.380804747 0.172611654
vn -0.575850248 0.580331564 -0.57585752
vn -0.380802244 0.908401787 0.172615007
vn -0.580331504 0.575849473 -0.575858295
vn -0 -0.143651217 -0.989628434
vn -0 -0.143651217 -0.989628434
vn -0 -0.143651217 -0.989628434
vn -0 -0.143651217 -0.989628434
vn -0.143651053 1.89057971E-07 -0.989628434
vn -0.143651053 1.89057943E-07 -0.989628434
vn -0.143651053 1.89057971E-07 -0.989628434
vn -0.143651053 1.89057971E-07 -0.989628434
vn -0 0.143650472 -0.989628553
vn -0 0.143650472 -0.989628553
vn -0 0.143650472 -0.989628553
vn -0 0.143650472 -0.989628553
vn 0.143651217 4.89611011E-07 -0.989628434
vn 0.143651217 4.89610954E-07 -0.989628434
vn 0.143651202 4.89610954E-07 -0.989628434
vn 0.143651202 4.89610954E-07 -0.989628434
vn 0.382692695 -0.923875749 8.09806006E-05
vn 0.382676214 -0.923882544 8.09811754E-05
vn -0.382677704 -0.923881948 8.01915376E-05
vn -0.382691413 -0.923876286 8.0191021E-05
vn -0.70710963 -0.707103908 6.08408845E-05
vn -0.70710963 -0.707103908 6.08408845E-05
vn 0.707107067 -0.707106411 6.23001033E-05
vn 0.707107127 -0.707106352 6.23001033E-05
vn 0.382676214 -0.923882544 8.09811754E-05
vn 0.382692695 -0.923875749 8.09806006E-05
vn 1 -1.68034535E-06 6.89165518E-07
vn 1 -1.68034512E-06 6.89165404E-07
vn 1 -1.68034535E-06 6.89165518E-07
vn 1 -1.68034512E-06 6.89165404E-07
vn 0.382676989 0.923882186 -8.0580714E-05
vn 0.707108438 0.707105041 -6.13878146E-05
vn 0.707108438 0.707105041 -6.13878146E-05
vn 0.382692128 0.923875988 -8.0580161E-05
vn -0.382680297 0.923880816 -8.13719162E-05
vn -0.38269344 0.923875332 -8.13714505E-05
vn -0.707112074 0.707101464 -6.28497073E-05
vn -0.707112074 0.707101464 -6.28497073E-05
vn -1 0 -2.06705545E-06
vn -1 0 -2.06705545E-06
vn -1 0 -2.06705545E-06
vn -1 0 -2.06705545E-06
vn 0.707103431 0.707110107 -0.000297077699
vn 0.707103431 0.707110107 -0.000297077728
vn 0.382675588 0.923882663 -0.000327367597
vn 0.382683784 0.923879325 -0.000327367539
vn -0.382674515 0.9238832 -0.000327629416
vn -0.382682234 0.923880041 -0.000327629241
vn -0.707096636 0.707116842 -0.000297563296
vn -0.707096636 0.707116783 -0.000297563296
vn 1 -4.48621631E-06 -0.000235643907
vn 1 -4.48621631E-06 -0.000235643951
vn 1 -4.48621631E-06 -0.000235643951
vn 1 -4.48621677E-06 -0.000235643922
vn 0.382669181 -0.923885405 -0.000166088415
vn 0.707101703 -0.707111776 -0.000173567736
vn 0.707101703 -0.707111776 -0.000173567707
vn 0.382688999 -0.92387718 -0.000166089565
vn -0.382661939 -0.923888445 -0.000166349811
vn -0.382689029 -0.92387718 -0.000166351398
vn -0.707093 -0.707120478 -0.00017405214
vn -0.707092941 -0.707120478 -0.00017405214
vn -1 0 -0.000236333304
vn -1 0 -0.000236333304
vn -1 0 -0.000236333304
vn -1 0 -0.000236333304
vn -6.18150734E-05 -0.707113445 -0.707100093
vn -8.07186007E-05 -0.923883975 -0.382672548
vn -6.18150661E-05 -0.707113326 -0.707100153
vn -8.07181132E-05 -0.923878312 -0.382686496
vn -8.08510376E-05 -0.923882365 0.382676631
vn -8.08504556E-05 -0.923875749 0.382692456
vn -6.20592546E-05 -0.707104385 0.707109094
vn -6.20592546E-05 -0.707104385 0.707109094
vn -0 1.68034978E-06 -1
vn -0 1.68034978E-06 -1
vn -0 1.68034978E-06 -1
vn -0 1.68034978E-06 -1
vn 8.09699195E-05 0.923882782 -0.382675469
vn 6.19346101E-05 0.707107365 -0.707106113
vn 6.19346029E-05 0.707107306 -0.707106173
vn 8.0969352E-05 0.923876286 -0.382691443
vn 8.0839578E-05 0.923882365 0.382676631
vn 8.08391123E-05 0.92387706 0.382689178
vn 6.1693805E-05 0.707106888 0.70710659
vn 6.16937905E-05 0.707106888 0.70710659
vn -0 -3.36071912E-06 1
vn -0 -3.3607198E-06 1
vn -0 -3.36071912E-06 1
vn -0 -3.3607198E-06 1
vn -0.000173572815 0.707099438 -0.7071141
vn -0.000165998485 0.923881948 -0.382677704
vn -0.000173572829 0.707099438 -0.7071141
vn -0.000165999751 0.923872709 -0.382699788
vn -0.000167869322 0.918808162 0.394704521
vn -0.000167870588 0.918798745 0.394726098
vn -0.000175325855 0.688398778 0.725332439
vn -0.000175325884 0.688398778 0.725332439
vn -0.000235644824 -2.23970255E-06 -1
vn -0.000235644839 -2.23970278E-06 -1
vn -0.000235644839 -2.23970278E-06 -1
vn -0.000235644824 -2.23970255E-06 -1
vn -0.000325296307 -0.935318708 -0.353806138
vn -0.000300174986 -0.749640048 -0.661845744
vn -0.000300174928 -0.749639928 -0.661845744
vn -0.000325296307 -0.935317457 -0.353809476
vn -0.000326515408 -0.930024505 0.367497295
vn -0.000326515379 -0.930022359 0.367502868
vn -0.000298997911 -0.729887307 0.683567405
vn -0.000298997882 -0.729887307 0.683567405
vn -0.000235644635 0 1
vn -0.000235644591 0 1
vn -0.000235644591 0 1
vn -0.000235644591 0 1
vn 8.09806006E-05 -0.923875749 -0.382692695
vn 8.09811754E-05 -0.923882544 -0.382676214
vn 8.01915376E-05 -0.923881948 0.382677704
vn 8.0191021E-05 -0.923876286 0.382691413
vn 6.08408845E-05 -0.707103908 0.70710963
vn 6.08408845E-05 -0.707103908 0.70710963
vn 6.23001033E-05 -0.707106411 -0.707107067
vn 6.23001033E-05 -0.707106352 -0.707107127
vn 8.09811754E-05 -0.923882544 -0.382676214
vn 8.09806006E-05 -0.923875749 -0.382692695
vn 6.89165518E-07 -1.68034535E-06 -1
vn 6.89165404E-07 -1.68034512E-06 -1
vn 6.89165518E-07 -1.68034535E-06 -1
vn 6.89165404E-07 -1.68034512E-06 -1
vn -8.0580714E-05 0.923882186 -0.382676989
vn -6.13878146E-05 0.707105041 -0.707108438
vn -6.13878146E-05 0.707105041 -0.707108438
vn -8.0580161E-05 0.923875988 -0.382692128
vn -8.13719162E-05 0.923880816 0.382680297
vn -8.13714505E-05 0.923875332 0.38269344
vn -6.28497073E-05 0.707101464 0.707112074
vn -6.28497073E-05 0.707101464 0.707112074
vn -2.06705545E-06 0 1
vn -2.06705545E-06 0 1
vn -2.06705545E-06 0 1
vn -2.06705545E-06 0 1
vn -0.000297077699 0.707110107 -0.707103431
vn -0.000297077728 0.707110107 -0.707103431
vn -0.000327367597 0.923882663 -0.382675588
vn -0.000327367539 0.923879325 -0.382683784
vn -0.000327629416 0.9238832 0.382674515
vn -0.000327629241 0.923880041 0.382682264
vn -0.000297563296 0.707116842 0.707096636
vn -0.000297563296 0.707116783 0.707096636
vn -0.000235643907 -4.48621631E-06 -1
vn -0.000235643951 -4.48621631E-06 -1
vn -0.000235643951 -4.48621631E-06 -1
vn -0.000235643922 -4.48621677E-06 -1
vn -0.000166088415 -0.923885405 -0.382669181
vn -0.000173567736 -0.707111776 -0.707101703
vn -0.000173567707 -0.707111776 -0.707101703
vn -0.000166089565 -0.92387718 -0.382688999
vn -0.000166349811 -0.923888445 0.382661939
vn -0.000166351398 -0.92387718 0.382689029
vn -0.00017405214 -0.707120478 0.707093
vn -0.00017405214 -0.707120478 0.707092941
vn -0.000236333304 0 1
vn -0.000236333304 0 1
vn -0.000236333304 0 1
vn -0.000236333304 0 1
vn 0.923877299 4.04636157E-05 -0.382688999
vn 0.923880935 4.04637613E-05 -0.382679969
vn 0.923880339 4.0067669E-05 0.382681608
vn 0.923877776 4.00675563E-05 0.382687628
vn 0.707103848 3.03983488E-05 0.70710969
vn 0.707103848 3.03983488E-05 0.70710969
vn 0.707106352 3.11302974E-05 -0.707107127
vn 0.707106352 3.11302974E-05 -0.707107127
vn 0.923880935 4.04637613E-05 -0.382679969
vn 0.923877299 4.04636157E-05 -0.382688999
vn 1.6803474E-06 3.44348564E-07 -1
vn 1.6803474E-06 3.44348564E-07 -1
vn 1.6803474E-06 3.44348564E-07 -1
vn 1.6803474E-06 3.44348564E-07 -1
vn -0.923880637 -4.02628939E-05 -0.382680893
vn -0.707105041 -3.06730435E-05 -0.707108438
vn -0.707105041 -3.06730471E-05 -0.707108438
vn -0.923877597 -4.02627666E-05 -0.382688284
vn -0.923879325 -4.0658244E-05 0.382684082
vn -0.923877001 -4.06581457E-05 0.382689804
vn -0.707101464 -3.14034951E-05 0.707112074
vn -0.707101464 -3.14034951E-05 0.707112074
vn -0 -1.03282514E-06 1
vn -0 -1.03282514E-06 1
vn -0 -1.03282514E-06 1
vn -0 -1.03282514E-06 1
vn -0.707110107 -0.000148437903 -0.707103431
vn -0.707110107 -0.000148437903 -0.707103431
vn -0.923881948 -0.000163572564 -0.382677704
vn -0.923880219 -0.000163572535 -0.382681698
vn -0.923882484 -0.000163703386 0.382676482
vn -0.923880756 -0.000163703342 0.382680357
vn -0.707116783 -0.000148680585 0.707096696
vn -0.707116783 -0.000148680556 0.707096696
vn 4.48727133E-06 -0.000117741882 -1
vn 4.48727133E-06 -0.000117741882 -1
vn 4.48727133E-06 -0.000117741882 -1
vn 4.48727133E-06 -0.000117741882 -1
vn 0.9238832 -8.29879282E-05 -0.382674694
vn 0.707111776 -8.67248746E-05 -0.707101762
vn 0.707111776 -8.672486E-05 -0.707101762
vn 0.923879504 -8.29881901E-05 -0.382683516
vn 0.92388612 -8.31185389E-05 0.382667482
vn 0.923879504 -8.311899E-05 0.382683516
vn 0.707120478 -8.69669238E-05 0.707093
vn 0.707120478 -8.69669238E-05 0.707093
vn -0 -0.000118086369 1
vn -0 -0.000118086369 1
vn -0 -0.000118086369 1
vn -0 -0.000118086347 1
vn -0.577352881 0.577352643 0.577345371
vn -0.302204251 0.832410932 0.464504659
vn -0.832410634 0.302204281 0.464505255
vn -0.302209526 0.464507073 0.832407653
vn -0.464503229 0.302205831 0.83241117
vn -0.832416713 0.46451062 0.302179068
vn -0.464500606 0.832418323 0.302190393
vn -0.302204549 -0.832410693 0.464504927
vn -0.302209973 -0.464506328 0.832407951
vn -0.577354968 -0.577352285 0.577343643
vn -0.832410395 -0.30220589 0.464504719
vn -0.832417905 -0.464507908 0.302180141
vn -0.464502007 -0.302208573 0.832410932
vn -0.464507431 -0.832414806 0.30218944
vn -0.302204907 -0.464503378 -0.832411349
vn -0.302204758 -0.832410693 -0.464504838
vn -0.577350497 -0.577349663 -0.577350616
vn -0.680113316 -0.495671719 -0.540143847
vn -0.832410276 -0.302206099 -0.46450457
vn -0.495672673 -0.680112898 -0.54014349
vn -0.464503586 -0.302205175 -0.832411289
vn 0.464501679 -0.832404673 0.302226096
vn 0.832401931 -0.464501232 0.302234173
vn 0.577343822 -0.577346325 0.57736063
vn 0.464502245 -0.302197635 0.832414746
vn 0.302194834 -0.464498997 0.832417548
vn 0.832412004 -0.302203208 0.464503497
vn 0.302206278 -0.832410097 0.464504749
vn 0.30220741 0.464502752 -0.832410932
vn 0.577349067 0.57735002 -0.577351809
vn 0.680113733 0.495668441 -0.540146232
vn 0.302206159 0.832410634 -0.464504063
vn 0.495669991 0.680112481 -0.54014647
vn 0.832410693 0.302205384 -0.46450448
vn 0.464502573 0.302206159 -0.832411349
vn -1 4.55027566E-06 -1.20121476E-05
vn -1 7.53538779E-06 -4.09303357E-06
vn -1 7.6616052E-06 -3.8114606E-06
vn -1 4.51587266E-06 -1.20278974E-05
vn -1 1.59993469E-05 2.09337168E-06
vn -1 8.66659138E-06 -4.17591127E-06
vn -1 1.60886411E-05 2.05377023E-06
vn -1 8.84430938E-06 -3.78785353E-06
vn -1 1.81696796E-05 -7.64496599E-06
vn -1 1.17718037E-05 4.44310308E-06
vn -1 1.8236753E-05 -7.44387489E-06
vn -1 1.17954942E-05 4.41783595E-06
vn -1 9.5288724E-06 -1.37121187E-05
vn -1 7.92366427E-06 -2.87894431E-06
vn -1 1.03246912E-05 -1.39081121E-05
vn -1 7.37002574E-06 -4.19581693E-06
vn -0.287219405 0.114112109 0.951043308
vn -0.282937825 -0.127133325 0.95067513
vn -0.287219346 -0.114112414 0.951043308
vn -0.282937676 0.127133727 0.95067513
vn -0.127133727 -0.282937735 0.95067513
vn -0.114112422 0.287219584 0.951043189
vn -0.114111915 -0.287219465 0.951043308
vn -0.12713322 0.282938212 0.95067513
vn 0.127132937 -0.282937646 0.950675309
vn 0.114112422 0.287219524 0.951043189
vn 0.114112146 -0.287219167 0.951043427
vn 0.12713322 0.282938153 0.95067513
vn 0.282937437 -0.12713322 0.950675309
vn 0.287219316 0.114112139 0.951043427
vn 0.287219018 -0.114112258 0.951043427
vn 0.282937676 0.127133653 0.950675249
vn -0.586742997 0.363901198 -0.723400712
vn -0.590326667 -0.181255221 -0.786550045
vn -0.586743116 -0.363900632 -0.72340095
vn -0.590326667 0.181255251 -0.786550045
vn -0.181255192 -0.590325654 -0.78655076
vn -0.36390081 0.586742759 -0.72340107
vn -0.363900959 -0.586742282 -0.723401368
vn -0.181255251 0.59032613 -0.786550462
vn 0.181255192 -0.590325654 -0.78655076
vn 0.36390081 0.586742818 -0.72340101
vn 0.363900959 -0.586742282 -0.723401368
vn 0.181255266 0.59032613 -0.786550462
vn 0.590326667 -0.181255221 -0.786550045
vn 0.586743057 0.363901168 -0.723400652
vn 0.586743116 -0.363900632 -0.72340095
vn 0.590326726 0.181255281 -0.786549985
vn -0.114112169 -0.951043189 -0.287219822
vn 0.127133518 -0.95067513 -0.282937974
vn 0.114112578 -0.951043189 -0.287219495
vn -0.12713401 -0.950675011 -0.282938093
vn 0.282937855 -0.95067513 -0.127133623
vn -0.287219614 -0.951043189 -0.11411228
vn 0.287219614 -0.951043308 -0.114111885
vn -0.282938123 -0.950675011 -0.127133623
vn 0.282937795 -0.950675249 0.127133206
vn -0.287219614 -0.951043308 0.114112265
vn 0.287219346 -0.951043427 0.114111975
vn -0.282938033 -0.95067513 0.127133593
vn 0.127133399 -0.950675249 0.282937527
vn -0.114112079 -0.951043308 0.287219614
vn 0.114112385 -0.951043427 0.287219077
vn -0.127133921 -0.95067513 0.282937825
vn -0.363900572 0.723401368 -0.58674258
vn 0.18125473 0.786551118 -0.590325356
vn 0.363899499 0.723402321 -0.586742043
vn -0.181255132 0.78655076 -0.590325713
vn 0.590324163 0.786552012 -0.181254953
vn -0.586742818 0.72340095 -0.363901019
vn 0.586740732 0.723402798 -0.363900691
vn -0.590326667 0.786550045 -0.181255341
vn 0.590324163 0.786552012 0.181254968
vn -0.586742818 0.72340095 0.363901019
vn 0.586740732 0.723402739 0.363900661
vn -0.590326667 0.786550045 0.181255341
vn 0.181254759 0.786551058 0.590325415
vn -0.363900572 0.723401368 0.58674258
vn 0.363899529 0.723402321 0.586742043
vn -0.181255132 0.78655076 0.590325713
vn 0.951043189 -0.114112169 -0.287219822
vn 0.95067513 0.127133518 -0.282937974
vn 0.951043189 0.114112578 -0.287219495
vn 0.950675011 -0.12713401 -0.282938093
vn 0.95067513 0.282937855 -0.127133623
vn 0.951043189 -0.287219614 -0.11411228
vn 0.951043308 0.287219614 -0.114111885
vn 0.950675011 -0.282938093 -0.127133623
vn 0.950675249 0.282937795 0.127133206
vn 0.951043308 -0.287219614 0.114112265
vn 0.951043427 0.287219346 0.114111975
vn 0.95067513 -0.282938033 0.127133593
vn 0.950675249 0.127133399 0.282937527
vn 0.951043308 -0.114112079 0.287219614
vn 0.951043427 0.114112385 0.287219077
vn 0.95067513 -0.127133921 0.282937825
vn -0.723401368 -0.363900572 -0.58674258
vn -0.786551058 0.181254715 -0.590325475
vn -0.723402321 0.363899499 -0.586742043
vn -0.78655076 -0.181255132 -0.590325773
vn -0.786552012 0.590324163 -0.181254953
vn -0.72340095 -0.586742818 -0.363901019
vn -0.723402798 0.586740732 -0.363900691
vn -0.786550045 -0.590326667 -0.181255341
vn -0.786552012 0.590324163 0.181254953
vn -0.72340095 -0.586742818 0.363901019
vn -0.723402739 0.586740732 0.363900661
vn -0.786550045 -0.590326667 0.181255341
vn -0.786551058 0.181254715 0.590325475
vn -0.723401368 -0.363900572 0.58674258
vn -0.723402321 0.363899529 0.586742103
vn -0.78655076 -0.181255132 0.590325773
vn 0.114112169 0.951043189 -0.287219822
vn -0.127133518 0.95067513 -0.282937974
vn -0.114112578 0.951043189 -0.287219495
vn 0.12713401 0.950675011 -0.282938093
vn -0.282937855 0.95067513 -0.127133623
vn 0.287219614 0.951043189 -0.11411228
vn -0.287219614 0.951043308 -0.114111885
vn 0.282938123 0.950675011 -0.127133623
vn -0.282937795 0.950675249 0.127133206
vn 0.287219614 0.951043308 0.114112265
vn -0.287219346 0.951043427 0.114111975
vn 0.282938033 0.95067513 0.127133593
vn -0.127133399 0.950675249 0.282937527
vn 0.114112079 0.951043308 0.287219614
vn -0.114112385 0.951043427 0.287219077
vn 0.127133921 0.95067513 0.282937825
vn 0.363900572 -0.723401368 -0.58674258
vn -0.18125473 -0.786551118 -0.590325356
vn -0.363899499 -0.723402321 -0.586742043
vn 0.181255132 -0.78655076 -0.590325713
vn -0.590324163 -0.786552012 -0.181254953
vn 0.586742818 -0.72340095 -0.363901019
vn -0.586740732 -0.723402798 -0.363900691
vn 0.590326667 -0.786550045 -0.181255341
vn -0.590324163 -0.786552012 0.181254968
vn 0.586742818 -0.72340095 0.363901019
vn -0.586740732 -0.723402739 0.363900661
vn 0.590326667 -0.786550045 0.181255341
vn -0.181254759 -0.786551058 0.590325415
vn 0.363900572 -0.723401368 0.58674258
vn -0.363899529 -0.723402321 0.586742043
vn 0.181255132 -0.78655076 0.590325713
vn -0.951043189 0.11411228 -0.287219822
vn -0.950675011 -0.127133429 -0.282938153
vn -0.951043189 -0.114112556 -0.287219524
vn -0.950675011 0.127133861 -0.282938153
vn -0.95067513 -0.282937795 -0.127133757
vn -0.951043189 0.287219822 -0.114112355
vn -0.951043308 -0.287219584 -0.114111975
vn -0.950675011 0.282938272 -0.127133623
vn -0.950675249 -0.282937676 0.12713334
vn -0.951043189 0.287219733 0.114112303
vn -0.951043427 -0.287219286 0.114112049
vn -0.950675011 0.282938123 0.127133578
vn -0.950675249 -0.12713328 0.282937676
vn -0.951043308 0.114112191 0.287219584
vn -0.951043427 -0.114112362 0.287219197
vn -0.95067513 0.127133682 0.282937855
vn 0.723401546 0.363900602 -0.586742282
vn 0.786550939 -0.181254953 -0.590325654
vn 0.723401845 -0.363900065 -0.586742401
vn 0.78655082 0.181254953 -0.590325654
vn 0.786550999 -0.590325415 -0.181255117
vn 0.723401427 0.586742342 -0.363900691
vn 0.723401904 -0.586741805 -0.36390084
vn 0.786550701 0.590325892 -0.181255192
vn 0.786550999 -0.590325415 0.181255117
vn 0.723401427 0.586742342 0.363900691
vn 0.723401904 -0.586741745 0.36390087
vn 0.786550701 0.590325892 0.181255192
vn 0.78655082 -0.181254923 0.590325654
vn 0.723401487 0.363900572 0.586742342
vn 0.723401845 -0.363900036 0.586742401
vn 0.78655082 0.181254953 0.590325654
vn -6.79540199E-06 1 1.45867998E-05
vn -6.28030057E-06 1 1.44732066E-05
vn 1.9580234E-06 1 6.23487767E-06
vn 1.8620276E-06 1 5.92920151E-06
vn -2.05158121E-05 1 4.9334385E-06
vn -6.23477217E-06 1 1.9580159E-06
vn -2.07077846E-05 1 4.32230945E-06
vn -5.92928518E-06 1 1.86207831E-06
vn -1.18581984E-05 1 -3.72406566E-06
vn -1.44732294E-05 1 1.01964488E-05
vn -1.24696153E-05 1 -3.91608091E-06
vn -1.45868162E-05 1 1.05196077E-05
vn -3.72404884E-06 1 1.18585222E-05
vn -1.21544281E-05 1 2.0708314E-05
vn -3.91606909E-06 1 1.24699736E-05
vn -1.23817636E-05 1 2.05162687E-05
vn 1 6.79540153E-06 1.45867998E-05
vn 1 6.28029966E-06 1.44732076E-05
vn 1 -1.9580234E-06 6.23487904E-06
vn 1 -1.86202806E-06 5.92920151E-06
vn 1 2.05158121E-05 4.9334385E-06
vn 1 6.23477217E-06 1.9580159E-06
vn 1 2.07077846E-05 4.32230945E-06
vn 1 5.92928518E-06 1.86207831E-06
vn 1 1.18581984E-05 -3.72406566E-06
vn 1 1.44732294E-05 1.01964488E-05
vn 1 1.24696153E-05 -3.91608091E-06
vn 1 1.45868162E-05 1.05196077E-05
vn 1 3.72404884E-06 1.18585222E-05
vn 1 1.21544281E-05 2.0708314E-05
vn 1 3.91606909E-06 1.24699736E-05
vn 1 1.23817636E-05 2.05162687E-05
vn -1.45867998E-05 6.79540153E-06 1
vn -1.44732076E-05 6.28029966E-06 1
vn -6.23487904E-06 -1.9580234E-06 1
vn -5.92920151E-06 -1.86202806E-06 1
vn -4.9334385E-06 2.05158121E-05 1
vn -1.9580159E-06 6.23477217E-06 1
vn -4.32230945E-06 2.07077846E-05 1
vn -1.86207831E-06 5.92928518E-06 1
vn 3.72406566E-06 1.18581984E-05 1
vn -1.01964488E-05 1.44732294E-05 1
vn 3.91608091E-06 1.24696153E-05 1
vn -1.05196077E-05 1.45868162E-05 1
vn -1.18585222E-05 3.72404884E-06 1
vn -2.0708314E-05 1.21544281E-05 1
vn -1.24699736E-05 3.91606909E-06 1
vn -2.05162687E-05 1.23817636E-05 1
g P_T_PlusUp_B_0
f 3/3/3 2/2/2 1/1/1
f 6/6/6 5/5/5 4/4/4
f 9/9/9 8/8/8 7/7/7
f 12/12/12 11/11/11 10/10/10
f 15/15/15 14/14/14 13/13/13
f 18/18/18 17/17/17 16/16/16
f 21/21/21 20/20/20 19/19/19
f 24/24/24 23/23/23 22/22/22
f 27/27/27 26/26/26 25/25/25
f 30/30/30 29/29/29 28/28/28
f 33/33/33 32/32/32 31/31/31
f 36/36/36 35/35/35 34/34/34
f 39/39/39 38/38/38 37/37/37
f 38/38/38 40/40/40 37/37/37
f 41/41/41 37/37/37 40/40/40
f 42/42/42 41/41/41 40/40/40
f 41/41/41 42/42/42 43/43/43
f 42/42/42 44/44/44 43/43/43
f 44/44/44 45/45/45 43/43/43
f 45/45/45 46/46/46 43/43/43
f 46/46/46 45/45/45 47/47/47
f 45/45/45 48/48/48 47/47/47
f 49/49/49 47/47/47 48/48/48
f 50/50/50 49/49/49 48/48/48
f 49/49/49 50/50/50 51/51/51
f 50/50/50 52/52/52 51/51/51
f 53/53/53 51/51/51 52/52/52
f 54/54/54 53/53/53 52/52/52
f 57/57/57 56/56/56 55/55/55
f 58/58/58 57/57/57 55/55/55
f 61/61/61 60/60/60 59/59/59
f 62/62/62 61/61/61 59/59/59
f 65/65/65 64/64/64 63/63/63
f 66/66/66 65/65/65 63/63/63
f 69/69/69 68/68/68 67/67/67
f 70/70/70 69/69/69 67/67/67
f 73/73/73 72/72/72 71/71/71
f 74/74/74 73/73/73 71/71/71
f 77/77/77 76/76/76 75/75/75
f 78/78/78 77/77/77 75/75/75
f 81/81/81 80/80/80 79/79/79
f 82/82/82 81/81/81 79/79/79
f 85/85/85 84/84/84 83/83/83
f 86/86/86 85/85/85 83/83/83
f 89/89/89 88/88/88 87/87/87
f 90/90/90 89/89/89 87/87/87
f 87/87/87 91/91/91 90/90/90
f 91/91/91 92/92/92 90/90/90
f 91/91/91 87/87/87 93/93/93
f 94/94/94 92/92/92 91/91/91
f 95/95/95 91/91/91 93/93/93
f 91/91/91 95/95/95 94/94/94
f 98/98/98 97/97/97 96/96/96
f 99/99/99 98/98/98 96/96/96
f 102/102/102 101/101/101 100/100/100
f 103/103/103 102/102/102 100/100/100
f 103/103/103 100/100/100 104/104/104
f 104/104/104 105/105/105 103/103/103
f 104/104/104 100/100/100 106/106/106
f 105/105/105 104/104/104 107/107/107
f 108/108/108 104/104/104 106/106/106
f 108/108/108 107/107/107 104/104/104
f 111/111/111 110/110/110 109/109/109
f 112/112/112 111/111/111 109/109/109
f 109/109/109 113/113/113 112/112/112
f 114/114/114 112/112/112 113/113/113
f 113/113/113 109/109/109 115/115/115
f 116/116/116 114/114/114 113/113/113
f 117/117/117 113/113/113 115/115/115
f 113/113/113 117/117/117 116/116/116
f 120/120/120 119/119/119 118/118/118
f 119/119/119 121/121/121 118/118/118
f 118/118/118 121/121/121 122/122/122
f 121/121/121 123/123/123 122/122/122
f 122/122/122 123/123/123 124/124/124
f 123/123/123 125/125/125 124/124/124
f 124/124/124 125/125/125 126/126/126
f 125/125/125 127/127/127 126/126/126
f 126/126/126 127/127/127 128/128/128
f 127/127/127 129/129/129 128/128/128
f 128/128/128 129/129/129 130/130/130
f 129/129/129 131/131/131 130/130/130
f 130/130/130 131/131/131 132/132/132
f 131/131/131 133/133/133 132/132/132
f 132/132/132 133/133/133 134/134/134
f 133/133/133 135/135/135 134/134/134
f 138/138/138 137/137/137 136/136/136
f 137/137/137 139/139/139 136/136/136
f 136/136/136 139/139/139 140/140/140
f 139/139/139 141/141/141 140/140/140
f 140/140/140 141/141/141 142/142/142
f 141/141/141 143/143/143 142/142/142
f 142/142/142 143/143/143 144/144/144
f 143/143/143 145/145/145 144/144/144
f 144/144/144 145/145/145 146/146/146
f 145/145/145 147/147/147 146/146/146
f 146/146/146 147/147/147 148/148/148
f 147/147/147 149/149/149 148/148/148
f 148/148/148 149/149/149 150/150/150
f 149/149/149 151/151/151 150/150/150
f 150/150/150 151/151/151 152/152/152
f 151/151/151 153/153/153 152/152/152
f 156/156/156 155/155/155 154/154/154
f 157/157/157 156/156/156 154/154/154
f 160/160/160 159/159/159 158/158/158
f 159/159/159 161/161/161 158/158/158
f 161/161/161 162/162/162 158/158/158
f 162/162/162 163/163/163 158/158/158
f 164/164/164 163/163/163 162/162/162
f 165/165/165 164/164/164 162/162/162
f 168/168/168 167/167/167 166/166/166
f 167/167/167 169/169/169 166/166/166
f 170/170/170 166/166/166 169/169/169
f 171/171/171 170/170/170 169/169/169
f 170/170/170 171/171/171 172/172/172
f 171/171/171 173/173/173 172/172/172
f 173/173/173 174/174/174 172/172/172
f 174/174/174 175/175/175 172/172/172
f 175/175/175 174/174/174 176/176/176
f 174/174/174 177/177/177 176/176/176
f 178/178/178 176/176/176 177/177/177
f 179/179/179 178/178/178 177/177/177
f 178/178/178 179/179/179 180/180/180
f 179/179/179 181/181/181 180/180/180
f 182/182/182 180/180/180 181/181/181
f 183/183/183 182/182/182 181/181/181
f 186/186/186 185/185/185 184/184/184
f 185/185/185 187/187/187 184/184/184
f 184/184/184 187/187/187 188/188/188
f 187/187/187 189/189/189 188/188/188
f 188/188/188 189/189/189 190/190/190
f 189/189/189 191/191/191 190/190/190
f 190/190/190 191/191/191 192/192/192
f 191/191/191 193/193/193 192/192/192
f 192/192/192 193/193/193 194/194/194
f 193/193/193 195/195/195 194/194/194
f 194/194/194 195/195/195 196/196/196
f 195/195/195 197/197/197 196/196/196
f 196/196/196 197/197/197 198/198/198
f 197/197/197 199/199/199 198/198/198
f 198/198/198 199/199/199 200/200/200
f 199/199/199 201/201/201 200/200/200
f 204/204/204 203/203/203 202/202/202
f 203/203/203 205/205/205 202/202/202
f 202/202/202 205/205/205 206/206/206
f 205/205/205 207/207/207 206/206/206
f 206/206/206 207/207/207 208/208/208
f 207/207/207 209/209/209 208/208/208
f 208/208/208 209/209/209 210/210/210
f 209/209/209 211/211/211 210/210/210
f 210/210/210 211/211/211 212/212/212
f 211/211/211 213/213/213 212/212/212
f 212/212/212 213/213/213 214/214/214
f 213/213/213 215/215/215 214/214/214
f 214/214/214 215/215/215 216/216/216
f 215/215/215 217/217/217 216/216/216
f 216/216/216 217/217/217 218/218/218
f 217/217/217 219/219/219 218/218/218
f 222/222/222 221/221/221 220/220/220
f 221/221/221 223/223/223 220/220/220
f 224/224/224 220/220/220 223/223/223
f 225/225/225 224/224/224 223/223/223
f 224/224/224 225/225/225 226/226/226
f 225/225/225 227/227/227 226/226/226
f 227/227/227 228/228/228 226/226/226
f 228/228/228 229/229/229 226/226/226
f 229/229/229 228/228/228 230/230/230
f 228/228/228 231/231/231 230/230/230
f 232/232/232 230/230/230 231/231/231
f 233/233/233 232/232/232 231/231/231
f 232/232/232 233/233/233 234/234/234
f 233/233/233 235/235/235 234/234/234
f 236/236/236 234/234/234 235/235/235
f 237/237/237 236/236/236 235/235/235
f 240/240/240 239/239/239 238/238/238
f 239/239/239 241/241/241 238/238/238
f 238/238/238 241/241/241 242/242/242
f 241/241/241 243/243/243 242/242/242
f 242/242/242 243/243/243 244/244/244
f 243/243/243 245/245/245 244/244/244
f 244/244/244 245/245/245 246/246/246
f 245/245/245 247/247/247 246/246/246
f 246/246/246 247/247/247 248/248/248
f 247/247/247 249/249/249 248/248/248
f 248/248/248 249/249/249 250/250/250
f 249/249/249 251/251/251 250/250/250
f 250/250/250 251/251/251 252/252/252
f 251/251/251 253/253/253 252/252/252
f 252/252/252 253/253/253 254/254/254
f 253/253/253 255/255/255 254/254/254
f 258/258/258 257/257/257 256/256/256
f 257/257/257 259/259/259 256/256/256
f 256/256/256 259/259/259 260/260/260
f 259/259/259 261/261/261 260/260/260
f 260/260/260 261/261/261 262/262/262
f 261/261/261 263/263/263 262/262/262
f 262/262/262 263/263/263 264/264/264
f 263/263/263 265/265/265 264/264/264
f 264/264/264 265/265/265 266/266/266
f 265/265/265 267/267/267 266/266/266
f 266/266/266 267/267/267 268/268/268
f 267/267/267 269/269/269 268/268/268
f 268/268/268 269/269/269 270/270/270
f 269/269/269 271/271/271 270/270/270
f 270/270/270 271/271/271 272/272/272
f 271/271/271 273/273/273 272/272/272
f 276/276/276 275/275/275 274/274/274
f 275/275/275 277/277/277 274/274/274
f 278/278/278 274/274/274 277/277/277
f 279/279/279 278/278/278 277/277/277
f 278/278/278 279/279/279 280/280/280
f 279/279/279 281/281/281 280/280/280
f 281/281/281 282/282/282 280/280/280
f 282/282/282 283/283/283 280/280/280
f 283/283/283 282/282/282 284/284/284
f 282/282/282 285/285/285 284/284/284
f 286/286/286 284/284/284 285/285/285
f 287/287/287 286/286/286 285/285/285
f 286/286/286 287/287/287 288/288/288
f 287/287/287 289/289/289 288/288/288
f 290/290/290 288/288/288 289/289/289
f 291/291/291 290/290/290 289/289/289
f 294/294/294 293/293/293 292/292/292
f 293/293/293 295/295/295 292/292/292
f 292/292/292 295/295/295 296/296/296
f 295/295/295 297/297/297 296/296/296
f 296/296/296 297/297/297 298/298/298
f 297/297/297 299/299/299 298/298/298
f 298/298/298 299/299/299 300/300/300
f 299/299/299 301/301/301 300/300/300
f 300/300/300 301/301/301 302/302/302
f 301/301/301 303/303/303 302/302/302
f 302/302/302 303/303/303 304/304/304
f 303/303/303 305/305/305 304/304/304
f 304/304/304 305/305/305 306/306/306
f 305/305/305 307/307/307 306/306/306
f 306/306/306 307/307/307 308/308/308
f 307/307/307 309/309/309 308/308/308
f 312/312/312 311/311/311 310/310/310
f 311/311/311 313/313/313 310/310/310
f 310/310/310 313/313/313 314/314/314
f 313/313/313 315/315/315 314/314/314
f 314/314/314 315/315/315 316/316/316
f 315/315/315 317/317/317 316/316/316
f 316/316/316 317/317/317 318/318/318
f 317/317/317 319/319/319 318/318/318
f 318/318/318 319/319/319 320/320/320
f 319/319/319 321/321/321 320/320/320
f 320/320/320 321/321/321 322/322/322
f 321/321/321 323/323/323 322/322/322
f 322/322/322 323/323/323 324/324/324
f 323/323/323 325/325/325 324/324/324
f 324/324/324 325/325/325 326/326/326
f 325/325/325 327/327/327 326/326/326
f 330/330/330 329/329/329 328/328/328
f 329/329/329 331/331/331 328/328/328
f 332/332/332 328/328/328 331/331/331
f 333/333/333 332/332/332 331/331/331
f 332/332/332 333/333/333 334/334/334
f 333/333/333 335/335/335 334/334/334
f 335/335/335 336/336/336 334/334/334
f 336/336/336 337/337/337 334/334/334
f 337/337/337 336/336/336 338/338/338
f 336/336/336 339/339/339 338/338/338
f 340/340/340 338/338/338 339/339/339
f 341/341/341 340/340/340 339/339/339
f 340/340/340 341/341/341 342/342/342
f 341/341/341 343/343/343 342/342/342
f 344/344/344 342/342/342 343/343/343
f 345/345/345 344/344/344 343/343/343
f 348/348/348 347/347/347 346/346/346
f 347/347/347 349/349/349 346/346/346
f 346/346/346 349/349/349 350/350/350
f 349/349/349 351/351/351 350/350/350
f 350/350/350 351/351/351 352/352/352
f 351/351/351 353/353/353 352/352/352
f 352/352/352 353/353/353 354/354/354
f 353/353/353 355/355/355 354/354/354
f 354/354/354 355/355/355 356/356/356
f 355/355/355 357/357/357 356/356/356
f 356/356/356 357/357/357 358/358/358
f 357/357/357 359/359/359 358/358/358
f 358/358/358 359/359/359 360/360/360
f 359/359/359 361/361/361 360/360/360
f 360/360/360 361/361/361 362/362/362
f 361/361/361 363/363/363 362/362/362
f 366/366/366 365/365/365 364/364/364
f 365/365/365 367/367/367 364/364/364
f 364/364/364 367/367/367 368/368/368
f 367/367/367 369/369/369 368/368/368
f 368/368/368 369/369/369 370/370/370
f 369/369/369 371/371/371 370/370/370
f 370/370/370 371/371/371 372/372/372
f 371/371/371 373/373/373 372/372/372
f 372/372/372 373/373/373 374/374/374
f 373/373/373 375/375/375 374/374/374
f 374/374/374 375/375/375 376/376/376
f 375/375/375 377/377/377 376/376/376
f 376/376/376 377/377/377 378/378/378
f 377/377/377 379/379/379 378/378/378
f 378/378/378 379/379/379 380/380/380
f 379/379/379 381/381/381 380/380/380
f 384/384/384 383/383/383 382/382/382
f 385/385/385 384/384/384 382/382/382
f 388/388/388 387/387/387 386/386/386
f 389/389/389 388/388/388 386/386/386
f 392/392/392 391/391/391 390/390/390
f 393/393/393 392/392/392 390/390/390
f 396/396/396 395/395/395 394/394/394
f 397/397/397 396/396/396 394/394/394
f 400/400/400 399/399/399 398/398/398
f 401/401/401 400/400/400 398/398/398
f 402/402/402 400/400/400 401/401/401
f 403/403/403 402/402/402 401/401/401
f 406/406/406 405/405/405 404/404/404
f 407/407/407 406/406/406 404/404/404
f 410/410/410 409/409/409 408/408/408
f 411/411/411 410/410/410 408/408/408
f 414/414/414 413/413/413 412/412/412
f 413/413/413 415/415/415 412/412/412
f 412/412/412 415/415/415 416/416/416
f 415/415/415 417/417/417 416/416/416
f 416/416/416 417/417/417 418/418/418
f 417/417/417 419/419/419 418/418/418
f 422/422/422 421/421/421 420/420/420
f 423/423/423 422/422/422 420/420/420
f 426/426/426 425/425/425 424/424/424
f 427/427/427 426/426/426 424/424/424
f 428/428/428 426/426/426 427/427/427
f 429/429/429 428/428/428 427/427/427
f 430/430/430 428/428/428 429/429/429
f 431/431/431 430/430/430 429/429/429
f 434/434/434 433/433/433 432/432/432
f 435/435/435 434/434/434 432/432/432
f 438/438/438 437/437/437 436/436/436
f 437/437/437 439/439/439 436/436/436
f 436/436/436 439/439/439 440/440/440
f 439/439/439 441/441/441 440/440/440
f 440/440/440 441/441/441 442/442/442
f 441/441/441 443/443/443 442/442/442
f 446/446/446 445/445/445 444/444/444
f 447/447/447 446/446/446 444/444/444
f 450/450/450 449/449/449 448/448/448
f 449/449/449 451/451/451 448/448/448
f 449/449/449 452/452/452 451/451/451
f 452/452/452 453/453/453 451/451/451
f 452/452/452 454/454/454 453/453/453
f 454/454/454 455/455/455 453/453/453
f 458/458/458 457/457/457 456/456/456
f 459/459/459 458/458/458 456/456/456
f 462/462/462 461/461/461 460/460/460
f 463/463/463 462/462/462 460/460/460
f 463/463/463 460/460/460 464/464/464
f 465/465/465 463/463/463 464/464/464
f 465/465/465 464/464/464 466/466/466
f 467/467/467 465/465/465 466/466/466
f 470/470/470 469/469/469 468/468/468
f 471/471/471 470/470/470 468/468/468
f 474/474/474 473/473/473 472/472/472
f 473/473/473 475/475/475 472/472/472
f 473/473/473 476/476/476 475/475/475
f 476/476/476 477/477/477 475/475/475
f 476/476/476 478/478/478 477/477/477
f 478/478/478 479/479/479 477/477/477
f 482/482/482 481/481/481 480/480/480
f 483/483/483 482/482/482 480/480/480
f 486/486/486 485/485/485 484/484/484
f 487/487/487 486/486/486 484/484/484
f 487/487/487 484/484/484 488/488/488
f 489/489/489 487/487/487 488/488/488
f 489/489/489 488/488/488 490/490/490
f 491/491/491 489/489/489 490/490/490
f 494/494/494 493/493/493 492/492/492
f 495/495/495 494/494/494 492/492/492
f 498/498/498 497/497/497 496/496/496
f 499/499/499 498/498/498 496/496/496
f 500/500/500 498/498/498 499/499/499
f 501/501/501 500/500/500 499/499/499
f 504/504/504 503/503/503 502/502/502
f 505/505/505 504/504/504 502/502/502
f 508/508/508 507/507/507 506/506/506
f 509/509/509 508/508/508 506/506/506
f 512/512/512 511/511/511 510/510/510
f 511/511/511 513/513/513 510/510/510
f 510/510/510 513/513/513 514/514/514
f 513/513/513 515/515/515 514/514/514
f 514/514/514 515/515/515 516/516/516
f 515/515/515 517/517/517 516/516/516
f 520/520/520 519/519/519 518/518/518
f 521/521/521 520/520/520 518/518/518
f 524/524/524 523/523/523 522/522/522
f 525/525/525 524/524/524 522/522/522
f 526/526/526 524/524/524 525/525/525
f 527/527/527 526/526/526 525/525/525
f 528/528/528 526/526/526 527/527/527
f 529/529/529 528/528/528 527/527/527
f 532/532/532 531/531/531 530/530/530
f 533/533/533 532/532/532 530/530/530
f 536/536/536 535/535/535 534/534/534
f 535/535/535 537/537/537 534/534/534
f 534/534/534 537/537/537 538/538/538
f 537/537/537 539/539/539 538/538/538
f 538/538/538 539/539/539 540/540/540
f 539/539/539 541/541/541 540/540/540
f 544/544/544 543/543/543 542/542/542
f 545/545/545 544/544/544 542/542/542
f 548/548/548 547/547/547 546/546/546
f 549/549/549 548/548/548 546/546/546
f 550/550/550 548/548/548 549/549/549
f 551/551/551 550/550/550 549/549/549
f 554/554/554 553/553/553 552/552/552
f 555/555/555 554/554/554 552/552/552
f 558/558/558 557/557/557 556/556/556
f 559/559/559 558/558/558 556/556/556
f 562/562/562 561/561/561 560/560/560
f 561/561/561 563/563/563 560/560/560
f 560/560/560 563/563/563 564/564/564
f 563/563/563 565/565/565 564/564/564
f 564/564/564 565/565/565 566/566/566
f 565/565/565 567/567/567 566/566/566
f 570/570/570 569/569/569 568/568/568
f 571/571/571 570/570/570 568/568/568
f 574/574/574 573/573/573 572/572/572
f 575/575/575 574/574/574 572/572/572
f 576/576/576 574/574/574 575/575/575
f 577/577/577 576/576/576 575/575/575
f 578/578/578 576/576/576 577/577/577
f 579/579/579 578/578/578 577/577/577
f 582/582/582 581/581/581 580/580/580
f 583/583/583 582/582/582 580/580/580
f 586/586/586 585/585/585 584/584/584
f 585/585/585 587/587/587 584/584/584
f 584/584/584 587/587/587 588/588/588
f 587/587/587 589/589/589 588/588/588
f 588/588/588 589/589/589 590/590/590
f 589/589/589 591/591/591 590/590/590
f 594/594/594 593/593/593 592/592/592
f 595/595/595 594/594/594 592/592/592
f 598/598/598 597/597/597 596/596/596
f 596/596/596 597/597/597 599/599/599
f 596/596/596 600/600/600 598/598/598
f 601/601/601 596/596/596 599/599/599
f 600/600/600 596/596/596 602/602/602
f 601/601/601 602/602/602 596/596/596
f 605/605/605 604/604/604 603/603/603
f 603/603/603 606/606/606 605/605/605
f 604/604/604 605/605/605 607/607/607
f 605/605/605 606/606/606 608/608/608
f 605/605/605 609/609/609 607/607/607
f 605/605/605 608/608/608 609/609/609
f 612/612/612 611/611/611 610/610/610
f 613/613/613 612/612/612 610/610/610
f 611/611/611 612/612/612 614/614/614
f 612/612/612 613/613/613 615/615/615
f 612/612/612 616/616/616 614/614/614
f 615/615/615 616/616/616 612/612/612
f 619/619/619 618/618/618 617/617/617
f 619/619/619 617/617/617 620/620/620
f 621/621/621 618/618/618 619/619/619
f 619/619/619 620/620/620 622/622/622
f 619/619/619 623/623/623 621/621/621
f 623/623/623 619/619/619 622/622/622
f 626/626/626 625/625/625 624/624/624
f 625/625/625 627/627/627 624/624/624
f 625/625/625 626/626/626 628/628/628
f 629/629/629 627/627/627 625/625/625
f 630/630/630 625/625/625 628/628/628
f 625/625/625 630/630/630 629/629/629
f 633/633/633 632/632/632 631/631/631
f 632/632/632 634/634/634 631/631/631
f 635/635/635 632/632/632 633/633/633
f 631/631/631 634/634/634 636/636/636
f 637/637/637 635/635/635 633/633/633
f 634/634/634 638/638/638 636/636/636
f 639/639/639 635/635/635 637/637/637
f 636/636/636 638/638/638 640/640/640
f 641/641/641 639/639/639 637/637/637
f 638/638/638 642/642/642 640/640/640
f 643/643/643 639/639/639 641/641/641
f 640/640/640 642/642/642 644/644/644
f 645/645/645 643/643/643 641/641/641
f 642/642/642 646/646/646 644/644/644
f 646/646/646 643/643/643 645/645/645
f 644/644/644 646/646/646 645/645/645
f 649/649/649 648/648/648 647/647/647
f 648/648/648 650/650/650 647/647/647
f 651/651/651 648/648/648 649/649/649
f 647/647/647 650/650/650 652/652/652
f 653/653/653 651/651/651 649/649/649
f 650/650/650 654/654/654 652/652/652
f 655/655/655 651/651/651 653/653/653
f 652/652/652 654/654/654 656/656/656
f 657/657/657 655/655/655 653/653/653
f 654/654/654 658/658/658 656/656/656
f 659/659/659 655/655/655 657/657/657
f 656/656/656 658/658/658 660/660/660
f 661/661/661 659/659/659 657/657/657
f 658/658/658 662/662/662 660/660/660
f 662/662/662 659/659/659 661/661/661
f 660/660/660 662/662/662 661/661/661
f 665/665/665 664/664/664 663/663/663
f 664/664/664 666/666/666 663/663/663
f 667/667/667 664/664/664 665/665/665
f 663/663/663 666/666/666 668/668/668
f 669/669/669 667/667/667 665/665/665
f 666/666/666 670/670/670 668/668/668
f 671/671/671 667/667/667 669/669/669
f 668/668/668 670/670/670 672/672/672
f 673/673/673 671/671/671 669/669/669
f 670/670/670 674/674/674 672/672/672
f 675/675/675 671/671/671 673/673/673
f 672/672/672 674/674/674 676/676/676
f 677/677/677 675/675/675 673/673/673
f 674/674/674 678/678/678 676/676/676
f 678/678/678 675/675/675 677/677/677
f 676/676/676 678/678/678 677/677/677
f 681/681/681 680/680/680 679/679/679
f 680/680/680 682/682/682 679/679/679
f 683/683/683 680/680/680 681/681/681
f 679/679/679 682/682/682 684/684/684
f 685/685/685 683/683/683 681/681/681
f 682/682/682 686/686/686 684/684/684
f 687/687/687 683/683/683 685/685/685
f 684/684/684 686/686/686 688/688/688
f 689/689/689 687/687/687 685/685/685
f 686/686/686 690/690/690 688/688/688
f 691/691/691 687/687/687 689/689/689
f 688/688/688 690/690/690 692/692/692
f 693/693/693 691/691/691 689/689/689
f 690/690/690 694/694/694 692/692/692
f 694/694/694 691/691/691 693/693/693
f 692/692/692 694/694/694 693/693/693
f 697/697/697 696/696/696 695/695/695
f 696/696/696 698/698/698 695/695/695
f 699/699/699 696/696/696 697/697/697
f 695/695/695 698/698/698 700/700/700
f 701/701/701 699/699/699 697/697/697
f 698/698/698 702/702/702 700/700/700
f 703/703/703 699/699/699 701/701/701
f 700/700/700 702/702/702 704/704/704
f 705/705/705 703/703/703 701/701/701
f 702/702/702 706/706/706 704/704/704
f 707/707/707 703/703/703 705/705/705
f 704/704/704 706/706/706 708/708/708
f 709/709/709 707/707/707 705/705/705
f 706/706/706 710/710/710 708/708/708
f 710/710/710 707/707/707 709/709/709
f 708/708/708 710/710/710 709/709/709
f 713/713/713 712/712/712 711/711/711
f 712/712/712 714/714/714 711/711/711
f 715/715/715 712/712/712 713/713/713
f 711/711/711 714/714/714 716/716/716
f 717/717/717 715/715/715 713/713/713
f 714/714/714 718/718/718 716/716/716
f 719/719/719 715/715/715 717/717/717
f 716/716/716 718/718/718 720/720/720
f 721/721/721 719/719/719 717/717/717
f 718/718/718 722/722/722 720/720/720
f 723/723/723 719/719/719 721/721/721
f 720/720/720 722/722/722 724/724/724
f 725/725/725 723/723/723 721/721/721
f 722/722/722 726/726/726 724/724/724
f 726/726/726 723/723/723 725/725/725
f 724/724/724 726/726/726 725/725/725
f 729/729/729 728/728/728 727/727/727
f 728/728/728 730/730/730 727/727/727
f 731/731/731 728/728/728 729/729/729
f 727/727/727 730/730/730 732/732/732
f 733/733/733 731/731/731 729/729/729
f 730/730/730 734/734/734 732/732/732
f 735/735/735 731/731/731 733/733/733
f 732/732/732 734/734/734 736/736/736
f 737/737/737 735/735/735 733/733/733
f 734/734/734 738/738/738 736/736/736
f 739/739/739 735/735/735 737/737/737
f 736/736/736 738/738/738 740/740/740
f 741/741/741 739/739/739 737/737/737
f 738/738/738 742/742/742 740/740/740
f 742/742/742 739/739/739 741/741/741
f 740/740/740 742/742/742 741/741/741
f 745/745/745 744/744/744 743/743/743
f 744/744/744 746/746/746 743/743/743
f 747/747/747 744/744/744 745/745/745
f 743/743/743 746/746/746 748/748/748
f 749/749/749 747/747/747 745/745/745
f 746/746/746 750/750/750 748/748/748
f 751/751/751 747/747/747 749/749/749
f 748/748/748 750/750/750 752/752/752
f 753/753/753 751/751/751 749/749/749
f 750/750/750 754/754/754 752/752/752
f 755/755/755 751/751/751 753/753/753
f 752/752/752 754/754/754 756/756/756
f 757/757/757 755/755/755 753/753/753
f 754/754/754 758/758/758 756/756/756
f 758/758/758 755/755/755 757/757/757
f 756/756/756 758/758/758 757/757/757
f 761/761/761 760/760/760 759/759/759
f 760/760/760 762/762/762 759/759/759
f 763/763/763 760/760/760 761/761/761
f 759/759/759 762/762/762 764/764/764
f 765/765/765 763/763/763 761/761/761
f 762/762/762 766/766/766 764/764/764
f 767/767/767 763/763/763 765/765/765
f 764/764/764 766/766/766 768/768/768
f 769/769/769 767/767/767 765/765/765
f 766/766/766 770/770/770 768/768/768
f 771/771/771 767/767/767 769/769/769
f 768/768/768 770/770/770 772/772/772
f 773/773/773 771/771/771 769/769/769
f 770/770/770 774/774/774 772/772/772
f 774/774/774 771/771/771 773/773/773
f 772/772/772 774/774/774 773/773/773
f 777/777/777 776/776/776 775/775/775
f 776/776/776 778/778/778 775/775/775
f 779/779/779 776/776/776 777/777/777
f 775/775/775 778/778/778 780/780/780
f 781/781/781 779/779/779 777/777/777
f 778/778/778 782/782/782 780/780/780
f 783/783/783 779/779/779 781/781/781
f 780/780/780 782/782/782 784/784/784
f 785/785/785 783/783/783 781/781/781
f 782/782/782 786/786/786 784/784/784
f 787/787/787 783/783/783 785/785/785
f 784/784/784 786/786/786 788/788/788
f 789/789/789 787/787/787 785/785/785
f 786/786/786 790/790/790 788/788/788
f 790/790/790 787/787/787 789/789/789
f 788/788/788 790/790/790 789/789/789
f 793/793/793 792/792/792 791/791/791
f 792/792/792 794/794/794 791/791/791
f 795/795/795 792/792/792 793/793/793
f 791/791/791 794/794/794 796/796/796
f 797/797/797 795/795/795 793/793/793
f 794/794/794 798/798/798 796/796/796
f 799/799/799 795/795/795 797/797/797
f 796/796/796 798/798/798 800/800/800
f 801/801/801 799/799/799 797/797/797
f 798/798/798 802/802/802 800/800/800
f 803/803/803 799/799/799 801/801/801
f 800/800/800 802/802/802 804/804/804
f 805/805/805 803/803/803 801/801/801
f 802/802/802 806/806/806 804/804/804
f 806/806/806 803/803/803 805/805/805
f 804/804/804 806/806/806 805/805/805
f 809/809/809 808/808/808 807/807/807
f 810/810/810 809/809/809 807/807/807
f 807/807/807 808/808/808 811/811/811
f 812/812/812 809/809/809 810/810/810
f 808/808/808 813/813/813 811/811/811
f 814/814/814 812/812/812 810/810/810
f 811/811/811 813/813/813 815/815/815
f 816/816/816 812/812/812 814/814/814
f 813/813/813 817/817/817 815/815/815
f 818/818/818 816/816/816 814/814/814
f 815/815/815 817/817/817 819/819/819
f 820/820/820 816/816/816 818/818/818
f 817/817/817 821/821/821 819/819/819
f 822/822/822 820/820/820 818/818/818
f 819/819/819 821/821/821 822/822/822
f 821/821/821 820/820/820 822/822/822
f 825/825/825 824/824/824 823/823/823
f 826/826/826 825/825/825 823/823/823
f 823/823/823 824/824/824 827/827/827
f 828/828/828 825/825/825 826/826/826
f 824/824/824 829/829/829 827/827/827
f 830/830/830 828/828/828 826/826/826
f 827/827/827 829/829/829 831/831/831
f 832/832/832 828/828/828 830/830/830
f 829/829/829 833/833/833 831/831/831
f 834/834/834 832/832/832 830/830/830
f 831/831/831 833/833/833 835/835/835
f 836/836/836 832/832/832 834/834/834
f 833/833/833 837/837/837 835/835/835
f 838/838/838 836/836/836 834/834/834
f 835/835/835 837/837/837 838/838/838
f 837/837/837 836/836/836 838/838/838
f 841/841/841 840/840/840 839/839/839
f 842/842/842 841/841/841 839/839/839
f 839/839/839 840/840/840 843/843/843
f 844/844/844 841/841/841 842/842/842
f 840/840/840 845/845/845 843/843/843
f 846/846/846 844/844/844 842/842/842
f 843/843/843 845/845/845 847/847/847
f 848/848/848 844/844/844 846/846/846
f 845/845/845 849/849/849 847/847/847
f 850/850/850 848/848/848 846/846/846
f 847/847/847 849/849/849 851/851/851
f 852/852/852 848/848/848 850/850/850
f 849/849/849 853/853/853 851/851/851
f 854/854/854 852/852/852 850/850/850
f 851/851/851 853/853/853 854/854/854
f 853/853/853 852/852/852 854/854/854
