g P_T_B_Vert
v 0.0872036368 -0.329515755 0.0871994197
v 0.0476936474 -0.369025826 0.0871994197
v 0.0872044191 -0.369025946 0.047689531
v 0.0476936474 -0.194620714 0.0871994197
v 0.0872036368 -0.234130904 0.0871994197
v 0.0872044191 -0.194620773 0.0476896279
v -0.087201409 -0.234130859 0.0871994197
v -0.0476914197 -0.194620714 0.0871994197
v -0.0872006416 -0.194620714 0.047689531
v -0.0476914197 -0.369025826 0.0871994197
v -0.087201409 -0.329515755 0.0871994197
v -0.0872006416 -0.369025946 0.0476896279
v -0.0872012153 -0.329515755 -0.0872056782
v -0.0476910286 -0.369025916 -0.0872057229
v -0.0872006416 -0.369025946 -0.0476952456
v -0.047691226 -0.194620773 -0.0872057229
v -0.0872012153 -0.234130859 -0.0872056782
v -0.0872006416 -0.194620714 -0.0476953387
v 0.0872038379 -0.234130904 -0.0872056782
v 0.0476936474 -0.194620773 -0.0872057229
v 0.0872044191 -0.194620773 -0.0476952456
v 0.0476936474 -0.369025916 -0.0872057229
v 0.0872038379 -0.329515755 -0.0872056782
v 0.0872044191 -0.369026035 -0.0476953387
v 0.138426676 -0.205646798 -0.112503015
v 0.147418559 -0.231267899 -0.0505582504
v 0.138426676 -0.169323295 -0.0761795565
v 0.138426676 -0.169323295 0.0761735439
v 0.147418365 -0.231267899 0.0505522415
v 0.138426676 -0.205646798 0.112497002
v 0.138426676 -0.357999742 0.112497002
v 0.147418365 -0.332378387 0.0505522341
v 0.138426676 -0.39432323 0.0761735514
v 0.138426676 -0.394323289 -0.0761795565
v 0.147418559 -0.332378387 -0.0505582504
v 0.138426676 -0.357999742 -0.112503015
v -0.138423085 -0.205646887 0.112497002
v -0.147414789 -0.231268093 0.0505522415
v -0.138423085 -0.169323385 0.0761735439
v -0.138423085 -0.169323385 -0.0761795565
v -0.147414789 -0.231268093 -0.0505582504
v -0.138423085 -0.205646887 -0.112502962
v -0.138423085 -0.357999861 -0.112502962
v -0.147414789 -0.332378596 -0.0505582504
v -0.138423085 -0.394323289 -0.0761794522
v -0.138423085 -0.394323409 0.0761735514
v -0.147414789 -0.332378596 0.0505522341
v -0.138423085 -0.357999861 0.112497002
v -0.112498321 -0.420248359 0.0761735514
v -0.112498321 -0.420248359 -0.0761795491
v -0.138423085 -0.394323289 -0.0761794522
v -0.138423085 -0.394323409 0.0761735514
v -0.0761745647 -0.420248359 -0.112503015
v 0.0761781484 -0.420248359 -0.112503015
v 0.0761773735 -0.3943232 -0.138428316
v -0.076175727 -0.3943232 -0.138428316
v 0.112501904 -0.420248359 -0.0761795491
v 0.112501904 -0.420248359 0.0761735514
v 0.138426676 -0.39432323 0.0761735514
v 0.138426676 -0.394323289 -0.0761795565
v 0.0761781484 -0.420248359 0.112497002
v -0.0761745647 -0.420248359 0.112497002
v -0.0761759207 -0.394323289 0.138421685
v 0.0761769861 -0.394323289 0.138421685
v -0.0761747584 -0.143398315 0.112497002
v 0.0761781484 -0.143398315 0.112497002
v 0.0761769861 -0.169323295 0.138421685
v -0.0761753395 -0.169323295 0.138421878
v 0.112501703 -0.143398315 0.0761735439
v 0.112501703 -0.143398315 -0.0761795565
v 0.138426676 -0.169323295 -0.0761795565
v 0.138426676 -0.169323295 0.0761735439
v 0.0761781484 -0.143398315 -0.112503015
v -0.0761747584 -0.143398315 -0.112503015
v -0.076175727 -0.169323191 -0.138428316
v 0.0761773735 -0.169323191 -0.138428316
v -0.112498321 -0.143398315 -0.0761795565
v -0.112498321 -0.143398315 0.0761735439
v -0.138423085 -0.169323385 0.0761735439
v -0.138423085 -0.169323385 -0.0761795565
v 0.138426676 -0.205646798 0.112497002
v 0.138426676 -0.357999742 0.112497002
v 0.112500742 -0.357999802 0.138421685
v 0.112500742 -0.205646798 0.138421685
v 0.100394115 -0.181431115 0.100389212
v 0.0761769861 -0.169323295 0.138421685
v 0.138426676 -0.169323295 0.0761735439
v 0.0761781484 -0.143398315 0.112497002
v 0.112501703 -0.143398315 0.0761735439
v -0.138423085 -0.357999861 0.112497002
v -0.138423085 -0.205646887 0.112497002
v -0.112499483 -0.205646798 0.138421685
v -0.112499483 -0.357999802 0.138421685
v 0.138426676 -0.357999742 -0.112503015
v 0.138426676 -0.205646798 -0.112503015
v 0.112500742 -0.205646738 -0.138428271
v 0.112500742 -0.357999653 -0.138428316
v 0.100394115 -0.3822155 -0.10039518
v 0.0761773735 -0.3943232 -0.138428316
v 0.138426676 -0.394323289 -0.0761795565
v 0.0761781484 -0.420248359 -0.112503015
v 0.112501904 -0.420248359 -0.0761795491
v -0.138423085 -0.205646887 -0.112502962
v -0.138423085 -0.357999861 -0.112502962
v -0.112499282 -0.357999653 -0.138428316
v -0.112499282 -0.205646738 -0.138428316
v -0.100390337 -0.181431115 -0.10039518
v -0.076175727 -0.169323191 -0.138428316
v -0.138423085 -0.169323385 -0.0761795565
v -0.0761747584 -0.143398315 -0.112503015
v -0.112498321 -0.143398315 -0.0761795565
v 0.0761781484 -0.143398315 -0.112503015
v -0.0761747584 -0.112636775 -0.112503015
v -0.0761747584 -0.143398315 -0.112503015
v 0.0761781484 -0.112636775 -0.112503015
v 0.112501703 -0.143398315 -0.0761795565
v 0.112501703 -0.112636775 -0.0761795491
v 0.112501703 -0.143398315 0.0761735439
v 0.112501703 -0.112636775 0.0761735439
v 0.0761781484 -0.112636775 0.112497002
v 0.0761781484 -0.143398315 0.112497002
v -0.0761747584 -0.143398315 0.112497002
v -0.0761747584 -0.112636775 0.112497002
v -0.112498321 -0.143398315 0.0761735439
v -0.112498321 -0.112636775 0.0761735439
v -0.112498321 -0.143398315 -0.0761795565
v -0.112498321 -0.112636775 -0.0761795491
v -0.0761747584 -0.143398315 -0.112503015
v -0.0761747584 -0.112636775 -0.112503015
v 0.0699213594 -0.0929422453 -0.140665144
v -0.0693319589 -0.063646175 -0.139486536
v -0.0699179694 -0.0929422453 -0.140665144
v 0.06933593 -0.063646175 -0.139486536
v 0.140663743 -0.0929422453 -0.0699227676
v 0.139485717 -0.063646175 -0.0693367571
v 0.140663743 -0.0929422379 0.0699167624
v 0.139485717 -0.063646175 0.0693311319
v 0.0699213594 -0.0929422379 0.140659139
v 0.06933593 -0.063646175 0.139480934
v -0.0699179694 -0.0929422379 0.140659139
v -0.0693319589 -0.063646175 0.139480934
v -0.140660554 -0.0929422379 0.0699167624
v -0.139481544 -0.063646175 0.0693311319
v -0.140660554 -0.0929422453 -0.0699227676
v -0.139481544 -0.063646175 -0.0693367571
v -0.0699179694 -0.0929422453 -0.140665144
v -0.0693319589 -0.063646175 -0.139486536
v -0.109055698 -0.0532921553 -0.0596251376
v -0.0872006416 -0.194620714 0.047689531
v -0.109055698 -0.053292159 0.0596194193
v -0.0872006416 -0.194620714 -0.0476953387
v -0.0596201494 -0.053292159 -0.109060742
v -0.047691226 -0.194620773 -0.0872057229
v 0.059624318 -0.053292159 -0.109060742
v 0.0476936474 -0.194620773 -0.0872057229
v 0.109059863 -0.0532921553 -0.0596250407
v 0.0872044191 -0.194620773 -0.0476952456
v 0.109059863 -0.053292159 0.0596194193
v 0.0872044191 -0.194620773 0.0476896279
v 0.059624318 -0.0532921553 0.109055057
v 0.0476936474 -0.194620714 0.0871994197
v -0.0596201494 -0.0532921553 0.109055057
v -0.0476914197 -0.194620714 0.0871994197
v -0.109055698 -0.053292159 0.0596194193
v -0.0872006416 -0.194620714 0.047689531
v -0.0761745647 -0.420248359 -0.112503015
v 0.0761783421 -0.451009959 -0.112503015
v 0.0761781484 -0.420248359 -0.112503015
v -0.0761745647 -0.451009959 -0.112503015
v -0.112498321 -0.420248359 -0.0761795491
v -0.112498119 -0.451009959 -0.0761795491
v -0.112498321 -0.420248359 0.0761735514
v -0.112498119 -0.451009959 0.0761735514
v -0.0761745647 -0.451009959 0.112497002
v -0.0761745647 -0.420248359 0.112497002
v 0.0761781484 -0.420248359 0.112497002
v 0.0761783421 -0.451009959 0.112497002
v 0.112501904 -0.420248359 0.0761735514
v 0.112501904 -0.451009959 0.0761735514
v 0.112501904 -0.420248359 -0.0761795491
v 0.112501904 -0.451009959 -0.0761795491
v 0.0761781484 -0.420248359 -0.112503015
v 0.0761783421 -0.451009959 -0.112503015
v -0.0699177757 -0.470704496 -0.140665144
v 0.0693355426 -0.500000536 -0.139486536
v 0.0699215531 -0.470704496 -0.140665144
v -0.0693323463 -0.500000536 -0.139486536
v -0.140660152 -0.470704496 -0.0699227676
v -0.139482126 -0.500000536 -0.0693367571
v -0.140660152 -0.470704496 0.0699167624
v -0.139482126 -0.500000536 0.0693311319
v -0.0699177757 -0.470704496 0.140659139
v -0.0693323463 -0.500000536 0.139480934
v 0.0699215531 -0.470704496 0.140659139
v 0.0693355426 -0.500000536 0.139480934
v 0.14066413 -0.470704496 0.0699167624
v 0.139485136 -0.500000536 0.0693311319
v 0.14066413 -0.470704496 -0.0699227676
v 0.139485136 -0.500000536 -0.0693367571
v 0.0699215531 -0.470704496 -0.140665144
v 0.0693355426 -0.500000536 -0.139486536
v 0.139485136 -0.500000536 -0.0693367571
v 0.109059274 -0.510354578 -0.0596251376
v 0.109059274 -0.510354578 0.0596194267
v 0.139485136 -0.500000536 0.0693311319
v 0.0596237369 -0.510354578 0.109055057
v 0.0693355426 -0.500000536 0.139480934
v -0.0596207306 -0.510354578 0.109055057
v -0.0693323463 -0.500000536 0.139480934
v -0.0693323463 -0.500000536 0.139480934
v -0.109056279 -0.510354578 0.0596194267
v -0.139482126 -0.500000536 0.0693311319
v -0.139482126 -0.500000536 0.0693311319
v -0.109056279 -0.510354578 0.0596194267
v -0.109056279 -0.510354578 -0.0596250407
v -0.139482126 -0.500000536 -0.0693367571
v -0.139482126 -0.500000536 -0.0693367571
v -0.109056279 -0.510354578 -0.0596250407
v -0.0596207306 -0.510354578 -0.109060735
v -0.0693323463 -0.500000536 -0.139486536
v -0.0693323463 -0.500000536 -0.139486536
v -0.0596207306 -0.510354578 -0.109060735
v 0.0596237369 -0.510354578 -0.109060735
v 0.0693355426 -0.500000536 -0.139486536
v 0.0693355426 -0.500000536 -0.139486536
v 0.0596237369 -0.510354578 -0.109060735
v 0.109059274 -0.510354578 -0.0596251376
v 0.139485136 -0.500000536 -0.0693367571
v 0.109059274 -0.510354578 -0.0596251376
v 0.0872044191 -0.369025946 0.047689531
v 0.109059274 -0.510354578 0.0596194267
v 0.0872044191 -0.369026035 -0.0476953387
v 0.0596237369 -0.510354578 -0.109060735
v 0.109059274 -0.510354578 -0.0596251376
v 0.0476936474 -0.369025916 -0.0872057229
v -0.0596207306 -0.510354578 -0.109060735
v -0.0476910286 -0.369025916 -0.0872057229
v -0.109056279 -0.510354578 -0.0596250407
v -0.0872006416 -0.369025946 -0.0476952456
v -0.109056279 -0.510354578 0.0596194267
v -0.0872006416 -0.369025946 0.0476896279
v -0.0596207306 -0.510354578 0.109055057
v -0.0476914197 -0.369025826 0.0871994197
v 0.109059274 -0.510354578 0.0596194267
v 0.0872044191 -0.369025946 0.047689531
v 0.0476936474 -0.369025826 0.0871994197
v 0.0596237369 -0.510354578 0.109055057
v 0.0596237369 -0.510354578 0.109055057
v 0.0476936474 -0.369025826 0.0871994197
v -0.0476914197 -0.369025826 0.0871994197
v -0.0596207306 -0.510354578 0.109055057
v -0.112499483 -0.205646798 0.138421685
v -0.112500645 -0.357999802 0.169182792
v -0.112499483 -0.357999802 0.138421685
v -0.112500645 -0.205646798 0.169182792
v -0.0761753395 -0.169323295 0.138421878
v -0.076177083 -0.169323295 0.169182792
v 0.0761769861 -0.169323295 0.138421685
v 0.0761760175 -0.169323295 0.169182792
v 0.11249958 -0.205646798 0.169182792
v 0.112500742 -0.205646798 0.138421685
v 0.112500742 -0.357999802 0.138421685
v 0.11249958 -0.357999802 0.169182792
v 0.0761769861 -0.394323289 0.138421685
v 0.0761760175 -0.394323289 0.169182777
v -0.0761759207 -0.394323289 0.138421685
v -0.076177083 -0.394323289 0.169182777
v -0.112499483 -0.357999802 0.138421685
v -0.112500645 -0.357999802 0.169182792
v -0.14066267 -0.211903587 0.188877329
v -0.139484063 -0.351156831 0.2181734
v -0.14066267 -0.351743013 0.188877314
v -0.139484063 -0.212489009 0.2181734
v -0.069920294 -0.141161188 0.188877329
v -0.0693342835 -0.14233923 0.2181734
v 0.0699192286 -0.141161188 0.188877329
v 0.0693336055 -0.14233923 0.2181734
v 0.140661612 -0.211903587 0.188877329
v 0.139483392 -0.212489009 0.2181734
v 0.140661612 -0.351743013 0.188877314
v 0.139483392 -0.351156831 0.2181734
v 0.0699192286 -0.422485471 0.188877329
v 0.0693336055 -0.42130661 0.218173385
v -0.069920294 -0.422485471 0.188877329
v -0.0693342835 -0.42130661 0.218173385
v -0.14066267 -0.351743013 0.188877314
v -0.139484063 -0.351156831 0.2181734
v -0.0596226677 -0.390880734 0.228527427
v 0.0476936474 -0.369025826 0.0871994197
v 0.059621796 -0.390880734 0.228527427
v -0.0476914197 -0.369025826 0.0871994197
v -0.109058216 -0.341445088 0.228527427
v -0.087201409 -0.329515755 0.0871994197
v -0.109058216 -0.222200677 0.228527427
v -0.087201409 -0.234130859 0.0871994197
v -0.0596224777 -0.172765046 0.228527427
v -0.0476914197 -0.194620714 0.0871994197
v 0.059621796 -0.172765046 0.228527427
v 0.0476936474 -0.194620714 0.0871994197
v 0.109057538 -0.222200677 0.228527427
v 0.0872036368 -0.234130904 0.0871994197
v 0.109057538 -0.341445088 0.228527427
v 0.0872036368 -0.329515755 0.0871994197
v 0.059621796 -0.390880734 0.228527427
v 0.0476936474 -0.369025826 0.0871994197
v -0.112499282 -0.357999653 -0.138428316
v -0.112500258 -0.205646649 -0.169190153
v -0.112499282 -0.205646738 -0.138428316
v -0.112500258 -0.357999563 -0.169190153
v -0.076175727 -0.3943232 -0.138428316
v -0.0761766955 -0.394323111 -0.169190153
v 0.0761773735 -0.3943232 -0.138428316
v 0.076176405 -0.394323111 -0.169190153
v 0.11249996 -0.357999563 -0.169190153
v 0.112500742 -0.357999653 -0.138428316
v 0.112500742 -0.205646738 -0.138428271
v 0.11249996 -0.205646649 -0.169190153
v 0.0761773735 -0.169323191 -0.138428316
v 0.076176405 -0.169323102 -0.169190153
v -0.076175727 -0.169323191 -0.138428316
v -0.0761766955 -0.169323102 -0.169190153
v -0.112499282 -0.205646738 -0.138428316
v -0.112500258 -0.205646649 -0.169190153
v -0.140662298 -0.351742774 -0.18888469
v -0.13948369 -0.212489441 -0.218180761
v -0.140662298 -0.211903438 -0.18888469
v -0.13948369 -0.351157337 -0.218180761
v -0.0699199066 -0.422485143 -0.18888469
v -0.069333896 -0.421307147 -0.218180761
v 0.069919616 -0.422485143 -0.18888469
v 0.0693339929 -0.421307147 -0.218180761
v 0.140662 -0.351742774 -0.18888469
v 0.13948378 -0.351157337 -0.218180761
v 0.140662 -0.211903438 -0.18888469
v 0.13948378 -0.212489441 -0.218180761
v 0.069919616 -0.141160861 -0.18888469
v 0.0693339929 -0.142339855 -0.218180761
v -0.0699199066 -0.141160861 -0.18888469
v -0.069333896 -0.142339855 -0.218180761
v -0.140662298 -0.211903438 -0.18888469
v -0.13948369 -0.212489441 -0.218180761
v -0.0596222766 -0.172765702 -0.228534788
v 0.0476936474 -0.194620773 -0.0872057229
v 0.0596221797 -0.172765702 -0.228534788
v -0.047691226 -0.194620773 -0.0872057229
v -0.109057821 -0.222201273 -0.228534788
v -0.0872012153 -0.234130859 -0.0872056782
v -0.109057821 -0.341445714 -0.228534788
v -0.0872012153 -0.329515755 -0.0872056782
v -0.0596220866 -0.39088127 -0.228534788
v -0.0476910286 -0.369025916 -0.0872057229
v 0.0596221797 -0.39088127 -0.228534788
v 0.0476936474 -0.369025916 -0.0872057229
v 0.109057918 -0.341445714 -0.228534788
v 0.0872038379 -0.329515755 -0.0872056782
v 0.109057918 -0.222201273 -0.228534788
v 0.0872038379 -0.234130904 -0.0872056782
v 0.0596221797 -0.172765702 -0.228534788
v 0.0476936474 -0.194620773 -0.0872057229
v 0.147418559 -0.231267899 -0.0505582504
v 0.147418559 -0.332378387 -0.0505582504
v 0.147418365 -0.332378387 0.0505522341
v 0.147418365 -0.231267899 0.0505522415
v 0.0872044191 -0.369025946 0.047689531
v 0.0872036368 -0.234130904 0.0871994197
v 0.0872036368 -0.329515755 0.0871994197
v 0.0872044191 -0.194620773 0.0476896279
v 0.0872044191 -0.194620773 -0.0476952456
v 0.0872044191 -0.369026035 -0.0476953387
v 0.0872038379 -0.329515755 -0.0872056782
v 0.0872038379 -0.234130904 -0.0872056782
v 0.138426676 -0.357999742 -0.112503015
v 0.147418559 -0.332378387 -0.0505582504
v 0.147418559 -0.231267899 -0.0505582504
v 0.138426676 -0.205646798 -0.112503015
v 0.138426676 -0.169323295 -0.0761795565
v 0.147418559 -0.231267899 -0.0505582504
v 0.147418365 -0.231267899 0.0505522415
v 0.138426676 -0.169323295 0.0761735439
v 0.138426676 -0.205646798 0.112497002
v 0.147418365 -0.231267899 0.0505522415
v 0.147418365 -0.332378387 0.0505522341
v 0.138426676 -0.357999742 0.112497002
v 0.138426676 -0.39432323 0.0761735514
v 0.147418365 -0.332378387 0.0505522341
v 0.147418559 -0.332378387 -0.0505582504
v 0.138426676 -0.394323289 -0.0761795565
v -0.147414789 -0.231268093 0.0505522415
v -0.147414789 -0.332378596 0.0505522341
v -0.147414789 -0.332378596 -0.0505582504
v -0.147414789 -0.231268093 -0.0505582504
v -0.0872006416 -0.369025946 -0.0476952456
v -0.0872012153 -0.234130859 -0.0872056782
v -0.0872012153 -0.329515755 -0.0872056782
v -0.0872006416 -0.194620714 -0.0476953387
v -0.0872006416 -0.194620714 0.047689531
v -0.0872006416 -0.369025946 0.0476896279
v -0.087201409 -0.329515755 0.0871994197
v -0.087201409 -0.234130859 0.0871994197
v -0.138423085 -0.357999861 0.112497002
v -0.147414789 -0.332378596 0.0505522341
v -0.147414789 -0.231268093 0.0505522415
v -0.138423085 -0.205646887 0.112497002
v -0.138423085 -0.169323385 0.0761735439
v -0.147414789 -0.231268093 0.0505522415
v -0.147414789 -0.231268093 -0.0505582504
v -0.138423085 -0.169323385 -0.0761795565
v -0.138423085 -0.205646887 -0.112502962
v -0.147414789 -0.231268093 -0.0505582504
v -0.147414789 -0.332378596 -0.0505582504
v -0.138423085 -0.357999861 -0.112502962
v -0.138423085 -0.394323289 -0.0761794522
v -0.147414789 -0.332378596 -0.0505582504
v -0.147414789 -0.332378596 0.0505522341
v -0.138423085 -0.394323409 0.0761735514
v 0.125907481 -0.338912725 -0.500000775
v 0.0576618388 -0.40718174 -0.218751669
v 0.125907481 -0.338937342 -0.218750894
v 0.0576618388 -0.407157123 -0.50000155
v -0.0576621294 -0.40718174 -0.218751669
v -0.057661932 -0.407157123 -0.500000775
v -0.125906408 -0.338936865 -0.218752444
v -0.125906408 -0.338912278 -0.50000155
v 0.125907287 -0.223587573 -0.5
v 0.125907481 -0.338912725 -0.500000775
v 0.125907481 -0.338937342 -0.218750894
v 0.125907287 -0.223612189 -0.218750104
v 0.0576628111 -0.155343205 -0.5
v 0.125907287 -0.223587573 -0.5
v 0.125907287 -0.223612189 -0.218750104
v 0.0576628111 -0.155367866 -0.218750104
v -0.0576621294 -0.155343205 -0.5
v -0.0576623231 -0.155367866 -0.218750894
v -0.125906795 -0.223587796 -0.500000775
v -0.125906795 -0.223612383 -0.218751669
v -0.125906408 -0.338912278 -0.50000155
v -0.125906795 -0.223587796 -0.500000775
v -0.125906795 -0.223612383 -0.218751669
v -0.125906408 -0.338936865 -0.218752444
v -0.0944924355 -0.324525625 -0.500000775
v -0.0432447903 -0.375705361 -0.218750894
v -0.0944261625 -0.32452175 -0.218750894
v -0.0432752185 -0.375742763 -0.500000775
v 0.0432452783 -0.375705451 -0.218750894
v 0.043275699 -0.375742853 -0.500000775
v 0.0944268405 -0.321775824 -0.218750894
v 0.0944931209 -0.321779668 -0.500000775
v -0.0944922417 -0.237974346 -0.500000775
v -0.0944924355 -0.324525625 -0.500000775
v -0.0944261625 -0.32452175 -0.218750894
v -0.0944259614 -0.238027498 -0.218750894
v -0.043275021 -0.192754477 -0.500000775
v -0.0944922417 -0.237974346 -0.500000775
v -0.0944259614 -0.238027498 -0.218750894
v -0.0432446003 -0.192841202 -0.218750894
v 0.0432758927 -0.192754477 -0.500000775
v 0.0432454683 -0.192841202 -0.218750894
v 0.0944931209 -0.24072136 -0.500000775
v 0.0944268405 -0.240774527 -0.218750894
v 0.0944931209 -0.321779668 -0.500000775
v 0.0944931209 -0.24072136 -0.500000775
v 0.0944268405 -0.240774527 -0.218750894
v 0.0944268405 -0.321775824 -0.218750894
v 0.05766242 -0.407157004 0.499999404
v 0.05766261 -0.407181621 0.218749151
v -0.0576621294 -0.407181799 0.218748361
v -0.0576623231 -0.407157212 0.499998659
v -0.12590602 -0.338937134 0.218748361
v -0.125906602 -0.338912547 0.499998659
v 0.125906706 -0.338912666 0.499999404
v 0.1259069 -0.338937253 0.218749151
v 0.05766261 -0.407181621 0.218749151
v 0.05766242 -0.407157004 0.499999404
v 0.1259069 -0.223587483 0.499998629
v 0.125907093 -0.2236121 0.218748361
v 0.1259069 -0.338937253 0.218749151
v 0.125906706 -0.338912666 0.499999404
v 0.0576628111 -0.155343056 0.499997854
v 0.125907093 -0.2236121 0.218748361
v 0.1259069 -0.223587483 0.499998629
v 0.0576630011 -0.155367672 0.218747586
v -0.0576625131 -0.155343056 0.499998659
v -0.0576623231 -0.155367672 0.218748361
v -0.125906602 -0.22358796 0.499998629
v -0.12590602 -0.223612592 0.218748361
v -0.125906602 -0.338912547 0.499998659
v -0.12590602 -0.338937134 0.218748361
v -0.12590602 -0.223612592 0.218748361
v -0.125906602 -0.22358796 0.499998629
v -0.0942436233 -0.324411511 0.499998659
v -0.0943098888 -0.32446456 0.218748361
v -0.0431922749 -0.375580549 0.218748361
v -0.0431618504 -0.375493914 0.499998629
v 0.0431923717 -0.375580281 0.218748361
v 0.0431617536 -0.375493616 0.499998659
v 0.0943105668 -0.324464679 0.218748361
v 0.0942441002 -0.324411571 0.499998659
v -0.0942432284 -0.238088682 0.499999404
v -0.0943095013 -0.238084808 0.218749151
v -0.0943098888 -0.32446456 0.218748361
v -0.0942436233 -0.324411511 0.499998659
v -0.043161463 -0.187006533 0.499999404
v -0.0943095013 -0.238084808 0.218749151
v -0.0942432284 -0.238088682 0.499999404
v -0.0431918912 -0.186969027 0.218749151
v 0.0431611724 -0.187006712 0.499998659
v 0.0431917943 -0.186969221 0.218748361
v 0.0942441002 -0.238088772 0.499997854
v 0.0943105668 -0.238084897 0.218747586
v 0.0942441002 -0.324411571 0.499998659
v 0.0943105668 -0.324464679 0.218748361
v 0.0943105668 -0.238084897 0.218747586
v 0.0942441002 -0.238088772 0.499997854
v 0.125524461 0.500000298 -0.057663057
v 0.125549018 -0.0628828108 -0.0576632395
v 0.125549212 -0.0628835857 0.0576614924
v 0.125524655 0.499999493 0.0576616935
v 0.0573045909 -0.0628835857 0.125905395
v 0.0572799817 0.499999493 0.125905976
v 0.0572800823 0.500000298 -0.125907317
v 0.0573046878 -0.0628828108 -0.125907525
v 0.125549018 -0.0628828108 -0.0576632395
v 0.125524461 0.500000298 -0.057663057
v -0.0580451004 0.499999493 -0.125907511
v -0.0580204837 -0.0628835857 -0.125907719
v 0.0573046878 -0.0628828108 -0.125907525
v 0.0572800823 0.500000298 -0.125907317
v -0.126289532 0.499998719 -0.0576634407
v -0.0580204837 -0.0628835857 -0.125907719
v -0.0580451004 0.499999493 -0.125907511
v -0.126264915 -0.062884368 -0.0576636307
v -0.126289532 0.499999493 0.0576618835
v -0.126264915 -0.0628835857 0.0576616935
v -0.0580446124 0.499999493 0.125905976
v -0.0580200031 -0.0628835857 0.125905395
v 0.0572799817 0.499999493 0.125905976
v 0.0573045909 -0.0628835857 0.125905395
v -0.0580200031 -0.0628835857 0.125905395
v -0.0580446124 0.499999493 0.125905976
v 0.0427789316 0.499999493 0.09424299
v 0.0428319797 -0.0628835857 0.0943092629
v 0.0939479396 -0.0628835857 0.0431916453
v 0.0938613713 0.499999493 0.0431612208
v 0.0939476565 -0.0628835857 -0.0431930013
v 0.0938610807 0.499999493 -0.0431623831
v 0.0428320765 -0.0628835857 -0.0943112001
v 0.0427790247 0.499999493 -0.094244726
v -0.0435439013 0.500000298 0.0942426026
v -0.0435477756 -0.0628828108 0.0943088681
v 0.0428319797 -0.0628835857 0.0943092629
v 0.0427789316 0.499999493 0.09424299
v -0.0946260542 0.500000298 0.0431608371
v -0.0435477756 -0.0628828108 0.0943088681
v -0.0435439013 0.500000298 0.0942426026
v -0.0946635529 -0.0628828108 0.0431912616
v -0.0946258605 0.499999493 -0.0431618094
v -0.0946633518 -0.0628835857 -0.0431924202
v -0.0435438044 0.499998719 -0.094244726
v -0.0435476787 -0.0628843606 -0.0943112001
v 0.0427790247 0.499999493 -0.094244726
v 0.0428320765 -0.0628835857 -0.0943112001
v -0.0435476787 -0.0628843606 -0.0943112001
v -0.0435438044 0.499998719 -0.094244726
v -0.138423085 -0.357999861 -0.112502962
v -0.138423085 -0.394323289 -0.0761794522
v -0.100390337 -0.3822155 -0.10039518
v -0.112499282 -0.357999653 -0.138428316
v -0.112498321 -0.420248359 -0.0761795491
v -0.076175727 -0.3943232 -0.138428316
v -0.0761745647 -0.420248359 -0.112503015
v 0.0761773735 -0.169323191 -0.138428316
v 0.112500742 -0.205646738 -0.138428271
v 0.100394115 -0.181431115 -0.10039518
v 0.0761781484 -0.143398315 -0.112503015
v 0.138426676 -0.205646798 -0.112503015
v 0.112501703 -0.143398315 -0.0761795565
v 0.138426676 -0.169323295 -0.0761795565
v -0.112499483 -0.357999802 0.138421685
v -0.100390337 -0.38221553 0.100389116
v -0.138423085 -0.357999861 0.112497002
v -0.0761759207 -0.394323289 0.138421685
v -0.138423085 -0.394323409 0.0761735514
v -0.0761745647 -0.420248359 0.112497002
v -0.112498321 -0.420248359 0.0761735514
v -0.100390337 -0.181431115 0.100389116
v -0.0761753395 -0.169323295 0.138421878
v -0.112499483 -0.205646798 0.138421685
v -0.138423085 -0.205646887 0.112497002
v -0.0761747584 -0.143398315 0.112497002
v -0.138423085 -0.169323385 0.0761735439
v -0.112498321 -0.143398315 0.0761735439
v 0.0761769861 -0.394323289 0.138421685
v 0.112500742 -0.357999802 0.138421685
v 0.100394115 -0.38221553 0.100389212
v 0.0761781484 -0.420248359 0.112497002
v 0.138426676 -0.357999742 0.112497002
v 0.112501904 -0.420248359 0.0761735514
v 0.138426676 -0.39432323 0.0761735514
v -0.125906408 -0.338912278 -0.50000155
v -0.0944922417 -0.237974346 -0.500000775
v -0.125906795 -0.223587796 -0.500000775
v -0.0944924355 -0.324525625 -0.500000775
v -0.043275021 -0.192754477 -0.500000775
v -0.057661932 -0.407157123 -0.500000775
v -0.0576621294 -0.155343205 -0.5
v -0.0432752185 -0.375742763 -0.500000775
v 0.0432758927 -0.192754477 -0.500000775
v 0.0576618388 -0.407157123 -0.50000155
v 0.0576628111 -0.155343205 -0.5
v 0.043275699 -0.375742853 -0.500000775
v 0.0944931209 -0.24072136 -0.500000775
v 0.125907481 -0.338912725 -0.500000775
v 0.125907287 -0.223587573 -0.5
v 0.0944931209 -0.321779668 -0.500000775
v -0.13948369 -0.351157337 -0.218180761
v -0.109057821 -0.222201273 -0.228534788
v -0.13948369 -0.212489441 -0.218180761
v -0.109057821 -0.341445714 -0.228534788
v -0.0596222766 -0.172765702 -0.228534788
v -0.069333896 -0.421307147 -0.218180761
v -0.069333896 -0.142339855 -0.218180761
v -0.0596220866 -0.39088127 -0.228534788
v 0.0596221797 -0.172765702 -0.228534788
v 0.0693339929 -0.421307147 -0.218180761
v 0.0693339929 -0.142339855 -0.218180761
v 0.0596221797 -0.39088127 -0.228534788
v 0.109057918 -0.222201273 -0.228534788
v 0.13948378 -0.351157337 -0.218180761
v 0.13948378 -0.212489441 -0.218180761
v 0.109057918 -0.341445714 -0.228534788
v -0.112500258 -0.357999563 -0.169190153
v -0.140662298 -0.211903438 -0.18888469
v -0.112500258 -0.205646649 -0.169190153
v -0.140662298 -0.351742774 -0.18888469
v -0.0699199066 -0.141160861 -0.18888469
v -0.0761766955 -0.394323111 -0.169190153
v -0.0761766955 -0.169323102 -0.169190153
v -0.0699199066 -0.422485143 -0.18888469
v 0.069919616 -0.141160861 -0.18888469
v 0.076176405 -0.394323111 -0.169190153
v 0.076176405 -0.169323102 -0.169190153
v 0.069919616 -0.422485143 -0.18888469
v 0.140662 -0.211903438 -0.18888469
v 0.11249996 -0.357999563 -0.169190153
v 0.11249996 -0.205646649 -0.169190153
v 0.140662 -0.351742774 -0.18888469
v -0.139484063 -0.212489009 0.2181734
v -0.109058216 -0.341445088 0.228527427
v -0.139484063 -0.351156831 0.2181734
v -0.109058216 -0.222200677 0.228527427
v -0.0596226677 -0.390880734 0.228527427
v -0.0693342835 -0.14233923 0.2181734
v -0.0693342835 -0.42130661 0.218173385
v -0.0596224777 -0.172765046 0.228527427
v 0.059621796 -0.390880734 0.228527427
v 0.0693336055 -0.14233923 0.2181734
v 0.0693336055 -0.42130661 0.218173385
v 0.059621796 -0.172765046 0.228527427
v 0.109057538 -0.341445088 0.228527427
v 0.139483392 -0.212489009 0.2181734
v 0.139483392 -0.351156831 0.2181734
v 0.109057538 -0.222200677 0.228527427
v -0.112500645 -0.205646798 0.169182792
v -0.14066267 -0.351743013 0.188877314
v -0.112500645 -0.357999802 0.169182792
v -0.14066267 -0.211903587 0.188877329
v -0.069920294 -0.422485471 0.188877329
v -0.076177083 -0.169323295 0.169182792
v -0.076177083 -0.394323289 0.169182777
v -0.069920294 -0.141161188 0.188877329
v 0.0699192286 -0.422485471 0.188877329
v 0.0761760175 -0.169323295 0.169182792
v 0.0761760175 -0.394323289 0.169182777
v 0.0699192286 -0.141161188 0.188877329
v 0.140661612 -0.351743013 0.188877314
v 0.11249958 -0.205646798 0.169182792
v 0.11249958 -0.357999802 0.169182792
v 0.140661612 -0.211903587 0.188877329
v -0.0761745647 -0.451009959 -0.112503015
v 0.0699215531 -0.470704496 -0.140665144
v 0.0761783421 -0.451009959 -0.112503015
v -0.0699177757 -0.470704496 -0.140665144
v 0.14066413 -0.470704496 -0.0699227676
v -0.112498119 -0.451009959 -0.0761795491
v 0.112501904 -0.451009959 -0.0761795491
v -0.140660152 -0.470704496 -0.0699227676
v 0.14066413 -0.470704496 0.0699167624
v -0.112498119 -0.451009959 0.0761735514
v 0.112501904 -0.451009959 0.0761735514
v -0.140660152 -0.470704496 0.0699167624
v 0.0699215531 -0.470704496 0.140659139
v -0.0761745647 -0.451009959 0.112497002
v 0.0761783421 -0.451009959 0.112497002
v -0.0699177757 -0.470704496 0.140659139
v 0.06933593 -0.063646175 -0.139486536
v -0.0596201494 -0.053292159 -0.109060742
v -0.0693319589 -0.063646175 -0.139486536
v 0.059624318 -0.053292159 -0.109060742
v -0.109055698 -0.0532921553 -0.0596251376
v 0.139485717 -0.063646175 -0.0693367571
v -0.139481544 -0.063646175 -0.0693367571
v 0.109059863 -0.0532921553 -0.0596250407
v -0.109055698 -0.053292159 0.0596194193
v 0.139485717 -0.063646175 0.0693311319
v -0.139481544 -0.063646175 0.0693311319
v 0.109059863 -0.053292159 0.0596194193
v -0.0596201494 -0.0532921553 0.109055057
v 0.06933593 -0.063646175 0.139480934
v -0.0693319589 -0.063646175 0.139480934
v 0.059624318 -0.0532921553 0.109055057
v 0.0761781484 -0.112636775 -0.112503015
v -0.0699179694 -0.0929422453 -0.140665144
v -0.0761747584 -0.112636775 -0.112503015
v 0.0699213594 -0.0929422453 -0.140665144
v -0.140660554 -0.0929422453 -0.0699227676
v 0.112501703 -0.112636775 -0.0761795491
v -0.112498321 -0.112636775 -0.0761795491
v 0.140663743 -0.0929422453 -0.0699227676
v -0.140660554 -0.0929422379 0.0699167624
v 0.112501703 -0.112636775 0.0761735439
v -0.112498321 -0.112636775 0.0761735439
v 0.140663743 -0.0929422379 0.0699167624
v -0.0699179694 -0.0929422379 0.140659139
v 0.0761781484 -0.112636775 0.112497002
v -0.0761747584 -0.112636775 0.112497002
v 0.0699213594 -0.0929422379 0.140659139
v -0.0580446124 0.499999493 0.125905976
v -0.0435439013 0.500000298 0.0942426026
v 0.0427789316 0.499999493 0.09424299
v 0.0572799817 0.499999493 0.125905976
v -0.126289532 0.499999493 0.0576618835
v 0.0938613713 0.499999493 0.0431612208
v -0.0946260542 0.500000298 0.0431608371
v 0.125524655 0.499999493 0.0576616935
v -0.126289532 0.499998719 -0.0576634407
v 0.0938610807 0.499999493 -0.0431623831
v -0.0946258605 0.499999493 -0.0431618094
v 0.125524461 0.500000298 -0.057663057
v -0.0580451004 0.499999493 -0.125907511
v 0.0427790247 0.499999493 -0.094244726
v -0.0435438044 0.499998719 -0.094244726
v 0.0572800823 0.500000298 -0.125907317
v -0.125906602 -0.22358796 0.499998629
v -0.0942432284 -0.238088682 0.499999404
v -0.0942436233 -0.324411511 0.499998659
v -0.125906602 -0.338912547 0.499998659
v -0.0576625131 -0.155343056 0.499998659
v -0.0431618504 -0.375493914 0.499998629
v -0.043161463 -0.187006533 0.499999404
v -0.0576623231 -0.407157212 0.499998659
v 0.0576628111 -0.155343056 0.499997854
v 0.0431617536 -0.375493616 0.499998659
v 0.0431611724 -0.187006712 0.499998659
v 0.05766242 -0.407157004 0.499999404
v 0.1259069 -0.223587483 0.499998629
v 0.0942441002 -0.324411571 0.499998659
v 0.0942441002 -0.238088772 0.499997854
v 0.125906706 -0.338912666 0.499999404
vt 0.303610355 0.557493865
vt 0.289743423 0.557493806
vt 0.303610355 0.543626904
vt 0.28974247 0.557508826
vt 0.303609401 0.543641865
vt 0.303609401 0.557508826
vt 0.303610295 0.543641925
vt 0.289743364 0.557508826
vt 0.303610295 0.557508886
vt 0.303609401 0.557493746
vt 0.303609401 0.543626785
vt 0.28974247 0.557493746
vt 0.303610355 0.543626785
vt 0.303610355 0.557493746
vt 0.289743364 0.557493746
vt 0.289743364 0.557508826
vt 0.303610295 0.557508826
vt 0.303610295 0.543641865
vt 0.303609401 0.543641865
vt 0.303609401 0.557508886
vt 0.289742351 0.557508826
vt 0.289743423 0.557508886
vt 0.303610355 0.557508826
vt 0.303610355 0.543641865
vt 0.194534019 0.521521568
vt 0.201188356 0.537650406
vt 0.185059592 0.530996025
vt 0.185059592 0.570734799
vt 0.201188356 0.564080477
vt 0.194534019 0.580209196
vt 0.234272793 0.580209196
vt 0.227618396 0.564080477
vt 0.243747205 0.570734799
vt 0.243747279 0.530996025
vt 0.22761853 0.537650406
vt 0.234272793 0.521521568
vt 0.194534019 0.521521568
vt 0.201188356 0.537650406
vt 0.185059592 0.530996025
vt 0.185059592 0.570734799
vt 0.201188356 0.564080477
vt 0.194534019 0.580209196
vt 0.234272793 0.580209196
vt 0.227618396 0.564080477
vt 0.243747205 0.570734799
vt 0.243747279 0.530996025
vt 0.22761853 0.537650406
vt 0.234272793 0.521521568
vt 0.35181424 0.574387252
vt 0.351812482 0.512232006
vt 0.341238648 0.512237966
vt 0.341238707 0.574387252
vt 0.35181424 0.574387252
vt 0.351812482 0.512232006
vt 0.341238648 0.512237966
vt 0.341238707 0.574387252
vt 0.35181424 0.574387252
vt 0.351812482 0.512232006
vt 0.341238648 0.512237966
vt 0.341238707 0.574387252
vt 0.35181424 0.574387252
vt 0.351812482 0.512232006
vt 0.341238648 0.512237966
vt 0.341238707 0.574387252
vt 0.341238648 0.512237966
vt 0.341238707 0.574387252
vt 0.35181424 0.574387252
vt 0.351812482 0.512232006
vt 0.341238588 0.512238503
vt 0.341238707 0.574387252
vt 0.35181424 0.574387252
vt 0.351811528 0.512241721
vt 0.341238767 0.512238622
vt 0.341238707 0.574387252
vt 0.35181424 0.574387252
vt 0.351816326 0.512244642
vt 0.341238767 0.512238204
vt 0.341238707 0.574387252
vt 0.35181424 0.574387252
vt 0.351816684 0.512235701
vt 0.351815194 0.574401379
vt 0.351811528 0.512241721
vt 0.341238588 0.512238503
vt 0.341217428 0.574401379
vt 0.346516341 0.58457464
vt 0.333793223 0.585203469
vt 0.359239519 0.585203469
vt 0.339092016 0.594105422
vt 0.353940427 0.594105422
vt 0.341238588 0.512238503
vt 0.341238707 0.574387252
vt 0.35181424 0.574387252
vt 0.351811528 0.512241721
vt 0.351820976 0.574407101
vt 0.351816684 0.512235701
vt 0.341238767 0.512238204
vt 0.34122327 0.57440722
vt 0.346522063 0.584580362
vt 0.333798856 0.58520925
vt 0.359245121 0.58520925
vt 0.339097708 0.594111264
vt 0.353946149 0.594111264
vt 0.351830453 0.574397564
vt 0.351811528 0.512241721
vt 0.341238588 0.512238503
vt 0.341232687 0.574397624
vt 0.346531421 0.584570944
vt 0.333808362 0.585199714
vt 0.359254688 0.585199714
vt 0.339107394 0.594101608
vt 0.353955775 0.594101608
vt 0.368281573 0.491155148
vt 0.411386162 0.500348091
vt 0.411386162 0.491155148
vt 0.368281573 0.500348091
vt 0.354508102 0.491155148
vt 0.354508102 0.500348091
vt 0.311403632 0.491155148
vt 0.311403632 0.500348091
vt 0.297630072 0.500348091
vt 0.297630072 0.491155148
vt 0.254525572 0.491155148
vt 0.254525572 0.500348091
vt 0.24075219 0.491155148
vt 0.24075219 0.500348091
vt 0.197647512 0.491155148
vt 0.197647512 0.500348091
vt 0.183874145 0.491155148
vt 0.183874145 0.500348091
vt 0.373407066 0.501248002
vt 0.406814426 0.510002971
vt 0.406814545 0.501248002
vt 0.373406947 0.510002971
vt 0.349936515 0.501248002
vt 0.349936336 0.510002971
vt 0.316529006 0.501248002
vt 0.316529006 0.510002971
vt 0.293058574 0.501248002
vt 0.293058574 0.510002971
vt 0.259651124 0.501248002
vt 0.259651244 0.510002971
vt 0.236180514 0.501248002
vt 0.236180589 0.510002971
vt 0.202773035 0.501248002
vt 0.202773035 0.510002971
vt 0.179302529 0.501248002
vt 0.179302394 0.510002971
vt 0.152341053 0.497526556
vt 0.182130128 0.492455095
vt 0.161560729 0.479605764
vt 0.174755573 0.506789386
vt 0.14836669 0.508656621
vt 0.171579778 0.515681386
vt 0.144152626 0.528369009
vt 0.168209895 0.531442225
vt 0.143230125 0.540147841
vt 0.167473018 0.54085964
vt 0.144305274 0.560265779
vt 0.168332502 0.556965053
vt 0.146478698 0.571876228
vt 0.170070559 0.566251397
vt 0.152762696 0.591022849
vt 0.17509748 0.581569314
vt 0.157894179 0.601665556
vt 0.179198623 0.59007591
vt 0.368281573 0.491155148
vt 0.411386162 0.500348091
vt 0.411386162 0.491155148
vt 0.368281573 0.500348091
vt 0.354508102 0.491155148
vt 0.354508102 0.500348091
vt 0.311403632 0.491155148
vt 0.311403632 0.500348091
vt 0.297630072 0.500348091
vt 0.297630072 0.491155148
vt 0.254525572 0.491155148
vt 0.254525572 0.500348091
vt 0.24075219 0.491155148
vt 0.24075219 0.500348091
vt 0.197647512 0.491155148
vt 0.197647512 0.500348091
vt 0.183874145 0.491155148
vt 0.183874145 0.500348091
vt 0.373407066 0.501248002
vt 0.406814426 0.510002971
vt 0.406814545 0.501248002
vt 0.373406947 0.510002971
vt 0.349936515 0.501248002
vt 0.349936336 0.510002971
vt 0.316529006 0.501248002
vt 0.316529006 0.510002971
vt 0.293058574 0.501248002
vt 0.293058574 0.510002971
vt 0.259651124 0.501248002
vt 0.259651244 0.510002971
vt 0.236180514 0.501248002
vt 0.236180589 0.510002971
vt 0.202773035 0.501248002
vt 0.202773035 0.510002971
vt 0.179302529 0.501248002
vt 0.179302394 0.510002971
vt 0.276716858 0.512825131
vt 0.279755771 0.522277772
vt 0.314077348 0.521752238
vt 0.316963375 0.512740433
vt 0.328341633 0.534796238
vt 0.337477475 0.531570613
vt 0.328342587 0.567961812
vt 0.337506294 0.571227312
vt 0.337506294 0.571227312
vt 0.314452112 0.581225216
vt 0.317598909 0.589793086
vt 0.317598909 0.589793086
vt 0.314452112 0.581225216
vt 0.279851258 0.581225514
vt 0.276932597 0.590739489
vt 0.276932597 0.590739489
vt 0.279851258 0.581225514
vt 0.266389251 0.569017589
vt 0.256652474 0.572351277
vt 0.256652474 0.572351277
vt 0.266389251 0.569017589
vt 0.2663908 0.534849763
vt 0.256649226 0.531641662
vt 0.256649226 0.531641662
vt 0.2663908 0.534849763
vt 0.279755771 0.522277772
vt 0.276716858 0.512825131
vt 0.152341053 0.497526556
vt 0.182130128 0.492455095
vt 0.161560729 0.479605764
vt 0.174755573 0.506789386
vt 0.14836669 0.508656621
vt 0.152341053 0.497526556
vt 0.171579778 0.515681386
vt 0.144152626 0.528369009
vt 0.168209895 0.531442225
vt 0.143230125 0.540147841
vt 0.167473018 0.54085964
vt 0.144305274 0.560265779
vt 0.168332502 0.556965053
vt 0.146478698 0.571876228
vt 0.170070559 0.566251397
vt 0.157894179 0.601665556
vt 0.179198623 0.59007591
vt 0.17509748 0.581569314
vt 0.152762696 0.591022849
vt 0.152762696 0.591022849
vt 0.17509748 0.581569314
vt 0.170070559 0.566251397
vt 0.146478698 0.571876228
vt 0.368281573 0.491155148
vt 0.411386162 0.500348091
vt 0.411386162 0.491155148
vt 0.368281573 0.500348091
vt 0.354508102 0.491155148
vt 0.354508102 0.500348091
vt 0.311403632 0.491155148
vt 0.311403632 0.500348091
vt 0.297630072 0.500348091
vt 0.297630072 0.491155148
vt 0.254525572 0.491155148
vt 0.254525572 0.500348091
vt 0.24075219 0.491155148
vt 0.24075219 0.500348091
vt 0.197647512 0.491155148
vt 0.197647512 0.500348091
vt 0.183874145 0.491155148
vt 0.183874145 0.500348091
vt 0.373407066 0.501248002
vt 0.406814426 0.510002971
vt 0.406814545 0.501248002
vt 0.373406947 0.510002971
vt 0.349936515 0.501248002
vt 0.349936336 0.510002971
vt 0.316529006 0.501248002
vt 0.316529006 0.510002971
vt 0.293058574 0.501248002
vt 0.293058574 0.510002971
vt 0.259651124 0.501248002
vt 0.259651244 0.510002971
vt 0.236180514 0.501248002
vt 0.236180589 0.510002971
vt 0.202773035 0.501248002
vt 0.202773035 0.510002971
vt 0.179302529 0.501248002
vt 0.179302394 0.510002971
vt 0.152341053 0.497526556
vt 0.182130128 0.492455095
vt 0.161560729 0.479605764
vt 0.174755573 0.506789386
vt 0.14836669 0.508656621
vt 0.171579778 0.515681386
vt 0.144152626 0.528369009
vt 0.168209895 0.531442225
vt 0.143230125 0.540147841
vt 0.167473018 0.54085964
vt 0.144305274 0.560265779
vt 0.168332502 0.556965053
vt 0.146478698 0.571876228
vt 0.170070559 0.566251397
vt 0.152762696 0.591022849
vt 0.17509748 0.581569314
vt 0.157894179 0.601665556
vt 0.179198623 0.59007591
vt 0.368281573 0.491155148
vt 0.411386162 0.500348091
vt 0.411386162 0.491155148
vt 0.368281573 0.500348091
vt 0.354508102 0.491155148
vt 0.354508102 0.500348091
vt 0.311403632 0.491155148
vt 0.311403632 0.500348091
vt 0.297630072 0.500348091
vt 0.297630072 0.491155148
vt 0.254525572 0.491155148
vt 0.254525572 0.500348091
vt 0.24075219 0.491155148
vt 0.24075219 0.500348091
vt 0.197647512 0.491155148
vt 0.197647512 0.500348091
vt 0.183874145 0.491155148
vt 0.183874145 0.500348091
vt 0.373407066 0.501248002
vt 0.406814426 0.510002971
vt 0.406814545 0.501248002
vt 0.373406947 0.510002971
vt 0.349936515 0.501248002
vt 0.349936336 0.510002971
vt 0.316529006 0.501248002
vt 0.316529006 0.510002971
vt 0.293058574 0.501248002
vt 0.293058574 0.510002971
vt 0.259651124 0.501248002
vt 0.259651244 0.510002971
vt 0.236180514 0.501248002
vt 0.236180589 0.510002971
vt 0.202773035 0.501248002
vt 0.202773035 0.510002971
vt 0.179302529 0.501248002
vt 0.179302394 0.510002971
vt 0.152341053 0.497526556
vt 0.182130128 0.492455095
vt 0.161560729 0.479605764
vt 0.174755573 0.506789386
vt 0.14836669 0.508656621
vt 0.171579778 0.515681386
vt 0.144152626 0.528369009
vt 0.168209895 0.531442225
vt 0.143230125 0.540147841
vt 0.167473018 0.54085964
vt 0.144305274 0.560265779
vt 0.168332502 0.556965053
vt 0.146478698 0.571876228
vt 0.170070559 0.566251397
vt 0.152762696 0.591022849
vt 0.17509748 0.581569314
vt 0.157894179 0.601665556
vt 0.179198623 0.59007591
vt 0.201188356 0.537650406
vt 0.22761853 0.537650406
vt 0.227618396 0.564080477
vt 0.201188356 0.564080477
vt 0.322065234 0.565958321
vt 0.282595873 0.57751894
vt 0.310504973 0.57751894
vt 0.271035403 0.5659585
vt 0.271035403 0.538049519
vt 0.322065234 0.538049459
vt 0.310504973 0.526489079
vt 0.282595873 0.526489139
vt 0.234272793 0.521521568
vt 0.22761853 0.537650406
vt 0.201188356 0.537650406
vt 0.194534019 0.521521568
vt 0.185059592 0.530996025
vt 0.201188356 0.537650406
vt 0.201188356 0.564080477
vt 0.185059592 0.570734799
vt 0.194534019 0.580209196
vt 0.201188356 0.564080477
vt 0.227618396 0.564080477
vt 0.234272793 0.580209196
vt 0.243747205 0.570734799
vt 0.227618396 0.564080477
vt 0.22761853 0.537650406
vt 0.243747279 0.530996025
vt 0.201188356 0.537650406
vt 0.22761853 0.537650406
vt 0.227618396 0.564080477
vt 0.201188356 0.564080477
vt 0.322065234 0.565958321
vt 0.282595873 0.57751894
vt 0.310504973 0.57751894
vt 0.271035403 0.5659585
vt 0.271035403 0.538049519
vt 0.322065234 0.538049459
vt 0.310504973 0.526489079
vt 0.282595873 0.526489139
vt 0.234272793 0.521521568
vt 0.22761853 0.537650406
vt 0.201188356 0.537650406
vt 0.194534019 0.521521568
vt 0.185059592 0.530996025
vt 0.201188356 0.537650406
vt 0.201188356 0.564080477
vt 0.185059592 0.570734799
vt 0.194534019 0.580209196
vt 0.201188356 0.564080477
vt 0.227618396 0.564080477
vt 0.234272793 0.580209196
vt 0.243747205 0.570734799
vt 0.227618396 0.564080477
vt 0.22761853 0.537650406
vt 0.243747279 0.530996025
vt 0.0871014819 0.569017589
vt 0.102861352 0.614354551
vt 0.0871014819 0.614354372
vt 0.102861352 0.569017589
vt 0.120393172 0.614354789
vt 0.120393172 0.569017589
vt 0.136139318 0.614354789
vt 0.136139318 0.569017589
vt 0.0694694519 0.569017589
vt 0.0871014819 0.569017589
vt 0.0871014819 0.614354372
vt 0.0694694519 0.614353716
vt 0.0536554232 0.569017589
vt 0.0694694519 0.569017589
vt 0.0694694519 0.614353716
vt 0.0536554232 0.614353538
vt 0.0363097563 0.569017589
vt 0.0363097563 0.614353061
vt 0.0207588784 0.569017589
vt 0.0207588784 0.614352882
vt 0.00336805894 0.569017589
vt 0.0207588784 0.569017589
vt 0.0207588784 0.614352882
vt 0.00336805894 0.614352703
vt 0.144560009 0.735112071
vt 0.157264173 0.689855278
vt 0.144577652 0.689853549
vt 0.157264173 0.735112071
vt 0.169070974 0.689855695
vt 0.169070974 0.735112071
vt 0.182457983 0.689856172
vt 0.182457983 0.735112071
vt 0.231968209 0.735112071
vt 0.243533179 0.735112071
vt 0.24352169 0.689858496
vt 0.231968209 0.689859509
vt 0.218569621 0.735112071
vt 0.231968209 0.735112071
vt 0.231968209 0.689859509
vt 0.218569621 0.689859092
vt 0.206768319 0.735112071
vt 0.206768319 0.689858675
vt 0.1940929 0.735112071
vt 0.1940929 0.689857364
vt 0.182457983 0.735112071
vt 0.1940929 0.735112071
vt 0.1940929 0.689857364
vt 0.182457983 0.689856172
vt 0.00336804357 0.764106929
vt 0.00336804357 0.809443891
vt 0.0207588784 0.809443891
vt 0.0207588784 0.764106691
vt 0.0363097563 0.809443891
vt 0.0363097563 0.764106691
vt 0.120393127 0.764107108
vt 0.120393127 0.809443891
vt 0.135994047 0.809443891
vt 0.135994047 0.764106929
vt 0.102861397 0.764107764
vt 0.102861397 0.809443891
vt 0.120393127 0.809443891
vt 0.120393127 0.764107108
vt 0.0871015564 0.764107943
vt 0.102861397 0.809443891
vt 0.102861397 0.764107764
vt 0.0871015564 0.809443891
vt 0.069469437 0.764108419
vt 0.069469437 0.809443891
vt 0.0536553785 0.764108598
vt 0.0536553785 0.809443891
vt 0.0363097563 0.764108777
vt 0.0363097563 0.809443891
vt 0.0536553785 0.809443891
vt 0.0536553785 0.764108598
vt 0.157264173 0.689855278
vt 0.157264173 0.735112071
vt 0.169070974 0.735112071
vt 0.169070974 0.689855695
vt 0.182457983 0.735112071
vt 0.182457983 0.689856172
vt 0.1940929 0.735112071
vt 0.1940929 0.689857364
vt 0.144577652 0.689853549
vt 0.144560009 0.735112071
vt 0.157264173 0.735112071
vt 0.157264173 0.689855278
vt 0.231968209 0.689859509
vt 0.243533179 0.735112071
vt 0.24352169 0.689858496
vt 0.231968209 0.735112071
vt 0.218569621 0.689859092
vt 0.218569621 0.735112071
vt 0.206768319 0.689858675
vt 0.206768319 0.735112071
vt 0.1940929 0.689857364
vt 0.1940929 0.735112071
vt 0.206768319 0.735112071
vt 0.206768319 0.689858675
vt 0.00336804357 0.764106929
vt 0.00336804357 0.809443891
vt 0.0207588784 0.809443891
vt 0.0207588784 0.764106691
vt 0.0363097563 0.809443891
vt 0.0363097563 0.764106691
vt 0.120393127 0.764107108
vt 0.120393127 0.809443891
vt 0.135994047 0.809443891
vt 0.135994047 0.764106929
vt 0.102861397 0.764107764
vt 0.102861397 0.809443891
vt 0.120393127 0.809443891
vt 0.120393127 0.764107108
vt 0.0871015564 0.764107943
vt 0.102861397 0.809443891
vt 0.102861397 0.764107764
vt 0.0871015564 0.809443891
vt 0.069469437 0.764108419
vt 0.069469437 0.809443891
vt 0.0536553785 0.764108598
vt 0.0536553785 0.809443891
vt 0.0363097563 0.764108777
vt 0.0363097563 0.809443891
vt 0.0536553785 0.809443891
vt 0.0536553785 0.764108598
vt 0.157264173 0.689855278
vt 0.157264173 0.735112071
vt 0.169070974 0.735112071
vt 0.169070974 0.689855695
vt 0.182457983 0.735112071
vt 0.182457983 0.689856172
vt 0.1940929 0.735112071
vt 0.1940929 0.689857364
vt 0.144577652 0.689853549
vt 0.144560009 0.735112071
vt 0.157264173 0.735112071
vt 0.157264173 0.689855278
vt 0.231968209 0.689859509
vt 0.243533179 0.735112071
vt 0.24352169 0.689858496
vt 0.231968209 0.735112071
vt 0.218569621 0.689859092
vt 0.218569621 0.735112071
vt 0.206768319 0.689858675
vt 0.206768319 0.735112071
vt 0.1940929 0.689857364
vt 0.1940929 0.735112071
vt 0.206768319 0.735112071
vt 0.206768319 0.689858675
vt 0.351830453 0.574397564
vt 0.359254688 0.585199714
vt 0.346531421 0.584570944
vt 0.341232687 0.574397624
vt 0.353955775 0.594101608
vt 0.333808362 0.585199714
vt 0.339107394 0.594101608
vt 0.333798856 0.58520925
vt 0.34122327 0.57440722
vt 0.346522063 0.584580362
vt 0.339097708 0.594111264
vt 0.351820976 0.574407101
vt 0.353946149 0.594111264
vt 0.359245121 0.58520925
vt 0.341226995 0.574391842
vt 0.346525788 0.584565163
vt 0.351824701 0.574391842
vt 0.3338027 0.585194051
vt 0.359248966 0.585194051
vt 0.339101613 0.594095886
vt 0.353950113 0.594095886
vt 0.346525788 0.584565163
vt 0.3338027 0.585194051
vt 0.341226995 0.574391842
vt 0.351824701 0.574391842
vt 0.339101613 0.594095886
vt 0.359248966 0.585194051
vt 0.353950113 0.594095886
vt 0.333793223 0.585203469
vt 0.341217428 0.574401379
vt 0.346516341 0.58457464
vt 0.339092016 0.594105422
vt 0.351815194 0.574401379
vt 0.353940427 0.594105422
vt 0.359239519 0.585203469
vt 0.243351296 0.893893063
vt 0.237342566 0.913127661
vt 0.243344903 0.915795267
vt 0.237288713 0.896663189
vt 0.227520749 0.92273128
vt 0.230309129 0.880872905
vt 0.230264947 0.928717196
vt 0.227547809 0.886895478
vt 0.211056277 0.92273128
vt 0.208310634 0.880853891
vt 0.208266318 0.928717196
vt 0.211069733 0.886900127
vt 0.20123066 0.91304642
vt 0.195211872 0.893904209
vt 0.195172146 0.915767908
vt 0.201286867 0.896702588
vt 0.256652474 0.572351277
vt 0.2663908 0.534849763
vt 0.256649226 0.531641662
vt 0.266389251 0.569017589
vt 0.279755771 0.522277772
vt 0.276932597 0.590739489
vt 0.276716858 0.512825131
vt 0.279851258 0.581225514
vt 0.314077348 0.521752238
vt 0.317598909 0.589793086
vt 0.316963375 0.512740433
vt 0.314452112 0.581225216
vt 0.328341633 0.534796238
vt 0.337506294 0.571227312
vt 0.337477475 0.531570613
vt 0.328342587 0.567961812
vt 0.236411393 0.583281577
vt 0.194903642 0.591282785
vt 0.193125963 0.583281577
vt 0.234633729 0.591282785
vt 0.174804702 0.57118398
vt 0.246731326 0.572961688
vt 0.182806045 0.572961688
vt 0.254732519 0.57118398
vt 0.174804702 0.531453848
vt 0.246731326 0.529676199
vt 0.182806045 0.529676199
vt 0.254732519 0.531453848
vt 0.194903642 0.511354983
vt 0.236411393 0.51935631
vt 0.193125963 0.51935631
vt 0.234633729 0.511354983
vt 0.256652474 0.572351277
vt 0.2663908 0.534849763
vt 0.256649226 0.531641662
vt 0.266389251 0.569017589
vt 0.279755771 0.522277772
vt 0.276932597 0.590739489
vt 0.276716858 0.512825131
vt 0.279851258 0.581225514
vt 0.314077348 0.521752238
vt 0.317598909 0.589793086
vt 0.316963375 0.512740433
vt 0.314452112 0.581225216
vt 0.328341633 0.534796238
vt 0.337506294 0.571227312
vt 0.337477475 0.531570613
vt 0.328342587 0.567961812
vt 0.236411393 0.583281577
vt 0.194903642 0.591282785
vt 0.193125963 0.583281577
vt 0.234633729 0.591282785
vt 0.174804702 0.57118398
vt 0.246731326 0.572961688
vt 0.182806045 0.572961688
vt 0.254732519 0.57118398
vt 0.174804702 0.531453848
vt 0.246731326 0.529676199
vt 0.182806045 0.529676199
vt 0.254732519 0.531453848
vt 0.194903642 0.511354983
vt 0.236411393 0.51935631
vt 0.193125963 0.51935631
vt 0.234633729 0.511354983
vt 0.236411393 0.583281577
vt 0.194903642 0.591282785
vt 0.193125963 0.583281577
vt 0.234633729 0.591282785
vt 0.174804702 0.57118398
vt 0.246731326 0.572961688
vt 0.182806045 0.572961688
vt 0.254732519 0.57118398
vt 0.174804702 0.531453848
vt 0.246731326 0.529676199
vt 0.182806045 0.529676199
vt 0.254732519 0.531453848
vt 0.194903642 0.511354983
vt 0.236411393 0.51935631
vt 0.193125963 0.51935631
vt 0.234633729 0.511354983
vt 0.256652474 0.572351277
vt 0.2663908 0.534849763
vt 0.256649226 0.531641662
vt 0.266389251 0.569017589
vt 0.279755771 0.522277772
vt 0.276932597 0.590739489
vt 0.276716858 0.512825131
vt 0.279851258 0.581225514
vt 0.314077348 0.521752238
vt 0.317598909 0.589793086
vt 0.316963375 0.512740433
vt 0.314452112 0.581225216
vt 0.328341633 0.534796238
vt 0.337506294 0.571227312
vt 0.337477475 0.531570613
vt 0.328342587 0.567961812
vt 0.236411393 0.583281577
vt 0.194903642 0.591282785
vt 0.193125963 0.583281577
vt 0.234633729 0.591282785
vt 0.174804702 0.57118398
vt 0.246731326 0.572961688
vt 0.182806045 0.572961688
vt 0.254732519 0.57118398
vt 0.174804702 0.531453848
vt 0.246731326 0.529676199
vt 0.182806045 0.529676199
vt 0.254732519 0.531453848
vt 0.194903642 0.511354983
vt 0.236411393 0.51935631
vt 0.193125963 0.51935631
vt 0.234633729 0.511354983
vt 0.195172146 0.915767908
vt 0.20123066 0.91304642
vt 0.201287389 0.896703184
vt 0.195211872 0.893904209
vt 0.208266318 0.928717196
vt 0.211069733 0.886900127
vt 0.211056277 0.92273128
vt 0.208310634 0.880853891
vt 0.230264947 0.928717196
vt 0.227547809 0.886895478
vt 0.227520749 0.92273128
vt 0.230309129 0.880872905
vt 0.243344903 0.915795267
vt 0.237288713 0.896663189
vt 0.237342566 0.913127661
vt 0.243351296 0.893893063
vt 0.195172146 0.915767908
vt 0.20123066 0.91304642
vt 0.201287389 0.896703184
vt 0.195211872 0.893904209
vt 0.208266318 0.928717196
vt 0.211069733 0.886900127
vt 0.211056277 0.92273128
vt 0.208310634 0.880853891
vt 0.230264947 0.928717196
vt 0.227547809 0.886895478
vt 0.227520749 0.92273128
vt 0.230309129 0.880872905
vt 0.243344903 0.915795267
vt 0.237288713 0.896663189
vt 0.237342566 0.913127661
vt 0.243351296 0.893893063
vn -0.57734555 0.577344835 -0.577360511
vn -0.57734561 0.577344775 -0.577360451
vn -0.57734555 0.577344835 -0.577360511
vn -0.577346742 -0.577343881 -0.577360272
vn -0.577346742 -0.577343881 -0.577360272
vn -0.577346742 -0.577343881 -0.577360272
vn 0.888916671 -0.457559913 -0.0215896089
vn 0.579705536 -0.576172948 -0.57616514
vn 0.888917506 -0.021605799 -0.457557321
vn 0.577352881 0.577351511 -0.577346504
vn 0.888916314 0.45756045 -0.0215915069
vn 0.888916969 0.021602625 -0.457558781
vn 0.888915837 0.457561284 0.0215927511
vn 0.57970351 0.576173842 0.576166332
vn 0.888918102 0.0216024108 0.457556456
vn 0.579703867 -0.576173544 0.576166153
vn 0.888916135 -0.457560837 0.0215931907
vn 0.8889184 -0.0216053687 0.45755586
vn -0.888915539 -0.457561076 0.0216122624
vn -0.579700291 -0.576169252 0.576174021
vn -0.577348888 -0.577348888 0.57735312
vn -0.579700291 0.576170266 0.576173067
vn -0.888915718 0.457560509 0.0216119643
vn -0.88891536 0.021602314 0.45756188
vn 0.989619315 0.101621136 -0.10162127
vn 0.989619315 0.101621144 -0.10162127
vn 0.989619315 0.101621136 -0.10162127
vn 0.989619672 0.101618975 0.10161911
vn 0.989619672 0.101618968 0.101619102
vn 0.989619672 0.101618968 0.101619117
vn 0.989619792 -0.101618789 0.101618789
vn 0.989619792 -0.101618789 0.101618789
vn 0.989619792 -0.101618789 0.101618789
vn 0.989619315 -0.101620764 -0.101621032
vn 0.989619315 -0.101620749 -0.101621024
vn 0.989619315 -0.101620764 -0.101621024
vn -0.989619672 0.101618864 0.101618998
vn -0.989619672 0.101618841 0.101618975
vn -0.989619672 0.101618864 0.101618998
vn -0.989619672 0.101618819 -0.101619095
vn -0.989619672 0.101618797 -0.10161908
vn -0.989619672 0.101618819 -0.101619095
vn -0.989619672 -0.101619042 -0.101618908
vn -0.989619672 -0.101619057 -0.101618923
vn -0.989619672 -0.101619042 -0.101618908
vn -0.989619672 -0.101618707 0.101618968
vn -0.989619672 -0.101618707 0.101618968
vn -0.989619672 -0.101618707 0.101618968
vn -0.832410514 -0.302205443 0.464504689
vn -0.832410753 -0.302204996 -0.46450451
vn -0.540147364 -0.680110574 -0.495671809
vn -0.540145397 -0.680110931 0.495673239
vn -0.464502394 -0.302211523 -0.83240962
vn 0.464502543 -0.302202523 -0.832412779
vn 0.464502037 -0.832406998 -0.302219272
vn -0.464505553 -0.832415879 -0.302189231
vn 0.832411587 -0.302202821 -0.464504331
vn 0.832411766 -0.30220291 0.464504033
vn 0.540148258 -0.680109799 0.495671719
vn 0.540147662 -0.680109918 -0.495672286
vn 0.464500964 -0.302197754 0.832415402
vn -0.464500695 -0.302209079 0.832411468
vn -0.464507192 -0.832415164 0.302188933
vn 0.464500129 -0.832405567 0.302226126
vn -0.464503229 0.302205831 0.83241117
vn 0.464502543 0.302199781 0.832413852
vn 0.46450004 0.832405984 0.302225143
vn -0.464500755 0.832418203 0.302190423
vn 0.832410753 0.302205861 0.464503884
vn 0.832410753 0.302205652 -0.464504033
vn 0.540144384 0.680113196 -0.495671391
vn 0.540144742 0.680113137 0.495671064
vn 0.46450448 0.302205294 -0.832410693
vn -0.464504689 0.302211314 -0.832408488
vn -0.464505851 0.832417309 -0.30218485
vn 0.464502484 0.832408607 -0.302214056
vn -0.832411766 0.302202791 -0.464504242
vn -0.832411766 0.302202523 0.464504391
vn -0.54014641 0.680110574 0.495672852
vn -0.540146887 0.680110216 -0.495672673
vn 0.540133536 0.495665848 0.680125773
vn 0.540134788 -0.495665312 0.680125356
vn 0.83240217 -0.464501321 0.302233428
vn 0.83240211 0.464501441 0.302233428
vn 0.577343225 0.577347994 0.577359498
vn 0.46450004 0.832405984 0.302225143
vn 0.540144742 0.680113137 0.495671064
vn 0.464502543 0.302199781 0.832413852
vn 0.832410753 0.302205861 0.464503884
vn -0.540152729 -0.495675564 0.680103481
vn -0.540154576 0.49567467 0.680102706
vn -0.832417727 0.464509994 0.302177608
vn -0.832418442 -0.464507669 0.302179039
vn 0.540138662 -0.495667905 -0.68012023
vn 0.54013896 0.495668232 -0.680119753
vn 0.832406998 0.46450004 -0.302222311
vn 0.832406342 -0.464499593 -0.302224994
vn 0.577345788 -0.577346742 -0.577358127
vn 0.464502037 -0.832406998 -0.302219272
vn 0.540147662 -0.680109918 -0.495672286
vn 0.464502543 -0.302202523 -0.832412779
vn 0.832411587 -0.302202821 -0.464504331
vn -0.540159464 0.495675802 -0.680097938
vn -0.540156662 -0.495677561 -0.680098891
vn -0.832419395 -0.464505225 -0.302180141
vn -0.832420349 0.464505851 -0.302176297
vn -0.577356756 0.577352405 -0.577341735
vn -0.464505851 0.832417309 -0.30218485
vn -0.540146887 0.680110216 -0.495672673
vn -0.464504689 0.302211314 -0.832408488
vn -0.832411766 0.302202791 -0.464504242
vn 0.46450448 0.302205294 -0.832410693
vn -0.38268286 0 -0.923879802
vn -0.464504689 0.302211314 -0.832408488
vn 0.38268286 0 -0.923879802
vn 0.832410753 0.302205652 -0.464504033
vn 0.923879325 0 -0.382684082
vn 0.832410753 0.302205861 0.464503884
vn 0.923879325 0 0.382684082
vn 0.38268286 0 0.923879802
vn 0.464502543 0.302199781 0.832413852
vn -0.464503229 0.302205831 0.83241117
vn -0.38268286 0 0.923879802
vn -0.832411766 0.302202523 0.464504391
vn -0.923879325 0 0.382684082
vn -0.832411766 0.302202791 -0.464504242
vn -0.923879325 0 -0.382684082
vn -0.464504689 0.302211314 -0.832408488
vn -0.38268286 0 -0.923879802
vn 0.382977486 0.0447731353 -0.922671974
vn -0.381595254 0.0447786413 -0.923244238
vn -0.38298133 0.0447832569 -0.922669828
vn 0.381599605 0.0447685793 -0.923242986
vn 0.922670066 0.0447624698 -0.382983446
vn 0.923245847 0.0447578318 -0.381593853
vn 0.922671378 0.0447574109 0.382980824
vn 0.923244953 0.0447528027 0.381596833
vn 0.382978797 0.0447609611 0.922671974
vn 0.381598741 0.0447563902 0.92324388
vn -0.382982701 0.0447710976 0.922669947
vn -0.38159433 0.0447664596 0.923245251
vn -0.922671378 0.0447853319 0.382977486
vn -0.923242509 0.0447807759 0.381599188
vn -0.922670066 0.0447903834 -0.382980108
vn -0.923243523 0.0447857939 -0.381596297
vn -0.38298133 0.0447832569 -0.922669828
vn -0.381595254 0.0447786413 -0.923244238
vn 0.908401489 0.172617987 0.380801558
vn 0.888917506 -0.021605799 -0.457557321
vn 0.908401012 0.172618762 -0.380802274
vn 0.8889184 -0.0216053687 0.45755586
vn 0.380805552 0.172618195 0.90839982
vn 0.579703867 -0.576173544 0.576166153
vn -0.380804688 0.172620744 0.908399582
vn -0.579700291 -0.576169252 0.576174021
vn -0.908399582 0.172622338 0.380803943
vn -0.911839187 0.172459081 0.372568429
vn -0.908398628 0.172623321 -0.380805761
vn -0.911838233 0.17246002 -0.372570217
vn -0.380802333 0.172623754 -0.908399999
vn -0.580334306 -0.575849414 -0.575855434
vn 0.380804092 0.172621146 -0.90839982
vn 0.579705536 -0.576172948 -0.57616514
vn 0.908401012 0.172618762 -0.380802274
vn 0.888917506 -0.021605799 -0.457557321
vn -0.464502394 -0.302211523 -0.83240962
vn 0.382683575 1.21165533E-06 -0.923879445
vn 0.464502543 -0.302202523 -0.832412779
vn -0.382682234 -1.21165124E-06 -0.923880041
vn -0.832410753 -0.302204996 -0.46450451
vn -0.923878789 -4.62098615E-06 -0.382685155
vn -0.832410514 -0.302205443 0.464504689
vn -0.923878789 -4.62098615E-06 0.382685155
vn -0.382682234 -1.21165124E-06 0.923880041
vn -0.464500695 -0.302209079 0.832411468
vn 0.464500964 -0.302197754 0.832415402
vn 0.382683575 1.21165533E-06 0.923879445
vn 0.832411766 -0.30220291 0.464504033
vn 0.923879027 1.21165249E-06 0.382684618
vn 0.832411587 -0.302202821 -0.464504331
vn 0.923879027 1.21165249E-06 -0.382684618
vn 0.464502543 -0.302202523 -0.832412779
vn 0.382683575 1.21165533E-06 -0.923879445
vn -0.382977486 -0.0447731353 -0.922671974
vn 0.381595254 -0.044778619 -0.923244298
vn 0.38298133 -0.044783242 -0.922669828
vn -0.381599605 -0.0447685607 -0.923242986
vn -0.922670066 -0.0447624549 -0.382983446
vn -0.923245847 -0.0447578058 -0.381593853
vn -0.922671378 -0.0447573885 0.382980824
vn -0.923244953 -0.0447527841 0.381596833
vn -0.382978797 -0.0447609499 0.922671974
vn -0.381598741 -0.0447563715 0.92324388
vn 0.382982582 -0.0447710678 0.922669947
vn 0.38159433 -0.0447664447 0.923245251
vn 0.922671378 -0.0447853059 0.382977486
vn 0.923242509 -0.0447807573 0.381599277
vn 0.922670066 -0.0447903723 -0.382980287
vn 0.923243523 -0.0447857715 -0.381596386
vn 0.38298133 -0.044783242 -0.922669828
vn 0.381595254 -0.044778619 -0.923244298
vn 0.322160065 -0.946685195 0
vn 0.322160065 -0.946685195 0
vn 0.282937795 -0.950675249 0.127133206
vn 0.287219346 -0.951043427 0.114111975
vn 0.127133399 -0.950675249 0.282937527
vn 0.114112385 -0.951043427 0.287219077
vn -0.127133921 -0.95067513 0.282937825
vn -0 -0.946685195 0.322160065
vn -0.242340669 -0.939437151 0.242340535
vn -0.242340669 -0.939437151 0.242340475
vn -0.242340669 -0.939437151 0.242340505
vn -0.322160095 -0.946685195 0
vn -0.322160065 -0.946685195 0
vn -0.322160065 -0.946685195 0
vn -0.322160095 -0.946685195 0
vn -0.242340833 -0.939437151 -0.242340565
vn -0.242340863 -0.939437032 -0.24234055
vn -0.242340833 -0.939437151 -0.242340565
vn -0.242340863 -0.939437032 -0.24234055
vn -0 -0.946685016 -0.322160482
vn -0 -0.946685016 -0.322160482
vn -0 -0.946685016 -0.322160482
vn -0 -0.946685016 -0.322160482
vn 0.242340654 -0.939437211 -0.242340207
vn 0.242340714 -0.939437211 -0.242340207
vn 0.242340654 -0.939437211 -0.242340207
vn 0.242340684 -0.939437211 -0.242340207
vn -0.988253713 -0.152822196 0
vn -0.988253713 -0.152822226 0
vn -0.988253713 -0.152822226 0
vn -0.88891536 0.021602314 0.45756188
vn -0.380803615 -0.172619119 0.908400297
vn -0.697214901 -0.166670859 0.697217464
vn -0.579700291 0.576170266 0.576173067
vn 0.380806535 -0.172619894 0.908399045
vn 0.57970351 0.576173842 0.576166332
vn 0.908401012 -0.172621787 0.380800962
vn 0.888918102 0.0216024108 0.457556456
vn 0.908400595 -0.172622159 -0.380801767
vn 0.888916969 0.021602625 -0.457558781
vn 0.697218716 -0.166672289 -0.697213233
vn 0.660621285 0.729455292 -0.177410826
vn -0.697213054 -0.166672528 -0.697218895
vn -0.697213054 -0.166672528 -0.697218895
vn -0.697213054 -0.166672528 -0.697218895
vn -0.697213054 -0.166672528 -0.697218895
vn -0 -0.152827352 -0.988252938
vn -0.380315393 0.845665634 -0.374446154
vn -0 -0.152827337 -0.988252938
vn -0 -0.152827352 -0.988252938
vn -0.832417727 0.464509994 0.302177608
vn -0.923880756 -0.382680416 -3.49174261E-05
vn -0.832418442 -0.464507669 0.302179039
vn -0.923880041 0.382682353 -3.85392595E-05
vn -0.464500755 0.832418203 0.302190423
vn -0.382693052 0.92387557 -1.80834086E-05
vn 0.46450004 0.832405984 0.302225143
vn 0.382675916 0.923882663 1.32491168E-05
vn 0.923877776 0.382687628 3.37056335E-05
vn 0.83240211 0.464501441 0.302233428
vn 0.83240217 -0.464501321 0.302233428
vn 0.923877776 -0.382687628 3.37056335E-05
vn 0.464500129 -0.832405567 0.302226126
vn 0.382675916 -0.923882544 1.32491159E-05
vn -0.464507192 -0.832415164 0.302188933
vn -0.382690996 -0.923876345 -1.44613323E-05
vn -0.832418442 -0.464507669 0.302179039
vn -0.923880756 -0.382680416 -3.49174261E-05
vn -0.922671974 0.382977486 0.0447731353
vn -0.923244715 -0.381594241 0.0447786227
vn -0.92266947 -0.382982343 0.0447832569
vn -0.923242986 0.381599635 0.0447685644
vn -0.382983446 0.922670066 0.0447624549
vn -0.381593853 0.923245847 0.0447578058
vn 0.382980824 0.922671378 0.0447573885
vn 0.381596833 0.923244953 0.0447527841
vn 0.922671974 0.382978857 0.0447609462
vn 0.92324388 0.381598711 0.0447563641
vn 0.92266947 -0.382983685 0.0447710715
vn 0.923245609 -0.381593287 0.0447664298
vn 0.382977933 -0.922671258 0.0447826311
vn 0.38159883 -0.923242807 0.0447780639
vn -0.382980615 -0.922670066 0.0447877049
vn -0.38159591 -0.923243701 0.0447830893
vn -0.92266947 -0.382982343 0.0447832569
vn -0.923244715 -0.381594241 0.0447786227
vn 0.380806297 0.908398509 0.172623038
vn -0.380315393 0.845665634 -0.374446154
vn -0.380802125 0.908401787 0.172615021
vn 0.660621285 0.729455292 -0.177410826
vn 0.908399284 0.38080129 0.172629744
vn 0.888916314 0.45756045 -0.0215915069
vn 0.908398449 -0.380802631 0.172631666
vn 0.888916671 -0.457559913 -0.0215896089
vn 0.380804926 -0.908398211 0.172627658
vn 0.579705536 -0.576172948 -0.57616514
vn -0.380801708 -0.908401012 0.172620028
vn -0.580334306 -0.575849414 -0.575855434
vn -0.908400714 -0.380805463 0.172613591
vn -0.911841571 -0.37256664 0.1724502
vn -0.90840137 0.380804718 0.172611415
vn -0.911841094 0.372568637 0.172448114
vn -0.380802125 0.908401787 0.172615021
vn -0.380315393 0.845665634 -0.374446154
vn -0.832419395 -0.464505225 -0.302180141
vn -0.923880339 0.38268137 3.03219404E-05
vn -0.832420349 0.464505851 -0.302176297
vn -0.923880935 -0.382680118 2.78986918E-05
vn -0.464505553 -0.832415879 -0.302189231
vn -0.382690251 -0.923876643 9.14767134E-06
vn 0.464502037 -0.832406998 -0.302219272
vn 0.382677734 -0.923881948 -1.37550769E-05
vn 0.923879087 -0.38268429 -2.56877956E-05
vn 0.832406342 -0.464499593 -0.302224994
vn 0.832406998 0.46450004 -0.302222311
vn 0.92387861 0.382685632 -2.32776456E-05
vn 0.464502484 0.832408607 -0.302214056
vn 0.382677227 0.923882186 -7.93561048E-06
vn -0.464505851 0.832417309 -0.30218485
vn -0.382689804 0.923877001 1.4980229E-05
vn -0.832420349 0.464505851 -0.302176297
vn -0.923880339 0.38268137 3.03219404E-05
vn -0.922671974 -0.382977486 -0.0447731353
vn -0.923244298 0.381595254 -0.044778619
vn -0.922669828 0.38298136 -0.044783242
vn -0.923242986 -0.381599605 -0.0447685607
vn -0.382983446 -0.922670066 -0.0447624549
vn -0.381593853 -0.923245847 -0.0447578058
vn 0.382980824 -0.922671378 -0.0447573885
vn 0.381596833 -0.923244953 -0.0447527841
vn 0.922671974 -0.382978857 -0.0447609462
vn 0.92324388 -0.381598741 -0.0447563715
vn 0.922669947 0.382982612 -0.0447710678
vn 0.923245251 0.38159433 -0.0447664447
vn 0.382977486 0.922671378 -0.0447853059
vn 0.381599277 0.923242509 -0.0447807573
vn -0.382980287 0.922670066 -0.0447903723
vn -0.381596386 0.923243523 -0.0447857715
vn -0.922669828 0.38298136 -0.044783242
vn -0.923244298 0.381595254 -0.044778619
vn 0.380805701 -0.908398807 -0.172622263
vn -0.579700291 -0.576169252 0.576174021
vn -0.380801976 -0.908401787 -0.172615618
vn 0.579703867 -0.576173544 0.576166153
vn 0.908399403 -0.380802065 -0.172627747
vn 0.888916135 -0.457560837 0.0215931907
vn 0.908398747 0.380803287 -0.172628701
vn 0.888915837 0.457561284 0.0215927511
vn 0.380804718 0.908398926 -0.172624186
vn 0.57970351 0.576173842 0.576166332
vn -0.380801678 0.908401489 -0.172617435
vn -0.579700291 0.576170266 0.576173067
vn -0.908400714 0.38080579 -0.17261298
vn -0.888915718 0.457560509 0.0216119643
vn -0.908400893 -0.380805433 -0.172612205
vn -0.888915539 -0.457561076 0.0216122624
vn -0.380801976 -0.908401787 -0.172615618
vn -0.579700291 -0.576169252 0.576174021
vn 1 0 1.91658296E-06
vn 1 0 1.91658296E-06
vn 1 0 1.91658296E-06
vn 1 0 1.91658296E-06
vn -1 0 -1.96190758E-05
vn -1 0 -1.96190722E-05
vn -1 0 -1.96190758E-05
vn -1 0 -1.96190722E-05
vn -1 0 0
vn -1 0 0
vn -1 0 1.47141054E-05
vn -1 0 1.47141054E-05
vn 0.989627957 0 -0.143654227
vn 0.989627957 0 -0.143654212
vn 0.989627957 0 -0.143654227
vn 0.989627957 0 -0.143654227
vn 0.989628077 0.14365305 7.57443786E-07
vn 0.989628077 0.14365305 7.57443786E-07
vn 0.989628077 0.14365305 7.57443672E-07
vn 0.989628077 0.14365305 7.57443786E-07
vn 0.989628434 0 0.143651202
vn 0.989628434 0 0.143651202
vn 0.989628434 0 0.143651217
vn 0.989628434 0 0.143651202
vn 0.989628196 -0.143652514 8.11370626E-07
vn 0.989628196 -0.143652514 8.11370683E-07
vn 0.989628196 -0.143652514 8.11370796E-07
vn 0.989628196 -0.143652514 8.11370796E-07
vn -1 0 0
vn -1 0 0
vn -1 0 0
vn -1 0 0
vn 1 0 -1.47141054E-05
vn 1 0 -1.47141063E-05
vn 1 0 -1.47141063E-05
vn 1 0 -1.47141054E-05
vn 1 0 0
vn 1 0 0
vn 1 0 1.96190722E-05
vn 1 0 1.96190722E-05
vn -0.989628434 0 0.143651232
vn -0.989628434 0 0.143651217
vn -0.989628434 0 0.143651232
vn -0.989628434 0 0.143651232
vn -0.989628434 0.143651336 0
vn -0.989628434 0.143651322 0
vn -0.989628434 0.143651322 0
vn -0.989628434 0.143651336 0
vn -0.989628434 0 -0.143651322
vn -0.989628434 0 -0.143651322
vn -0.989628434 0 -0.143651322
vn -0.989628434 0 -0.143651336
vn -0.989628434 -0.143651217 0
vn -0.989628434 -0.143651217 0
vn -0.989628434 -0.143651202 0
vn -0.989628434 -0.143651217 0
vn 0.707100272 -0.707113266 -6.18745544E-05
vn 0.382672578 -0.923883975 -8.08440163E-05
vn 0.707100272 -0.707113266 -6.18745544E-05
vn 0.382686496 -0.923878193 -8.08435288E-05
vn -0.38267675 -0.923882365 -8.09764824E-05
vn -0.382692695 -0.923875749 -8.09759003E-05
vn -0.707109272 -0.707104266 -6.21187573E-05
vn -0.707109272 -0.707104266 -6.21187573E-05
vn 1 1.68035024E-06 0
vn 1 1.68035001E-06 0
vn 1 1.68035024E-06 0
vn 1 1.68035001E-06 0
vn 0.382675469 0.923882782 8.09714475E-05
vn 0.707106113 0.707107365 6.19374259E-05
vn 0.707106173 0.707107306 6.19374332E-05
vn 0.382691443 0.923876286 8.09708727E-05
vn -0.382676631 0.923882365 8.0841106E-05
vn -0.382689178 0.92387706 8.08406548E-05
vn -0.70710659 0.707106888 6.16966281E-05
vn -0.70710659 0.707106888 6.16966281E-05
vn -1 -3.36072003E-06 0
vn -1 -3.36072048E-06 0
vn -1 -3.36072003E-06 0
vn -1 -3.36072048E-06 0
vn 0.7071141 0.707099438 -0.000173450069
vn 0.382677704 0.923881948 -0.00016583885
vn 0.7071141 0.707099438 -0.000173450069
vn 0.382699817 0.923872709 -0.000165840087
vn -0.394704491 0.918808162 -0.000167709557
vn -0.394726217 0.918798745 -0.000167710808
vn -0.725332439 0.688398778 -0.000175204535
vn -0.725332439 0.688398778 -0.000175204535
vn 1 -2.23970255E-06 -0.000235644809
vn 1 -2.23970278E-06 -0.000235644809
vn 1 -2.23970255E-06 -0.000235644809
vn 1 -2.23970255E-06 -0.000235644809
vn 0.353806138 -0.935318708 -0.000325296889
vn 0.661845744 -0.749639928 -0.000300175947
vn 0.661845744 -0.749639928 -0.000300175947
vn 0.353809506 -0.935317457 -0.00032529686
vn -0.367497295 -0.930024505 -0.000326516485
vn -0.367502868 -0.930022359 -0.000326516427
vn -0.683567405 -0.729887307 -0.000298999861
vn -0.683567405 -0.729887307 -0.000298999861
vn -1 0 -0.000235644635
vn -1 0 -0.000235644591
vn -1 0 -0.000235644591
vn -1 0 -0.000235644591
vn 0.382692754 -0.92387563 8.11075442E-05
vn 0.382676303 -0.923882484 8.11081263E-05
vn -0.382677734 -0.923881948 8.03184812E-05
vn -0.382691443 -0.923876286 8.03179719E-05
vn -0.707109809 -0.70710367 6.09032068E-05
vn -0.707109809 -0.70710367 6.09031995E-05
vn 0.707107306 -0.707106233 6.23624292E-05
vn 0.707107246 -0.707106233 6.23624292E-05
vn 0.382676303 -0.923882484 8.11081263E-05
vn 0.382692754 -0.92387563 8.11075442E-05
vn 1 -1.68034546E-06 6.89165518E-07
vn 1 -1.68034546E-06 6.89165404E-07
vn 1 -1.68034546E-06 6.89165518E-07
vn 1 -1.68034546E-06 6.89165404E-07
vn 0.382676989 0.923882186 -8.0580714E-05
vn 0.707108438 0.707105041 -6.13878146E-05
vn 0.707108438 0.707105041 -6.13878146E-05
vn 0.382692128 0.923875988 -8.0580161E-05
vn -0.382680297 0.923880816 -8.13719162E-05
vn -0.38269344 0.923875332 -8.13714505E-05
vn -0.707112074 0.707101464 -6.28497073E-05
vn -0.707112074 0.707101464 -6.28497073E-05
vn -1 0 -2.06705545E-06
vn -1 0 -2.06705545E-06
vn -1 0 -2.06705545E-06
vn -1 0 -2.06705545E-06
vn 0.707103431 0.707110107 -0.000297198741
vn 0.707103431 0.707110107 -0.0002971988
vn 0.382675588 0.923882663 -0.000327526388
vn 0.382683784 0.923879325 -0.000327526272
vn -0.382674515 0.9238832 -0.000327790243
vn -0.382682264 0.923879921 -0.000327790069
vn -0.707096636 0.707116783 -0.000297688239
vn -0.707096636 0.707116783 -0.000297688239
vn 1 -4.48621631E-06 -0.000235643922
vn 1 -4.48621631E-06 -0.000235643951
vn 1 -4.48621631E-06 -0.000235643922
vn 1 -4.48621631E-06 -0.000235643951
vn 0.382669181 -0.923885405 -0.000166088415
vn 0.707101703 -0.707111776 -0.000173567736
vn 0.707101703 -0.707111776 -0.000173567707
vn 0.382688999 -0.92387718 -0.000166089565
vn -0.382661939 -0.923888445 -0.000166349811
vn -0.382689029 -0.92387718 -0.000166351398
vn -0.707093 -0.707120478 -0.00017405214
vn -0.707092941 -0.707120478 -0.00017405214
vn -1 0 -0.000236333304
vn -1 0 -0.000236333304
vn -1 0 -0.000236333304
vn -1 0 -0.000236333304
vn 0.923877299 4.04636157E-05 -0.382688999
vn 0.923880935 4.04637613E-05 -0.382679909
vn 0.923880339 4.0067669E-05 0.382681519
vn 0.923877776 4.00675563E-05 0.382687569
vn 0.707103908 3.0398347E-05 0.70710963
vn 0.707103908 3.03983488E-05 0.70710963
vn 0.707106471 3.11302974E-05 -0.707107067
vn 0.707106411 3.11302974E-05 -0.707107067
vn 0.923880935 4.04637613E-05 -0.382679909
vn 0.923877299 4.04636157E-05 -0.382688999
vn 1.68034751E-06 3.44348592E-07 -1
vn 1.68034762E-06 3.44348592E-07 -1
vn 1.68034751E-06 3.44348592E-07 -1
vn 1.68034762E-06 3.44348592E-07 -1
vn -0.923880637 -4.02629012E-05 -0.382680893
vn -0.707105041 -3.06730508E-05 -0.707108438
vn -0.707105041 -3.06730508E-05 -0.707108438
vn -0.923877597 -4.02627702E-05 -0.382688284
vn -0.923879325 -4.0658244E-05 0.382684082
vn -0.923877001 -4.06581457E-05 0.382689804
vn -0.707101405 -3.14034914E-05 0.707112074
vn -0.707101405 -3.14034914E-05 0.707112074
vn -0 -1.03282537E-06 1
vn -0 -1.03282537E-06 1
vn -0 -1.03282537E-06 1
vn -0 -1.03282537E-06 1
vn -0.707110107 -0.000148437903 -0.707103431
vn -0.707110107 -0.000148437903 -0.707103431
vn -0.923881948 -0.000163572564 -0.382677704
vn -0.923880219 -0.000163572535 -0.382681698
vn -0.923882484 -0.000163703371 0.382676482
vn -0.923880756 -0.000163703342 0.382680357
vn -0.707116783 -0.00014868057 0.707096696
vn -0.707116902 -0.000148680585 0.707096696
vn 4.48727224E-06 -0.000117741904 -1
vn 4.48727224E-06 -0.000117741896 -1
vn 4.48727224E-06 -0.000117741904 -1
vn 4.48727224E-06 -0.000117741904 -1
vn 0.9238832 -8.29879282E-05 -0.382674694
vn 0.707111776 -8.67248746E-05 -0.707101762
vn 0.707111776 -8.672486E-05 -0.707101762
vn 0.923879504 -8.29881901E-05 -0.382683516
vn 0.92388612 -8.31185389E-05 0.382667482
vn 0.923879504 -8.31189973E-05 0.382683456
vn 0.707120538 -8.69669166E-05 0.707093
vn 0.707120538 -8.69669166E-05 0.707093
vn -0 -0.000118086376 1
vn -0 -0.000118086376 1
vn -0 -0.000118086376 1
vn -0 -0.000118086369 1
vn -0.540156662 -0.495677561 -0.680098891
vn -0.540147364 -0.680110574 -0.495671809
vn -0.577355266 -0.577352345 -0.577343225
vn -0.832419395 -0.464505225 -0.302180141
vn -0.832410753 -0.302204996 -0.46450451
vn -0.464505553 -0.832415879 -0.302189231
vn -0.464502394 -0.302211523 -0.83240962
vn 0.464502484 0.832408607 -0.302214056
vn 0.832406998 0.46450004 -0.302222311
vn 0.577345848 0.577348948 -0.5773561
vn 0.46450448 0.302205294 -0.832410693
vn 0.54013896 0.495668232 -0.680119753
vn 0.832410753 0.302205652 -0.464504033
vn 0.540144384 0.680113196 -0.495671391
vn -0.832418442 -0.464507669 0.302179039
vn -0.577354431 -0.577352643 0.577343643
vn -0.540152729 -0.495675564 0.680103481
vn -0.464507192 -0.832415164 0.302188933
vn -0.540145397 -0.680110931 0.495673239
vn -0.464500695 -0.302209079 0.832411468
vn -0.832410514 -0.302205443 0.464504689
vn -0.577354193 0.577351749 0.577344894
vn -0.464500755 0.832418203 0.302190423
vn -0.832417727 0.464509994 0.302177608
vn -0.540154576 0.49567467 0.680102706
vn -0.464503229 0.302205831 0.83241117
vn -0.54014641 0.680110574 0.495672852
vn -0.832411766 0.302202523 0.464504391
vn 0.464500129 -0.832405567 0.302226126
vn 0.83240217 -0.464501321 0.302233428
vn 0.577344179 -0.577346623 0.577359915
vn 0.464500964 -0.302197754 0.832415402
vn 0.540134788 -0.495665312 0.680125356
vn 0.832411766 -0.30220291 0.464504033
vn 0.540148258 -0.680109799 0.495671719
vn 1.20121476E-05 4.55027612E-06 -1
vn 4.09303357E-06 7.53538916E-06 -1
vn 3.8114606E-06 7.6616052E-06 -1
vn 1.20278974E-05 4.51587402E-06 -1
vn -2.09337168E-06 1.59993469E-05 -1
vn 4.17591127E-06 8.66659138E-06 -1
vn -2.05377023E-06 1.60886411E-05 -1
vn 3.78785353E-06 8.84430938E-06 -1
vn 7.64496781E-06 1.81696796E-05 -1
vn -4.44310308E-06 1.17718037E-05 -1
vn 7.44387626E-06 1.8236753E-05 -1
vn -4.41783595E-06 1.17954942E-05 -1
vn 1.37121187E-05 9.5288724E-06 -1
vn 2.87894363E-06 7.92366427E-06 -1
vn 1.39081121E-05 1.03246912E-05 -1
vn 4.19581693E-06 7.37002574E-06 -1
vn -0.287219405 -0.114112005 -0.951043308
vn -0.282937795 0.127133489 -0.950675249
vn -0.287219286 0.114112481 -0.951043308
vn -0.282937616 -0.127133831 -0.95067513
vn -0.127133623 0.282937825 -0.95067513
vn -0.114112347 -0.287219405 -0.951043308
vn -0.114111885 0.287219554 -0.951043308
vn -0.127133206 -0.282937944 -0.95067513
vn 0.127132818 0.282937795 -0.950675249
vn 0.114112347 -0.287219346 -0.951043308
vn 0.114112087 0.287219226 -0.951043427
vn 0.127133206 -0.282938004 -0.95067513
vn 0.282937348 0.127133355 -0.950675309
vn 0.287219405 -0.114111997 -0.951043308
vn 0.287218928 0.114112318 -0.951043487
vn 0.282937616 -0.127133846 -0.95067513
vn -0.586743295 -0.363901109 0.723400533
vn -0.590326488 0.181255057 0.786550164
vn -0.586742818 0.363900095 0.723401368
vn -0.590326905 -0.18125543 0.786549866
vn -0.181255028 0.590324461 0.786551714
vn -0.363901109 -0.586743295 0.723400533
vn -0.36390081 0.586741269 0.723402262
vn -0.181255415 -0.590326905 0.786549807
vn 0.181255028 0.590324461 0.786551714
vn 0.363901109 -0.586743295 0.723400533
vn 0.36390081 0.586741269 0.723402262
vn 0.181255415 -0.590326905 0.786549807
vn 0.590326488 0.181255057 0.786550164
vn 0.586743295 -0.363901109 0.723400533
vn 0.586742818 0.363900095 0.723401368
vn 0.590326905 -0.18125543 0.786549866
vn -0.287219405 0.114112079 0.951043308
vn -0.282937914 -0.127133474 0.95067513
vn -0.287219465 -0.114112347 0.951043308
vn -0.282937706 0.127133697 0.95067513
vn -0.127133831 -0.282937735 0.95067513
vn -0.114112444 0.287219584 0.951043189
vn -0.114112005 -0.287219554 0.951043308
vn -0.12713325 0.282938182 0.95067513
vn 0.127133042 -0.282937676 0.950675249
vn 0.114112444 0.287219584 0.951043189
vn 0.114112228 -0.287219226 0.951043427
vn 0.12713328 0.282938182 0.95067513
vn 0.282937527 -0.12713334 0.950675249
vn 0.287219405 0.114112079 0.951043308
vn 0.287219137 -0.114112169 0.951043427
vn 0.282937706 0.127133697 0.95067513
vn -0.586742997 0.363900989 -0.723400772
vn -0.590326667 -0.181255311 -0.786550045
vn -0.586742997 -0.36390084 -0.72340095
vn -0.590326786 0.1812554 -0.786549985
vn -0.181255192 -0.590325713 -0.78655076
vn -0.36390084 0.586742938 -0.723400891
vn -0.363900751 -0.586742461 -0.723401368
vn -0.181255281 0.590326369 -0.786550224
vn 0.181255192 -0.590325713 -0.78655076
vn 0.36390084 0.586742997 -0.723400891
vn 0.363900751 -0.586742461 -0.723401368
vn 0.181255296 0.590326309 -0.786550343
vn 0.590326667 -0.181255311 -0.786550045
vn 0.586743116 0.363901109 -0.723400712
vn 0.586742997 -0.36390084 -0.72340095
vn 0.590326726 0.1812554 -0.786549985
vn -0.363900572 0.723401368 -0.58674258
vn 0.18125473 0.786551118 -0.590325356
vn 0.363899499 0.723402321 -0.586742043
vn -0.181255132 0.78655076 -0.590325713
vn 0.590324163 0.786552012 -0.181254953
vn -0.586742818 0.72340095 -0.363901019
vn 0.586740732 0.723402798 -0.363900691
vn -0.590326667 0.786550045 -0.181255341
vn 0.590324163 0.786552012 0.181254968
vn -0.586742818 0.72340095 0.363901019
vn 0.586740732 0.723402739 0.363900661
vn -0.590326667 0.786550045 0.181255341
vn 0.181254759 0.786551058 0.590325415
vn -0.363900572 0.723401368 0.58674258
vn 0.363899529 0.723402321 0.586742043
vn -0.181255132 0.78655076 0.590325713
vn 0.114112169 0.951043189 -0.287219822
vn -0.127133518 0.95067513 -0.282937974
vn -0.114112578 0.951043189 -0.287219495
vn 0.12713401 0.950675011 -0.282938093
vn -0.282937855 0.95067513 -0.127133623
vn 0.287219614 0.951043189 -0.11411228
vn -0.287219614 0.951043308 -0.114111885
vn 0.282938123 0.950675011 -0.127133623
vn -0.282937795 0.950675249 0.127133206
vn 0.287219614 0.951043308 0.114112265
vn -0.287219346 0.951043427 0.114111975
vn 0.282938033 0.95067513 0.127133593
vn -0.127133399 0.950675249 0.282937527
vn 0.114112079 0.951043308 0.287219614
vn -0.114112385 0.951043427 0.287219077
vn 0.127133921 0.95067513 0.282937825
vn 0.363900572 -0.723401368 -0.58674258
vn -0.18125473 -0.786551118 -0.590325356
vn -0.363899499 -0.723402321 -0.586742043
vn 0.181255132 -0.78655076 -0.590325713
vn -0.590324163 -0.786552012 -0.181254953
vn 0.586742818 -0.72340095 -0.363901019
vn -0.586740732 -0.723402798 -0.363900691
vn 0.590326667 -0.786550045 -0.181255341
vn -0.590324163 -0.786552012 0.181254968
vn 0.586742818 -0.72340095 0.363901019
vn -0.586740732 -0.723402739 0.363900661
vn 0.590326667 -0.786550045 0.181255341
vn -0.181254759 -0.786551058 0.590325415
vn 0.363900572 -0.723401368 0.58674258
vn -0.363899529 -0.723402321 0.586742043
vn 0.181255132 -0.78655076 0.590325713
vn -6.79540199E-06 1 1.45867998E-05
vn -6.28030057E-06 1 1.44732066E-05
vn 1.9580234E-06 1 6.23487767E-06
vn 1.8620276E-06 1 5.92920151E-06
vn -2.05158121E-05 1 4.9334385E-06
vn -6.23477217E-06 1 1.9580159E-06
vn -2.07077846E-05 1 4.32230945E-06
vn -5.92928518E-06 1 1.86207831E-06
vn -1.18581984E-05 1 -3.72406566E-06
vn -1.44732294E-05 1 1.01964488E-05
vn -1.24696153E-05 1 -3.91608091E-06
vn -1.45868162E-05 1 1.05196077E-05
vn -3.72404884E-06 1 1.18585222E-05
vn -1.21544281E-05 1 2.0708314E-05
vn -3.91606909E-06 1 1.24699736E-05
vn -1.23817636E-05 1 2.05162687E-05
vn -1.45867998E-05 6.79540108E-06 1
vn -1.44732076E-05 6.28029966E-06 1
vn -6.23487813E-06 -1.95802409E-06 1
vn -5.92920151E-06 -1.8620284E-06 1
vn -4.9334385E-06 2.05158121E-05 1
vn -1.9580159E-06 6.23477217E-06 1
vn -4.32230945E-06 2.07077846E-05 1
vn -1.86207831E-06 5.92928518E-06 1
vn 3.72406566E-06 1.18581984E-05 1
vn -1.01964488E-05 1.44732294E-05 1
vn 3.91608091E-06 1.24696153E-05 1
vn -1.05196077E-05 1.45868162E-05 1
vn -1.18585231E-05 3.72404998E-06 1
vn -2.07083158E-05 1.21544299E-05 1
vn -1.24699754E-05 3.91607E-06 1
vn -2.05162687E-05 1.23817636E-05 1
g P_T_B_Vert_0
f 3/3/3 2/2/2 1/1/1
f 6/6/6 5/5/5 4/4/4
f 9/9/9 8/8/8 7/7/7
f 12/12/12 11/11/11 10/10/10
f 15/15/15 14/14/14 13/13/13
f 18/18/18 17/17/17 16/16/16
f 21/21/21 20/20/20 19/19/19
f 24/24/24 23/23/23 22/22/22
f 27/27/27 26/26/26 25/25/25
f 30/30/30 29/29/29 28/28/28
f 33/33/33 32/32/32 31/31/31
f 36/36/36 35/35/35 34/34/34
f 39/39/39 38/38/38 37/37/37
f 42/42/42 41/41/41 40/40/40
f 45/45/45 44/44/44 43/43/43
f 48/48/48 47/47/47 46/46/46
f 51/51/51 50/50/50 49/49/49
f 52/52/52 51/51/51 49/49/49
f 55/55/55 54/54/54 53/53/53
f 56/56/56 55/55/55 53/53/53
f 59/59/59 58/58/58 57/57/57
f 60/60/60 59/59/59 57/57/57
f 63/63/63 62/62/62 61/61/61
f 64/64/64 63/63/63 61/61/61
f 67/67/67 66/66/66 65/65/65
f 68/68/68 67/67/67 65/65/65
f 71/71/71 70/70/70 69/69/69
f 72/72/72 71/71/71 69/69/69
f 75/75/75 74/74/74 73/73/73
f 76/76/76 75/75/75 73/73/73
f 79/79/79 78/78/78 77/77/77
f 80/80/80 79/79/79 77/77/77
f 83/83/83 82/82/82 81/81/81
f 84/84/84 83/83/83 81/81/81
f 81/81/81 85/85/85 84/84/84
f 85/85/85 86/86/86 84/84/84
f 85/85/85 81/81/81 87/87/87
f 88/88/88 86/86/86 85/85/85
f 89/89/89 85/85/85 87/87/87
f 85/85/85 89/89/89 88/88/88
f 92/92/92 91/91/91 90/90/90
f 93/93/93 92/92/92 90/90/90
f 96/96/96 95/95/95 94/94/94
f 97/97/97 96/96/96 94/94/94
f 97/97/97 94/94/94 98/98/98
f 98/98/98 99/99/99 97/97/97
f 98/98/98 94/94/94 100/100/100
f 99/99/99 98/98/98 101/101/101
f 102/102/102 98/98/98 100/100/100
f 102/102/102 101/101/101 98/98/98
f 105/105/105 104/104/104 103/103/103
f 106/106/106 105/105/105 103/103/103
f 103/103/103 107/107/107 106/106/106
f 108/108/108 106/106/106 107/107/107
f 107/107/107 103/103/103 109/109/109
f 110/110/110 108/108/108 107/107/107
f 111/111/111 107/107/107 109/109/109
f 107/107/107 111/111/111 110/110/110
f 114/114/114 113/113/113 112/112/112
f 113/113/113 115/115/115 112/112/112
f 116/116/116 112/112/112 115/115/115
f 117/117/117 116/116/116 115/115/115
f 116/116/116 117/117/117 118/118/118
f 117/117/117 119/119/119 118/118/118
f 119/119/119 120/120/120 118/118/118
f 120/120/120 121/121/121 118/118/118
f 121/121/121 120/120/120 122/122/122
f 120/120/120 123/123/123 122/122/122
f 124/124/124 122/122/122 123/123/123
f 125/125/125 124/124/124 123/123/123
f 124/124/124 125/125/125 126/126/126
f 125/125/125 127/127/127 126/126/126
f 128/128/128 126/126/126 127/127/127
f 129/129/129 128/128/128 127/127/127
f 132/132/132 131/131/131 130/130/130
f 131/131/131 133/133/133 130/130/130
f 130/130/130 133/133/133 134/134/134
f 133/133/133 135/135/135 134/134/134
f 134/134/134 135/135/135 136/136/136
f 135/135/135 137/137/137 136/136/136
f 136/136/136 137/137/137 138/138/138
f 137/137/137 139/139/139 138/138/138
f 138/138/138 139/139/139 140/140/140
f 139/139/139 141/141/141 140/140/140
f 140/140/140 141/141/141 142/142/142
f 141/141/141 143/143/143 142/142/142
f 142/142/142 143/143/143 144/144/144
f 143/143/143 145/145/145 144/144/144
f 144/144/144 145/145/145 146/146/146
f 145/145/145 147/147/147 146/146/146
f 150/150/150 149/149/149 148/148/148
f 149/149/149 151/151/151 148/148/148
f 148/148/148 151/151/151 152/152/152
f 151/151/151 153/153/153 152/152/152
f 152/152/152 153/153/153 154/154/154
f 153/153/153 155/155/155 154/154/154
f 154/154/154 155/155/155 156/156/156
f 155/155/155 157/157/157 156/156/156
f 156/156/156 157/157/157 158/158/158
f 157/157/157 159/159/159 158/158/158
f 158/158/158 159/159/159 160/160/160
f 159/159/159 161/161/161 160/160/160
f 160/160/160 161/161/161 162/162/162
f 161/161/161 163/163/163 162/162/162
f 162/162/162 163/163/163 164/164/164
f 163/163/163 165/165/165 164/164/164
f 168/168/168 167/167/167 166/166/166
f 167/167/167 169/169/169 166/166/166
f 170/170/170 166/166/166 169/169/169
f 171/171/171 170/170/170 169/169/169
f 170/170/170 171/171/171 172/172/172
f 171/171/171 173/173/173 172/172/172
f 173/173/173 174/174/174 172/172/172
f 174/174/174 175/175/175 172/172/172
f 175/175/175 174/174/174 176/176/176
f 174/174/174 177/177/177 176/176/176
f 178/178/178 176/176/176 177/177/177
f 179/179/179 178/178/178 177/177/177
f 178/178/178 179/179/179 180/180/180
f 179/179/179 181/181/181 180/180/180
f 182/182/182 180/180/180 181/181/181
f 183/183/183 182/182/182 181/181/181
f 186/186/186 185/185/185 184/184/184
f 185/185/185 187/187/187 184/184/184
f 184/184/184 187/187/187 188/188/188
f 187/187/187 189/189/189 188/188/188
f 188/188/188 189/189/189 190/190/190
f 189/189/189 191/191/191 190/190/190
f 190/190/190 191/191/191 192/192/192
f 191/191/191 193/193/193 192/192/192
f 192/192/192 193/193/193 194/194/194
f 193/193/193 195/195/195 194/194/194
f 194/194/194 195/195/195 196/196/196
f 195/195/195 197/197/197 196/196/196
f 196/196/196 197/197/197 198/198/198
f 197/197/197 199/199/199 198/198/198
f 198/198/198 199/199/199 200/200/200
f 199/199/199 201/201/201 200/200/200
f 204/204/204 203/203/203 202/202/202
f 205/205/205 204/204/204 202/202/202
f 206/206/206 204/204/204 205/205/205
f 207/207/207 206/206/206 205/205/205
f 208/208/208 206/206/206 207/207/207
f 209/209/209 208/208/208 207/207/207
f 211/211/211 208/208/208 210/210/210
f 212/212/212 211/211/211 210/210/210
f 215/215/215 214/214/214 213/213/213
f 216/216/216 215/215/215 213/213/213
f 219/219/219 218/218/218 217/217/217
f 220/220/220 219/219/219 217/217/217
f 223/223/223 222/222/222 221/221/221
f 224/224/224 223/223/223 221/221/221
f 227/227/227 226/226/226 225/225/225
f 228/228/228 227/227/227 225/225/225
f 231/231/231 230/230/230 229/229/229
f 230/230/230 232/232/232 229/229/229
f 234/234/234 232/232/232 233/233/233
f 232/232/232 235/235/235 233/233/233
f 233/233/233 235/235/235 236/236/236
f 235/235/235 237/237/237 236/236/236
f 236/236/236 237/237/237 238/238/238
f 237/237/237 239/239/239 238/238/238
f 238/238/238 239/239/239 240/240/240
f 239/239/239 241/241/241 240/240/240
f 240/240/240 241/241/241 242/242/242
f 241/241/241 243/243/243 242/242/242
f 246/246/246 245/245/245 244/244/244
f 247/247/247 246/246/246 244/244/244
f 250/250/250 249/249/249 248/248/248
f 251/251/251 250/250/250 248/248/248
f 254/254/254 253/253/253 252/252/252
f 253/253/253 255/255/255 252/252/252
f 256/256/256 252/252/252 255/255/255
f 257/257/257 256/256/256 255/255/255
f 256/256/256 257/257/257 258/258/258
f 257/257/257 259/259/259 258/258/258
f 259/259/259 260/260/260 258/258/258
f 260/260/260 261/261/261 258/258/258
f 261/261/261 260/260/260 262/262/262
f 260/260/260 263/263/263 262/262/262
f 264/264/264 262/262/262 263/263/263
f 265/265/265 264/264/264 263/263/263
f 264/264/264 265/265/265 266/266/266
f 265/265/265 267/267/267 266/266/266
f 268/268/268 266/266/266 267/267/267
f 269/269/269 268/268/268 267/267/267
f 272/272/272 271/271/271 270/270/270
f 271/271/271 273/273/273 270/270/270
f 270/270/270 273/273/273 274/274/274
f 273/273/273 275/275/275 274/274/274
f 274/274/274 275/275/275 276/276/276
f 275/275/275 277/277/277 276/276/276
f 276/276/276 277/277/277 278/278/278
f 277/277/277 279/279/279 278/278/278
f 278/278/278 279/279/279 280/280/280
f 279/279/279 281/281/281 280/280/280
f 280/280/280 281/281/281 282/282/282
f 281/281/281 283/283/283 282/282/282
f 282/282/282 283/283/283 284/284/284
f 283/283/283 285/285/285 284/284/284
f 284/284/284 285/285/285 286/286/286
f 285/285/285 287/287/287 286/286/286
f 290/290/290 289/289/289 288/288/288
f 289/289/289 291/291/291 288/288/288
f 288/288/288 291/291/291 292/292/292
f 291/291/291 293/293/293 292/292/292
f 292/292/292 293/293/293 294/294/294
f 293/293/293 295/295/295 294/294/294
f 294/294/294 295/295/295 296/296/296
f 295/295/295 297/297/297 296/296/296
f 296/296/296 297/297/297 298/298/298
f 297/297/297 299/299/299 298/298/298
f 298/298/298 299/299/299 300/300/300
f 299/299/299 301/301/301 300/300/300
f 300/300/300 301/301/301 302/302/302
f 301/301/301 303/303/303 302/302/302
f 302/302/302 303/303/303 304/304/304
f 303/303/303 305/305/305 304/304/304
f 308/308/308 307/307/307 306/306/306
f 307/307/307 309/309/309 306/306/306
f 310/310/310 306/306/306 309/309/309
f 311/311/311 310/310/310 309/309/309
f 310/310/310 311/311/311 312/312/312
f 311/311/311 313/313/313 312/312/312
f 313/313/313 314/314/314 312/312/312
f 314/314/314 315/315/315 312/312/312
f 315/315/315 314/314/314 316/316/316
f 314/314/314 317/317/317 316/316/316
f 318/318/318 316/316/316 317/317/317
f 319/319/319 318/318/318 317/317/317
f 318/318/318 319/319/319 320/320/320
f 319/319/319 321/321/321 320/320/320
f 322/322/322 320/320/320 321/321/321
f 323/323/323 322/322/322 321/321/321
f 326/326/326 325/325/325 324/324/324
f 325/325/325 327/327/327 324/324/324
f 324/324/324 327/327/327 328/328/328
f 327/327/327 329/329/329 328/328/328
f 328/328/328 329/329/329 330/330/330
f 329/329/329 331/331/331 330/330/330
f 330/330/330 331/331/331 332/332/332
f 331/331/331 333/333/333 332/332/332
f 332/332/332 333/333/333 334/334/334
f 333/333/333 335/335/335 334/334/334
f 334/334/334 335/335/335 336/336/336
f 335/335/335 337/337/337 336/336/336
f 336/336/336 337/337/337 338/338/338
f 337/337/337 339/339/339 338/338/338
f 338/338/338 339/339/339 340/340/340
f 339/339/339 341/341/341 340/340/340
f 344/344/344 343/343/343 342/342/342
f 343/343/343 345/345/345 342/342/342
f 342/342/342 345/345/345 346/346/346
f 345/345/345 347/347/347 346/346/346
f 346/346/346 347/347/347 348/348/348
f 347/347/347 349/349/349 348/348/348
f 348/348/348 349/349/349 350/350/350
f 349/349/349 351/351/351 350/350/350
f 350/350/350 351/351/351 352/352/352
f 351/351/351 353/353/353 352/352/352
f 352/352/352 353/353/353 354/354/354
f 353/353/353 355/355/355 354/354/354
f 354/354/354 355/355/355 356/356/356
f 355/355/355 357/357/357 356/356/356
f 356/356/356 357/357/357 358/358/358
f 357/357/357 359/359/359 358/358/358
f 362/362/362 361/361/361 360/360/360
f 363/363/363 362/362/362 360/360/360
f 366/366/366 365/365/365 364/364/364
f 365/365/365 367/367/367 364/364/364
f 367/367/367 368/368/368 364/364/364
f 368/368/368 369/369/369 364/364/364
f 370/370/370 369/369/369 368/368/368
f 371/371/371 370/370/370 368/368/368
f 374/374/374 373/373/373 372/372/372
f 375/375/375 374/374/374 372/372/372
f 378/378/378 377/377/377 376/376/376
f 379/379/379 378/378/378 376/376/376
f 382/382/382 381/381/381 380/380/380
f 383/383/383 382/382/382 380/380/380
f 386/386/386 385/385/385 384/384/384
f 387/387/387 386/386/386 384/384/384
f 390/390/390 389/389/389 388/388/388
f 391/391/391 390/390/390 388/388/388
f 394/394/394 393/393/393 392/392/392
f 393/393/393 395/395/395 392/392/392
f 395/395/395 396/396/396 392/392/392
f 396/396/396 397/397/397 392/392/392
f 398/398/398 397/397/397 396/396/396
f 399/399/399 398/398/398 396/396/396
f 402/402/402 401/401/401 400/400/400
f 403/403/403 402/402/402 400/400/400
f 406/406/406 405/405/405 404/404/404
f 407/407/407 406/406/406 404/404/404
f 410/410/410 409/409/409 408/408/408
f 411/411/411 410/410/410 408/408/408
f 414/414/414 413/413/413 412/412/412
f 415/415/415 414/414/414 412/412/412
f 418/418/418 417/417/417 416/416/416
f 417/417/417 419/419/419 416/416/416
f 417/417/417 420/420/420 419/419/419
f 420/420/420 421/421/421 419/419/419
f 420/420/420 422/422/422 421/421/421
f 422/422/422 423/423/423 421/421/421
f 426/426/426 425/425/425 424/424/424
f 427/427/427 426/426/426 424/424/424
f 430/430/430 429/429/429 428/428/428
f 431/431/431 430/430/430 428/428/428
f 431/431/431 428/428/428 432/432/432
f 433/433/433 431/431/431 432/432/432
f 433/433/433 432/432/432 434/434/434
f 435/435/435 433/433/433 434/434/434
f 438/438/438 437/437/437 436/436/436
f 439/439/439 438/438/438 436/436/436
f 442/442/442 441/441/441 440/440/440
f 441/441/441 443/443/443 440/440/440
f 441/441/441 444/444/444 443/443/443
f 444/444/444 445/445/445 443/443/443
f 444/444/444 446/446/446 445/445/445
f 446/446/446 447/447/447 445/445/445
f 450/450/450 449/449/449 448/448/448
f 451/451/451 450/450/450 448/448/448
f 454/454/454 453/453/453 452/452/452
f 455/455/455 454/454/454 452/452/452
f 455/455/455 452/452/452 456/456/456
f 457/457/457 455/455/455 456/456/456
f 457/457/457 456/456/456 458/458/458
f 459/459/459 457/457/457 458/458/458
f 462/462/462 461/461/461 460/460/460
f 463/463/463 462/462/462 460/460/460
f 466/466/466 465/465/465 464/464/464
f 467/467/467 466/466/466 464/464/464
f 468/468/468 466/466/466 467/467/467
f 469/469/469 468/468/468 467/467/467
f 472/472/472 471/471/471 470/470/470
f 473/473/473 472/472/472 470/470/470
f 476/476/476 475/475/475 474/474/474
f 477/477/477 476/476/476 474/474/474
f 480/480/480 479/479/479 478/478/478
f 479/479/479 481/481/481 478/478/478
f 478/478/478 481/481/481 482/482/482
f 481/481/481 483/483/483 482/482/482
f 482/482/482 483/483/483 484/484/484
f 483/483/483 485/485/485 484/484/484
f 488/488/488 487/487/487 486/486/486
f 489/489/489 488/488/488 486/486/486
f 492/492/492 491/491/491 490/490/490
f 493/493/493 492/492/492 490/490/490
f 494/494/494 492/492/492 493/493/493
f 495/495/495 494/494/494 493/493/493
f 496/496/496 494/494/494 495/495/495
f 497/497/497 496/496/496 495/495/495
f 500/500/500 499/499/499 498/498/498
f 501/501/501 500/500/500 498/498/498
f 504/504/504 503/503/503 502/502/502
f 503/503/503 505/505/505 502/502/502
f 502/502/502 505/505/505 506/506/506
f 505/505/505 507/507/507 506/506/506
f 506/506/506 507/507/507 508/508/508
f 507/507/507 509/509/509 508/508/508
f 512/512/512 511/511/511 510/510/510
f 513/513/513 512/512/512 510/510/510
f 516/516/516 515/515/515 514/514/514
f 517/517/517 516/516/516 514/514/514
f 518/518/518 516/516/516 517/517/517
f 519/519/519 518/518/518 517/517/517
f 522/522/522 521/521/521 520/520/520
f 523/523/523 522/522/522 520/520/520
f 526/526/526 525/525/525 524/524/524
f 527/527/527 526/526/526 524/524/524
f 530/530/530 529/529/529 528/528/528
f 529/529/529 531/531/531 528/528/528
f 528/528/528 531/531/531 532/532/532
f 531/531/531 533/533/533 532/532/532
f 532/532/532 533/533/533 534/534/534
f 533/533/533 535/535/535 534/534/534
f 538/538/538 537/537/537 536/536/536
f 539/539/539 538/538/538 536/536/536
f 542/542/542 541/541/541 540/540/540
f 543/543/543 542/542/542 540/540/540
f 544/544/544 542/542/542 543/543/543
f 545/545/545 544/544/544 543/543/543
f 546/546/546 544/544/544 545/545/545
f 547/547/547 546/546/546 545/545/545
f 550/550/550 549/549/549 548/548/548
f 551/551/551 550/550/550 548/548/548
f 554/554/554 553/553/553 552/552/552
f 553/553/553 555/555/555 552/552/552
f 552/552/552 555/555/555 556/556/556
f 555/555/555 557/557/557 556/556/556
f 556/556/556 557/557/557 558/558/558
f 557/557/557 559/559/559 558/558/558
f 562/562/562 561/561/561 560/560/560
f 563/563/563 562/562/562 560/560/560
f 566/566/566 565/565/565 564/564/564
f 567/567/567 566/566/566 564/564/564
f 565/565/565 566/566/566 568/568/568
f 566/566/566 567/567/567 569/569/569
f 566/566/566 570/570/570 568/568/568
f 569/569/569 570/570/570 566/566/566
f 573/573/573 572/572/572 571/571/571
f 574/574/574 573/573/573 571/571/571
f 572/572/572 573/573/573 575/575/575
f 573/573/573 574/574/574 576/576/576
f 573/573/573 577/577/577 575/575/575
f 576/576/576 577/577/577 573/573/573
f 580/580/580 579/579/579 578/578/578
f 579/579/579 581/581/581 578/578/578
f 579/579/579 580/580/580 582/582/582
f 579/579/579 583/583/583 581/581/581
f 582/582/582 584/584/584 579/579/579
f 579/579/579 584/584/584 583/583/583
f 587/587/587 586/586/586 585/585/585
f 587/587/587 585/585/585 588/588/588
f 589/589/589 585/585/585 586/586/586
f 585/585/585 590/590/590 588/588/588
f 585/585/585 589/589/589 591/591/591
f 591/591/591 590/590/590 585/585/585
f 594/594/594 593/593/593 592/592/592
f 594/594/594 592/592/592 595/595/595
f 596/596/596 593/593/593 594/594/594
f 594/594/594 595/595/595 597/597/597
f 594/594/594 598/598/598 596/596/596
f 598/598/598 594/594/594 597/597/597
f 601/601/601 600/600/600 599/599/599
f 600/600/600 602/602/602 599/599/599
f 603/603/603 600/600/600 601/601/601
f 599/599/599 602/602/602 604/604/604
f 605/605/605 603/603/603 601/601/601
f 602/602/602 606/606/606 604/604/604
f 607/607/607 603/603/603 605/605/605
f 604/604/604 606/606/606 608/608/608
f 609/609/609 607/607/607 605/605/605
f 606/606/606 610/610/610 608/608/608
f 611/611/611 607/607/607 609/609/609
f 608/608/608 610/610/610 612/612/612
f 613/613/613 611/611/611 609/609/609
f 610/610/610 614/614/614 612/612/612
f 614/614/614 611/611/611 613/613/613
f 612/612/612 614/614/614 613/613/613
f 617/617/617 616/616/616 615/615/615
f 616/616/616 618/618/618 615/615/615
f 619/619/619 616/616/616 617/617/617
f 615/615/615 618/618/618 620/620/620
f 621/621/621 619/619/619 617/617/617
f 618/618/618 622/622/622 620/620/620
f 623/623/623 619/619/619 621/621/621
f 620/620/620 622/622/622 624/624/624
f 625/625/625 623/623/623 621/621/621
f 622/622/622 626/626/626 624/624/624
f 627/627/627 623/623/623 625/625/625
f 624/624/624 626/626/626 628/628/628
f 629/629/629 627/627/627 625/625/625
f 626/626/626 630/630/630 628/628/628
f 630/630/630 627/627/627 629/629/629
f 628/628/628 630/630/630 629/629/629
f 633/633/633 632/632/632 631/631/631
f 632/632/632 634/634/634 631/631/631
f 635/635/635 632/632/632 633/633/633
f 631/631/631 634/634/634 636/636/636
f 637/637/637 635/635/635 633/633/633
f 634/634/634 638/638/638 636/636/636
f 639/639/639 635/635/635 637/637/637
f 636/636/636 638/638/638 640/640/640
f 641/641/641 639/639/639 637/637/637
f 638/638/638 642/642/642 640/640/640
f 643/643/643 639/639/639 641/641/641
f 640/640/640 642/642/642 644/644/644
f 645/645/645 643/643/643 641/641/641
f 642/642/642 646/646/646 644/644/644
f 646/646/646 643/643/643 645/645/645
f 644/644/644 646/646/646 645/645/645
f 649/649/649 648/648/648 647/647/647
f 648/648/648 650/650/650 647/647/647
f 651/651/651 648/648/648 649/649/649
f 647/647/647 650/650/650 652/652/652
f 653/653/653 651/651/651 649/649/649
f 650/650/650 654/654/654 652/652/652
f 655/655/655 651/651/651 653/653/653
f 652/652/652 654/654/654 656/656/656
f 657/657/657 655/655/655 653/653/653
f 654/654/654 658/658/658 656/656/656
f 659/659/659 655/655/655 657/657/657
f 656/656/656 658/658/658 660/660/660
f 661/661/661 659/659/659 657/657/657
f 658/658/658 662/662/662 660/660/660
f 662/662/662 659/659/659 661/661/661
f 660/660/660 662/662/662 661/661/661
f 665/665/665 664/664/664 663/663/663
f 664/664/664 666/666/666 663/663/663
f 667/667/667 664/664/664 665/665/665
f 663/663/663 666/666/666 668/668/668
f 669/669/669 667/667/667 665/665/665
f 666/666/666 670/670/670 668/668/668
f 671/671/671 667/667/667 669/669/669
f 668/668/668 670/670/670 672/672/672
f 673/673/673 671/671/671 669/669/669
f 670/670/670 674/674/674 672/672/672
f 675/675/675 671/671/671 673/673/673
f 672/672/672 674/674/674 676/676/676
f 677/677/677 675/675/675 673/673/673
f 674/674/674 678/678/678 676/676/676
f 678/678/678 675/675/675 677/677/677
f 676/676/676 678/678/678 677/677/677
f 681/681/681 680/680/680 679/679/679
f 680/680/680 682/682/682 679/679/679
f 683/683/683 680/680/680 681/681/681
f 679/679/679 682/682/682 684/684/684
f 685/685/685 683/683/683 681/681/681
f 682/682/682 686/686/686 684/684/684
f 687/687/687 683/683/683 685/685/685
f 684/684/684 686/686/686 688/688/688
f 689/689/689 687/687/687 685/685/685
f 686/686/686 690/690/690 688/688/688
f 691/691/691 687/687/687 689/689/689
f 688/688/688 690/690/690 692/692/692
f 693/693/693 691/691/691 689/689/689
f 690/690/690 694/694/694 692/692/692
f 694/694/694 691/691/691 693/693/693
f 692/692/692 694/694/694 693/693/693
f 697/697/697 696/696/696 695/695/695
f 696/696/696 698/698/698 695/695/695
f 699/699/699 696/696/696 697/697/697
f 695/695/695 698/698/698 700/700/700
f 701/701/701 699/699/699 697/697/697
f 698/698/698 702/702/702 700/700/700
f 703/703/703 699/699/699 701/701/701
f 700/700/700 702/702/702 704/704/704
f 705/705/705 703/703/703 701/701/701
f 702/702/702 706/706/706 704/704/704
f 707/707/707 703/703/703 705/705/705
f 704/704/704 706/706/706 708/708/708
f 709/709/709 707/707/707 705/705/705
f 706/706/706 710/710/710 708/708/708
f 710/710/710 707/707/707 709/709/709
f 708/708/708 710/710/710 709/709/709
f 713/713/713 712/712/712 711/711/711
f 712/712/712 714/714/714 711/711/711
f 715/715/715 712/712/712 713/713/713
f 711/711/711 714/714/714 716/716/716
f 717/717/717 715/715/715 713/713/713
f 714/714/714 718/718/718 716/716/716
f 719/719/719 715/715/715 717/717/717
f 716/716/716 718/718/718 720/720/720
f 721/721/721 719/719/719 717/717/717
f 718/718/718 722/722/722 720/720/720
f 723/723/723 719/719/719 721/721/721
f 720/720/720 722/722/722 724/724/724
f 725/725/725 723/723/723 721/721/721
f 722/722/722 726/726/726 724/724/724
f 726/726/726 723/723/723 725/725/725
f 724/724/724 726/726/726 725/725/725
f 729/729/729 728/728/728 727/727/727
f 730/730/730 729/729/729 727/727/727
f 727/727/727 728/728/728 731/731/731
f 732/732/732 729/729/729 730/730/730
f 728/728/728 733/733/733 731/731/731
f 734/734/734 732/732/732 730/730/730
f 731/731/731 733/733/733 735/735/735
f 736/736/736 732/732/732 734/734/734
f 733/733/733 737/737/737 735/735/735
f 738/738/738 736/736/736 734/734/734
f 735/735/735 737/737/737 739/739/739
f 740/740/740 736/736/736 738/738/738
f 737/737/737 741/741/741 739/739/739
f 742/742/742 740/740/740 738/738/738
f 739/739/739 741/741/741 742/742/742
f 741/741/741 740/740/740 742/742/742
f 745/745/745 744/744/744 743/743/743
f 746/746/746 745/745/745 743/743/743
f 743/743/743 744/744/744 747/747/747
f 748/748/748 745/745/745 746/746/746
f 744/744/744 749/749/749 747/747/747
f 750/750/750 748/748/748 746/746/746
f 747/747/747 749/749/749 751/751/751
f 752/752/752 748/748/748 750/750/750
f 749/749/749 753/753/753 751/751/751
f 754/754/754 752/752/752 750/750/750
f 751/751/751 753/753/753 755/755/755
f 756/756/756 752/752/752 754/754/754
f 753/753/753 757/757/757 755/755/755
f 758/758/758 756/756/756 754/754/754
f 755/755/755 757/757/757 758/758/758
f 757/757/757 756/756/756 758/758/758
